Command line invocation:
    /Applications/Xcode.app/Contents/Developer/usr/bin/xcodebuild -project Chatlio.xcodeproj -scheme Chatlio -sdk iphonesimulator -destination "platform=iOS Simulator,id=9A61A3BE-6F25-4DF4-9709-C0BF9F4EFE59" -parallelizeTargets -allowProvisioningUpdates -configuration Debug build

Build settings from command line:
    SDKROOT = iphonesimulator26.4

Resolve Package Graph


Resolved source packages:
  swift-numerics: https://github.com/apple/swift-numerics.git @ 1.1.1
  AnalyticsEvents: https://github.com/matrix-org/matrix-analytics-events @ 0.30.0
  swiftui-introspect: https://github.com/siteline/SwiftUI-Introspect @ 26.0.1
  SwiftState: https://github.com/ReactKit/SwiftState @ 6.0.1
  DSWaveformImage: https://github.com/dmrschmidt/DSWaveformImage @ 14.2.2
  GZIP: https://github.com/nicklockwood/GZIP @ 1.3.2
  LoremSwiftum: https://github.com/lukaskubanek/LoremSwiftum @ 2.2.3
  DTCoreText: https://github.com/Cocoanetics/DTCoreText @ 1.6.26
  KeychainAccess: https://github.com/kishikawakatsumi/KeychainAccess @ 4.2.2
  DeviceKit: https://github.com/devicekit/DeviceKit @ 5.7.0
  CompoundDesignTokens: https://github.com/element-hq/compound-design-tokens @ 8.0.0
  Dynamic: https://github.com/mhdhejazi/Dynamic @ 1.2.0
  SFSafeSymbols: https://github.com/SFSafeSymbols/SFSafeSymbols @ 7.0.0
  Emojibase: https://github.com/matrix-org/emojibase-bindings @ 1.5.0
  Flow: https://github.com/tevelee/SwiftUI-Flow.git @ 3.1.1
  xctest-dynamic-overlay: https://github.com/pointfreeco/xctest-dynamic-overlay @ 1.9.0
  Kingfisher: https://github.com/onevcat/Kingfisher @ 8.6.2
  Sentry: https://github.com/getsentry/sentry-cocoa @ 9.2.0
  swift-collections: https://github.com/apple/swift-collections @ 1.3.0
  MatrixRustSDK: /Users/aadityasingh/Documents/Development/matrix-rust-sdk-local
  SwiftOGG: https://github.com/element-hq/swift-ogg @ 0.0.3
  swift-custom-dump: https://github.com/pointfreeco/swift-custom-dump @ 1.5.0
  KZFileWatchers: https://github.com/krzysztofzablocki/KZFileWatchers @ 1.2.0
  swift-concurrency-extras: https://github.com/pointfreeco/swift-concurrency-extras @ 1.3.2
  Version: https://github.com/mxcl/Version @ 2.2.1
  YbridOgg: https://github.com/vector-im/ogg-swift.git @ 0.8.3
  DTFoundation: https://github.com/Cocoanetics/DTFoundation.git @ 1.7.19
  WysiwygComposer: https://github.com/element-hq/matrix-rich-text-editor-swift @ 2.41.0
  swift-snapshot-testing: https://github.com/pointfreeco/swift-snapshot-testing @ 1.18.7
  swift-clocks: https://github.com/pointfreeco/swift-clocks @ 1.0.6
  SwiftSoup: https://github.com/scinfu/SwiftSoup.git @ 2.11.3
  swift-syntax: https://github.com/swiftlang/swift-syntax @ 602.0.0
  EmbeddedElementCall: https://github.com/element-hq/element-call-swift @ 0.17.0
  LRUCache: https://github.com/nicklockwood/LRUCache @ 1.2.1
  PostHog: https://github.com/PostHog/posthog-ios @ 3.37.2
  MapLibre Native: https://github.com/maplibre/maplibre-gl-native-distribution @ 6.22.1
  swift-algorithms: https://github.com/apple/swift-algorithms @ 1.2.1
  Compound: /Users/aadityasingh/Documents/Development/element-x-ios/compound-ios
  YbridOpus: https://github.com/vector-im/opus-swift @ 0.8.4
  swift-atomics: https://github.com/apple/swift-atomics.git @ 1.3.0
  swift-async-algorithms: https://github.com/apple/swift-async-algorithms @ 1.1.3

ComputePackagePrebuildTargetDependencyGraph

Prepare packages

CreateBuildRequest

SendProjectDescription

CreateBuildOperation

ComputeTargetDependencyGraph
note: Building targets in dependency order
note: Target dependency graph (94 targets)
    Target 'Chatlio' in project 'Chatlio'
        ➜ Explicit dependency on target 'NSE' in project 'Chatlio'
        ➜ Explicit dependency on target 'ShareExtension' in project 'Chatlio'
        ➜ Explicit dependency on target 'MatrixRustSDK' in project 'MatrixRustSDK'
        ➜ Explicit dependency on target 'Compound' in project 'Compound'
        ➜ Explicit dependency on target 'Algorithms' in project 'swift-algorithms'
        ➜ Explicit dependency on target 'AsyncAlgorithms' in project 'swift-async-algorithms'
        ➜ Explicit dependency on target 'AnalyticsEvents' in project 'AnalyticsEvents'
        ➜ Explicit dependency on target 'Collections' in project 'swift-collections'
        ➜ Explicit dependency on target 'DeviceKit' in project 'DeviceKit'
        ➜ Explicit dependency on target 'EmbeddedElementCall' in project 'EmbeddedElementCall'
        ➜ Explicit dependency on target 'KeychainAccess' in project 'KeychainAccess'
        ➜ Explicit dependency on target 'Kingfisher' in project 'Kingfisher'
        ➜ Explicit dependency on target 'KZFileWatchers' in project 'KZFileWatchers'
        ➜ Explicit dependency on target 'LoremSwiftum' in project 'LoremSwiftum'
        ➜ Explicit dependency on target 'LRUCache' in project 'LRUCache'
        ➜ Explicit dependency on target 'MapLibre' in project 'MapLibre Native'
        ➜ Explicit dependency on target 'PostHog' in project 'PostHog'
        ➜ Explicit dependency on target 'SwiftState' in project 'SwiftState'
        ➜ Explicit dependency on target 'GZIP' in project 'GZIP'
        ➜ Explicit dependency on target 'Sentry' in project 'Sentry'
        ➜ Explicit dependency on target 'SentrySwiftUI' in project 'Sentry'
        ➜ Explicit dependency on target 'Version' in project 'Version'
        ➜ Explicit dependency on target 'Emojibase' in project 'Emojibase'
        ➜ Explicit dependency on target 'WysiwygComposer' in project 'WysiwygComposer'
        ➜ Explicit dependency on target 'SwiftOGG' in project 'SwiftOGG'
        ➜ Explicit dependency on target 'SwiftSoup' in project 'SwiftSoup'
        ➜ Explicit dependency on target 'Flow' in project 'Flow'
        ➜ Explicit dependency on target 'DSWaveformImageViews' in project 'DSWaveformImage'
    Target 'DSWaveformImageViews' in project 'DSWaveformImage'
        ➜ Explicit dependency on target 'DSWaveformImageViews' in project 'DSWaveformImage'
        ➜ Explicit dependency on target 'DSWaveformImage' in project 'DSWaveformImage'
    Target 'DSWaveformImageViews' in project 'DSWaveformImage'
        ➜ Explicit dependency on target 'DSWaveformImage' in project 'DSWaveformImage'
    Target 'DSWaveformImage' in project 'DSWaveformImage' (no dependencies)
    Target 'Flow' in project 'Flow'
        ➜ Explicit dependency on target 'Flow' in project 'Flow'
    Target 'Flow' in project 'Flow' (no dependencies)
    Target 'SwiftOGG' in project 'SwiftOGG'
        ➜ Explicit dependency on target 'SwiftOGG' in project 'SwiftOGG'
        ➜ Explicit dependency on target 'Copustools' in project 'SwiftOGG'
        ➜ Explicit dependency on target 'YbridOpus' in project 'YbridOpus'
        ➜ Explicit dependency on target 'YbridOgg' in project 'YbridOgg'
    Target 'SwiftOGG' in project 'SwiftOGG'
        ➜ Explicit dependency on target 'Copustools' in project 'SwiftOGG'
        ➜ Explicit dependency on target 'YbridOpus' in project 'YbridOpus'
        ➜ Explicit dependency on target 'YbridOgg' in project 'YbridOgg'
    Target 'YbridOgg' in project 'YbridOgg' (no dependencies)
    Target 'YbridOpus' in project 'YbridOpus' (no dependencies)
    Target 'Copustools' in project 'SwiftOGG' (no dependencies)
    Target 'WysiwygComposer' in project 'WysiwygComposer'
        ➜ Explicit dependency on target 'WysiwygComposer' in project 'WysiwygComposer'
        ➜ Explicit dependency on target 'DTCoreTextExtended' in project 'WysiwygComposer'
        ➜ Explicit dependency on target 'HTMLParser' in project 'WysiwygComposer'
        ➜ Explicit dependency on target 'DTCoreText' in project 'DTCoreText'
    Target 'WysiwygComposer' in project 'WysiwygComposer'
        ➜ Explicit dependency on target 'DTCoreTextExtended' in project 'WysiwygComposer'
        ➜ Explicit dependency on target 'HTMLParser' in project 'WysiwygComposer'
        ➜ Explicit dependency on target 'DTCoreText' in project 'DTCoreText'
    Target 'HTMLParser' in project 'WysiwygComposer'
        ➜ Explicit dependency on target 'DTCoreTextExtended' in project 'WysiwygComposer'
        ➜ Explicit dependency on target 'DTCoreText' in project 'DTCoreText'
    Target 'DTCoreTextExtended' in project 'WysiwygComposer'
        ➜ Explicit dependency on target 'DTCoreText' in project 'DTCoreText'
    Target 'DTCoreText' in project 'DTCoreText'
        ➜ Explicit dependency on target 'DTCoreText' in project 'DTCoreText'
        ➜ Explicit dependency on target 'DTCoreText_DTCoreText' in project 'DTCoreText'
        ➜ Explicit dependency on target 'DTFoundation' in project 'DTFoundation'
    Target 'DTCoreText' in project 'DTCoreText'
        ➜ Explicit dependency on target 'DTCoreText_DTCoreText' in project 'DTCoreText'
        ➜ Explicit dependency on target 'DTFoundation' in project 'DTFoundation'
    Target 'DTFoundation' in project 'DTFoundation'
        ➜ Explicit dependency on target 'DTFoundation' in project 'DTFoundation'
    Target 'DTFoundation' in project 'DTFoundation' (no dependencies)
    Target 'DTCoreText_DTCoreText' in project 'DTCoreText' (no dependencies)
    Target 'Emojibase' in project 'Emojibase'
        ➜ Explicit dependency on target 'Emojibase' in project 'Emojibase'
        ➜ Explicit dependency on target 'Emojibase_Emojibase' in project 'Emojibase'
    Target 'Emojibase' in project 'Emojibase'
        ➜ Explicit dependency on target 'Emojibase_Emojibase' in project 'Emojibase'
    Target 'Emojibase_Emojibase' in project 'Emojibase' (no dependencies)
    Target 'SentrySwiftUI' in project 'Sentry'
        ➜ Explicit dependency on target 'SentrySwiftUI' in project 'Sentry'
        ➜ Explicit dependency on target 'SentryCppHelper' in project 'Sentry'
        ➜ Explicit dependency on target 'SentryInternal' in project 'Sentry'
    Target 'SentrySwiftUI' in project 'Sentry'
        ➜ Explicit dependency on target 'SentryInternal' in project 'Sentry'
    Target 'SentryInternal' in project 'Sentry' (no dependencies)
    Target 'Sentry' in project 'Sentry'
        ➜ Explicit dependency on target 'SentryCppHelper' in project 'Sentry'
    Target 'SentryCppHelper' in project 'Sentry' (no dependencies)
    Target 'GZIP' in project 'GZIP'
        ➜ Explicit dependency on target 'GZIP' in project 'GZIP'
    Target 'GZIP' in project 'GZIP' (no dependencies)
    Target 'SwiftState' in project 'SwiftState'
        ➜ Explicit dependency on target 'SwiftState' in project 'SwiftState'
    Target 'SwiftState' in project 'SwiftState' (no dependencies)
    Target 'PostHog' in project 'PostHog'
        ➜ Explicit dependency on target 'PostHog' in project 'PostHog'
        ➜ Explicit dependency on target 'PostHog_PostHog' in project 'PostHog'
        ➜ Explicit dependency on target 'phlibwebp' in project 'PostHog'
    Target 'PostHog' in project 'PostHog'
        ➜ Explicit dependency on target 'PostHog_PostHog' in project 'PostHog'
        ➜ Explicit dependency on target 'phlibwebp' in project 'PostHog'
    Target 'phlibwebp' in project 'PostHog' (no dependencies)
    Target 'PostHog_PostHog' in project 'PostHog' (no dependencies)
    Target 'MapLibre' in project 'MapLibre Native' (no dependencies)
    Target 'LoremSwiftum' in project 'LoremSwiftum'
        ➜ Explicit dependency on target 'LoremSwiftum' in project 'LoremSwiftum'
    Target 'LoremSwiftum' in project 'LoremSwiftum' (no dependencies)
    Target 'KZFileWatchers' in project 'KZFileWatchers'
        ➜ Explicit dependency on target 'KZFileWatchers' in project 'KZFileWatchers'
    Target 'KZFileWatchers' in project 'KZFileWatchers' (no dependencies)
    Target 'EmbeddedElementCall' in project 'EmbeddedElementCall'
        ➜ Explicit dependency on target 'EmbeddedElementCall' in project 'EmbeddedElementCall'
        ➜ Explicit dependency on target 'EmbeddedElementCall_EmbeddedElementCall' in project 'EmbeddedElementCall'
    Target 'EmbeddedElementCall' in project 'EmbeddedElementCall'
        ➜ Explicit dependency on target 'EmbeddedElementCall_EmbeddedElementCall' in project 'EmbeddedElementCall'
    Target 'EmbeddedElementCall_EmbeddedElementCall' in project 'EmbeddedElementCall' (no dependencies)
    Target 'AnalyticsEvents' in project 'AnalyticsEvents'
        ➜ Explicit dependency on target 'AnalyticsEvents' in project 'AnalyticsEvents'
    Target 'AnalyticsEvents' in project 'AnalyticsEvents' (no dependencies)
    Target 'AsyncAlgorithms' in project 'swift-async-algorithms'
        ➜ Explicit dependency on target 'AsyncAlgorithms' in project 'swift-async-algorithms'
        ➜ Explicit dependency on target 'OrderedCollections' in project 'swift-collections'
        ➜ Explicit dependency on target 'DequeModule' in project 'swift-collections'
    Target 'AsyncAlgorithms' in project 'swift-async-algorithms'
        ➜ Explicit dependency on target 'OrderedCollections' in project 'swift-collections'
        ➜ Explicit dependency on target 'DequeModule' in project 'swift-collections'
    Target 'DequeModule' in project 'swift-collections'
        ➜ Explicit dependency on target 'DequeModule' in project 'swift-collections'
        ➜ Explicit dependency on target 'InternalCollectionsUtilities' in project 'swift-collections'
    Target 'OrderedCollections' in project 'swift-collections'
        ➜ Explicit dependency on target 'OrderedCollections' in project 'swift-collections'
        ➜ Explicit dependency on target 'InternalCollectionsUtilities' in project 'swift-collections'
    Target 'Algorithms' in project 'swift-algorithms'
        ➜ Explicit dependency on target 'Algorithms' in project 'swift-algorithms'
        ➜ Explicit dependency on target 'RealModule' in project 'swift-numerics'
    Target 'Algorithms' in project 'swift-algorithms'
        ➜ Explicit dependency on target 'RealModule' in project 'swift-numerics'
    Target 'RealModule' in project 'swift-numerics'
        ➜ Explicit dependency on target 'RealModule' in project 'swift-numerics'
        ➜ Explicit dependency on target '_NumericsShims' in project 'swift-numerics'
    Target 'RealModule' in project 'swift-numerics'
        ➜ Explicit dependency on target '_NumericsShims' in project 'swift-numerics'
    Target '_NumericsShims' in project 'swift-numerics' (no dependencies)
    Target 'ShareExtension' in project 'Chatlio'
        ➜ Explicit dependency on target 'MatrixRustSDK' in project 'MatrixRustSDK'
        ➜ Explicit dependency on target 'Compound' in project 'Compound'
        ➜ Explicit dependency on target 'Collections' in project 'swift-collections'
        ➜ Explicit dependency on target 'KeychainAccess' in project 'KeychainAccess'
    Target 'NSE' in project 'Chatlio'
        ➜ Explicit dependency on target 'MatrixRustSDK' in project 'MatrixRustSDK'
        ➜ Explicit dependency on target 'KeychainAccess' in project 'KeychainAccess'
        ➜ Explicit dependency on target 'Kingfisher' in project 'Kingfisher'
        ➜ Explicit dependency on target 'Collections' in project 'swift-collections'
        ➜ Explicit dependency on target 'Compound' in project 'Compound'
        ➜ Explicit dependency on target 'DeviceKit' in project 'DeviceKit'
        ➜ Explicit dependency on target 'LRUCache' in project 'LRUCache'
        ➜ Explicit dependency on target 'Version' in project 'Version'
        ➜ Explicit dependency on target 'SwiftSoup' in project 'SwiftSoup'
    Target 'SwiftSoup' in project 'SwiftSoup'
        ➜ Explicit dependency on target 'SwiftSoup' in project 'SwiftSoup'
        ➜ Explicit dependency on target 'LRUCache' in project 'LRUCache'
        ➜ Explicit dependency on target 'Atomics' in project 'swift-atomics'
    Target 'SwiftSoup' in project 'SwiftSoup'
        ➜ Explicit dependency on target 'LRUCache' in project 'LRUCache'
        ➜ Explicit dependency on target 'Atomics' in project 'swift-atomics'
    Target 'Atomics' in project 'swift-atomics'
        ➜ Explicit dependency on target 'Atomics' in project 'swift-atomics'
        ➜ Explicit dependency on target '_AtomicsShims' in project 'swift-atomics'
    Target 'Atomics' in project 'swift-atomics'
        ➜ Explicit dependency on target '_AtomicsShims' in project 'swift-atomics'
    Target '_AtomicsShims' in project 'swift-atomics' (no dependencies)
    Target 'Version' in project 'Version'
        ➜ Explicit dependency on target 'Version' in project 'Version'
    Target 'Version' in project 'Version' (no dependencies)
    Target 'LRUCache' in project 'LRUCache'
        ➜ Explicit dependency on target 'LRUCache' in project 'LRUCache'
    Target 'LRUCache' in project 'LRUCache' (no dependencies)
    Target 'DeviceKit' in project 'DeviceKit'
        ➜ Explicit dependency on target 'DeviceKit' in project 'DeviceKit'
        ➜ Explicit dependency on target 'DeviceKit_DeviceKit' in project 'DeviceKit'
    Target 'DeviceKit' in project 'DeviceKit'
        ➜ Explicit dependency on target 'DeviceKit_DeviceKit' in project 'DeviceKit'
    Target 'DeviceKit_DeviceKit' in project 'DeviceKit' (no dependencies)
    Target 'Compound' in project 'Compound'
        ➜ Explicit dependency on target 'Compound' in project 'Compound'
        ➜ Explicit dependency on target 'CompoundDesignTokens' in project 'CompoundDesignTokens'
        ➜ Explicit dependency on target 'SwiftUIIntrospect' in project 'swiftui-introspect'
        ➜ Explicit dependency on target 'SFSafeSymbols' in project 'SFSafeSymbols'
    Target 'Compound' in project 'Compound'
        ➜ Explicit dependency on target 'CompoundDesignTokens' in project 'CompoundDesignTokens'
        ➜ Explicit dependency on target 'SwiftUIIntrospect' in project 'swiftui-introspect'
        ➜ Explicit dependency on target 'SFSafeSymbols' in project 'SFSafeSymbols'
    Target 'SFSafeSymbols' in project 'SFSafeSymbols'
        ➜ Explicit dependency on target 'SFSafeSymbols' in project 'SFSafeSymbols'
    Target 'SFSafeSymbols' in project 'SFSafeSymbols' (no dependencies)
    Target 'SwiftUIIntrospect' in project 'swiftui-introspect'
        ➜ Explicit dependency on target 'SwiftUIIntrospect' in project 'swiftui-introspect'
    Target 'SwiftUIIntrospect' in project 'swiftui-introspect' (no dependencies)
    Target 'CompoundDesignTokens' in project 'CompoundDesignTokens'
        ➜ Explicit dependency on target 'CompoundDesignTokens' in project 'CompoundDesignTokens'
        ➜ Explicit dependency on target 'CompoundDesignTokens_CompoundDesignTokens' in project 'CompoundDesignTokens'
    Target 'CompoundDesignTokens' in project 'CompoundDesignTokens'
        ➜ Explicit dependency on target 'CompoundDesignTokens_CompoundDesignTokens' in project 'CompoundDesignTokens'
    Target 'CompoundDesignTokens_CompoundDesignTokens' in project 'CompoundDesignTokens' (no dependencies)
    Target 'Collections' in project 'swift-collections'
        ➜ Explicit dependency on target 'Collections' in project 'swift-collections'
        ➜ Explicit dependency on target 'InternalCollectionsUtilities' in project 'swift-collections'
        ➜ Explicit dependency on target 'BitCollections' in project 'swift-collections'
        ➜ Explicit dependency on target 'DequeModule' in project 'swift-collections'
        ➜ Explicit dependency on target 'HashTreeCollections' in project 'swift-collections'
        ➜ Explicit dependency on target 'HeapModule' in project 'swift-collections'
        ➜ Explicit dependency on target 'OrderedCollections' in project 'swift-collections'
        ➜ Explicit dependency on target '_RopeModule' in project 'swift-collections'
    Target 'Collections' in project 'swift-collections'
        ➜ Explicit dependency on target 'InternalCollectionsUtilities' in project 'swift-collections'
        ➜ Explicit dependency on target 'BitCollections' in project 'swift-collections'
        ➜ Explicit dependency on target 'DequeModule' in project 'swift-collections'
        ➜ Explicit dependency on target 'HashTreeCollections' in project 'swift-collections'
        ➜ Explicit dependency on target 'HeapModule' in project 'swift-collections'
        ➜ Explicit dependency on target 'OrderedCollections' in project 'swift-collections'
        ➜ Explicit dependency on target '_RopeModule' in project 'swift-collections'
    Target '_RopeModule' in project 'swift-collections'
        ➜ Explicit dependency on target 'InternalCollectionsUtilities' in project 'swift-collections'
    Target 'OrderedCollections' in project 'swift-collections'
        ➜ Explicit dependency on target 'InternalCollectionsUtilities' in project 'swift-collections'
    Target 'HeapModule' in project 'swift-collections'
        ➜ Explicit dependency on target 'InternalCollectionsUtilities' in project 'swift-collections'
    Target 'HashTreeCollections' in project 'swift-collections'
        ➜ Explicit dependency on target 'InternalCollectionsUtilities' in project 'swift-collections'
    Target 'DequeModule' in project 'swift-collections'
        ➜ Explicit dependency on target 'InternalCollectionsUtilities' in project 'swift-collections'
    Target 'BitCollections' in project 'swift-collections'
        ➜ Explicit dependency on target 'InternalCollectionsUtilities' in project 'swift-collections'
    Target 'InternalCollectionsUtilities' in project 'swift-collections' (no dependencies)
    Target 'Kingfisher' in project 'Kingfisher'
        ➜ Explicit dependency on target 'Kingfisher' in project 'Kingfisher'
        ➜ Explicit dependency on target 'Kingfisher_Kingfisher' in project 'Kingfisher'
    Target 'Kingfisher' in project 'Kingfisher'
        ➜ Explicit dependency on target 'Kingfisher_Kingfisher' in project 'Kingfisher'
    Target 'Kingfisher_Kingfisher' in project 'Kingfisher' (no dependencies)
    Target 'KeychainAccess' in project 'KeychainAccess'
        ➜ Explicit dependency on target 'KeychainAccess' in project 'KeychainAccess'
    Target 'KeychainAccess' in project 'KeychainAccess' (no dependencies)
    Target 'MatrixRustSDK' in project 'MatrixRustSDK'
        ➜ Explicit dependency on target 'MatrixRustSDK' in project 'MatrixRustSDK'
    Target 'MatrixRustSDK' in project 'MatrixRustSDK' (no dependencies)

GatherProvisioningInputs

CreateBuildDescription

ExecuteExternalTool /Applications/Xcode.app/Contents/Developer/Toolchains/XcodeDefault.xctoolchain/usr/bin/swiftc --version

ExecuteExternalTool /Applications/Xcode.app/Contents/Developer/Toolchains/XcodeDefault.xctoolchain/usr/bin/ld -version_details

ExecuteExternalTool /Applications/Xcode.app/Contents/Developer/usr/bin/actool --version --output-format xml1

ExecuteExternalTool /Applications/Xcode.app/Contents/Developer/Toolchains/XcodeDefault.xctoolchain/usr/bin/clang -v -E -dM -arch arm64 -isysroot /Applications/Xcode.app/Contents/Developer/Platforms/iPhoneSimulator.platform/Developer/SDKs/iPhoneSimulator26.4.sdk -x c -c /dev/null

ExecuteExternalTool /Applications/Xcode.app/Contents/Developer/Toolchains/XcodeDefault.xctoolchain/usr/bin/clang -v -E -dM -arch arm64 -isysroot /Applications/Xcode.app/Contents/Developer/Platforms/iPhoneSimulator.platform/Developer/SDKs/iPhoneSimulator26.4.sdk -x objective-c -c /dev/null

ExecuteExternalTool /Applications/Xcode.app/Contents/Developer/Toolchains/XcodeDefault.xctoolchain/usr/bin/clang -v -E -dM -isysroot /Applications/Xcode.app/Contents/Developer/Platforms/iPhoneSimulator.platform/Developer/SDKs/iPhoneSimulator26.4.sdk -x c -c /dev/null

ReadFileContents /Applications/Xcode.app/Contents/Developer/Toolchains/XcodeDefault.xctoolchain/usr/share/docc/features.json

ExecuteExternalTool /Applications/Xcode.app/Contents/Developer/usr/bin/actool --print-asset-tag-combinations --output-format xml1 /Users/aadityasingh/Documents/Development/element-x-ios/Chatlio/Resources/AppIcon.icon /Users/aadityasingh/Documents/Development/element-x-ios/Chatlio/Resources/Assets.xcassets

Build description signature: 3f13775e90b96d0537ee53489814f0a0
Build description path: /Users/aadityasingh/Library/Developer/Xcode/DerivedData/Chatlio-erkyzdeecsohoaggpwbjdvavzqfv/Build/Intermediates.noindex/XCBuildData/3f13775e90b96d0537ee53489814f0a0.xcbuilddata
ClangStatCache /Applications/Xcode.app/Contents/Developer/Toolchains/XcodeDefault.xctoolchain/usr/bin/clang-stat-cache /Applications/Xcode.app/Contents/Developer/Platforms/iPhoneSimulator.platform/Developer/SDKs/iPhoneSimulator26.4.sdk /Users/aadityasingh/Library/Developer/Xcode/DerivedData/SDKStatCaches.noindex/iphonesimulator26.4-23E252-686eebb5dc1d8ecb277353a59184f4aa.sdkstatcache
    cd /Users/aadityasingh/Documents/Development/element-x-ios/Chatlio.xcodeproj
    /Applications/Xcode.app/Contents/Developer/Toolchains/XcodeDefault.xctoolchain/usr/bin/clang-stat-cache /Applications/Xcode.app/Contents/Developer/Platforms/iPhoneSimulator.platform/Developer/SDKs/iPhoneSimulator26.4.sdk -o /Users/aadityasingh/Library/Developer/Xcode/DerivedData/SDKStatCaches.noindex/iphonesimulator26.4-23E252-686eebb5dc1d8ecb277353a59184f4aa.sdkstatcache

WriteAuxiliaryFile /Users/aadityasingh/Library/Developer/Xcode/DerivedData/Chatlio-erkyzdeecsohoaggpwbjdvavzqfv/Build/Intermediates.noindex/Chatlio.build/Debug-iphonesimulator/NSE.build/DerivedSources/Entitlements-Simulated.plist (in target 'NSE' from project 'Chatlio')
    cd /Users/aadityasingh/Documents/Development/element-x-ios
    write-file /Users/aadityasingh/Library/Developer/Xcode/DerivedData/Chatlio-erkyzdeecsohoaggpwbjdvavzqfv/Build/Intermediates.noindex/Chatlio.build/Debug-iphonesimulator/NSE.build/DerivedSources/Entitlements-Simulated.plist

WriteAuxiliaryFile /Users/aadityasingh/Library/Developer/Xcode/DerivedData/Chatlio-erkyzdeecsohoaggpwbjdvavzqfv/Build/Intermediates.noindex/Chatlio.build/Debug-iphonesimulator/ShareExtension.build/DerivedSources/Entitlements-Simulated.plist (in target 'ShareExtension' from project 'Chatlio')
    cd /Users/aadityasingh/Documents/Development/element-x-ios
    write-file /Users/aadityasingh/Library/Developer/Xcode/DerivedData/Chatlio-erkyzdeecsohoaggpwbjdvavzqfv/Build/Intermediates.noindex/Chatlio.build/Debug-iphonesimulator/ShareExtension.build/DerivedSources/Entitlements-Simulated.plist

CompileAssetCatalogVariant thinned /Users/aadityasingh/Library/Developer/Xcode/DerivedData/Chatlio-erkyzdeecsohoaggpwbjdvavzqfv/Build/Products/Debug-iphonesimulator/CompoundDesignTokens_CompoundDesignTokens.bundle /Users/aadityasingh/Library/Developer/Xcode/DerivedData/Chatlio-erkyzdeecsohoaggpwbjdvavzqfv/SourcePackages/checkouts/compound-design-tokens/assets/ios/swift/Colors.xcassets /Users/aadityasingh/Library/Developer/Xcode/DerivedData/Chatlio-erkyzdeecsohoaggpwbjdvavzqfv/SourcePackages/checkouts/compound-design-tokens/assets/ios/swift/Icons.xcassets (in target 'CompoundDesignTokens_CompoundDesignTokens' from project 'CompoundDesignTokens')
    cd /Users/aadityasingh/Library/Developer/Xcode/DerivedData/Chatlio-erkyzdeecsohoaggpwbjdvavzqfv/SourcePackages/checkouts/compound-design-tokens
    /Applications/Xcode.app/Contents/Developer/usr/bin/actool /Users/aadityasingh/Library/Developer/Xcode/DerivedData/Chatlio-erkyzdeecsohoaggpwbjdvavzqfv/SourcePackages/checkouts/compound-design-tokens/assets/ios/swift/Colors.xcassets /Users/aadityasingh/Library/Developer/Xcode/DerivedData/Chatlio-erkyzdeecsohoaggpwbjdvavzqfv/SourcePackages/checkouts/compound-design-tokens/assets/ios/swift/Icons.xcassets --compile /Users/aadityasingh/Library/Developer/Xcode/DerivedData/Chatlio-erkyzdeecsohoaggpwbjdvavzqfv/Build/Intermediates.noindex/CompoundDesignTokens.build/Debug-iphonesimulator/CompoundDesignTokens_CompoundDesignTokens.build/assetcatalog_output/thinned --output-format human-readable-text --notices --warnings --export-dependency-info /Users/aadityasingh/Library/Developer/Xcode/DerivedData/Chatlio-erkyzdeecsohoaggpwbjdvavzqfv/Build/Intermediates.noindex/CompoundDesignTokens.build/Debug-iphonesimulator/CompoundDesignTokens_CompoundDesignTokens.build/assetcatalog_dependencies_thinned --output-partial-info-plist /Users/aadityasingh/Library/Developer/Xcode/DerivedData/Chatlio-erkyzdeecsohoaggpwbjdvavzqfv/Build/Intermediates.noindex/CompoundDesignTokens.build/Debug-iphonesimulator/CompoundDesignTokens_CompoundDesignTokens.build/assetcatalog_generated_info.plist_thinned --compress-pngs --enable-on-demand-resources NO --filter-for-thinning-device-configuration iPad15,7 --filter-for-device-os-version 26.4.1 --development-region en --target-device iphone --target-device ipad --minimum-deployment-target 14.0 --platform iphonesimulator
/* com.apple.actool.compilation-results */
/Users/aadityasingh/Library/Developer/Xcode/DerivedData/Chatlio-erkyzdeecsohoaggpwbjdvavzqfv/Build/Intermediates.noindex/CompoundDesignTokens.build/Debug-iphonesimulator/CompoundDesignTokens_CompoundDesignTokens.build/assetcatalog_generated_info.plist_thinned
/Users/aadityasingh/Library/Developer/Xcode/DerivedData/Chatlio-erkyzdeecsohoaggpwbjdvavzqfv/Build/Intermediates.noindex/CompoundDesignTokens.build/Debug-iphonesimulator/CompoundDesignTokens_CompoundDesignTokens.build/assetcatalog_output/thinned/Assets.car


ProcessInfoPlistFile /Users/aadityasingh/Library/Developer/Xcode/DerivedData/Chatlio-erkyzdeecsohoaggpwbjdvavzqfv/Build/Products/Debug-iphonesimulator/Kingfisher_Kingfisher.bundle/Info.plist /Users/aadityasingh/Library/Developer/Xcode/DerivedData/Chatlio-erkyzdeecsohoaggpwbjdvavzqfv/Build/Intermediates.noindex/Kingfisher.build/Debug-iphonesimulator/Kingfisher_Kingfisher.build/empty-Kingfisher_Kingfisher.plist (in target 'Kingfisher_Kingfisher' from project 'Kingfisher')
    cd /Users/aadityasingh/Library/Developer/Xcode/DerivedData/Chatlio-erkyzdeecsohoaggpwbjdvavzqfv/SourcePackages/checkouts/Kingfisher
    builtin-infoPlistUtility /Users/aadityasingh/Library/Developer/Xcode/DerivedData/Chatlio-erkyzdeecsohoaggpwbjdvavzqfv/Build/Intermediates.noindex/Kingfisher.build/Debug-iphonesimulator/Kingfisher_Kingfisher.build/empty-Kingfisher_Kingfisher.plist -producttype com.apple.product-type.bundle -expandbuildsettings -format binary -platform iphonesimulator -o /Users/aadityasingh/Library/Developer/Xcode/DerivedData/Chatlio-erkyzdeecsohoaggpwbjdvavzqfv/Build/Products/Debug-iphonesimulator/Kingfisher_Kingfisher.bundle/Info.plist

ProcessInfoPlistFile /Users/aadityasingh/Library/Developer/Xcode/DerivedData/Chatlio-erkyzdeecsohoaggpwbjdvavzqfv/Build/Products/Debug-iphonesimulator/PostHog_PostHog.bundle/Info.plist /Users/aadityasingh/Library/Developer/Xcode/DerivedData/Chatlio-erkyzdeecsohoaggpwbjdvavzqfv/Build/Intermediates.noindex/PostHog.build/Debug-iphonesimulator/PostHog_PostHog.build/empty-PostHog_PostHog.plist (in target 'PostHog_PostHog' from project 'PostHog')
    cd /Users/aadityasingh/Library/Developer/Xcode/DerivedData/Chatlio-erkyzdeecsohoaggpwbjdvavzqfv/SourcePackages/checkouts/posthog-ios
    builtin-infoPlistUtility /Users/aadityasingh/Library/Developer/Xcode/DerivedData/Chatlio-erkyzdeecsohoaggpwbjdvavzqfv/Build/Intermediates.noindex/PostHog.build/Debug-iphonesimulator/PostHog_PostHog.build/empty-PostHog_PostHog.plist -producttype com.apple.product-type.bundle -expandbuildsettings -format binary -platform iphonesimulator -o /Users/aadityasingh/Library/Developer/Xcode/DerivedData/Chatlio-erkyzdeecsohoaggpwbjdvavzqfv/Build/Products/Debug-iphonesimulator/PostHog_PostHog.bundle/Info.plist

ProcessInfoPlistFile /Users/aadityasingh/Library/Developer/Xcode/DerivedData/Chatlio-erkyzdeecsohoaggpwbjdvavzqfv/Build/Products/Debug-iphonesimulator/Emojibase_Emojibase.bundle/Info.plist /Users/aadityasingh/Library/Developer/Xcode/DerivedData/Chatlio-erkyzdeecsohoaggpwbjdvavzqfv/Build/Intermediates.noindex/Emojibase.build/Debug-iphonesimulator/Emojibase_Emojibase.build/empty-Emojibase_Emojibase.plist (in target 'Emojibase_Emojibase' from project 'Emojibase')
    cd /Users/aadityasingh/Library/Developer/Xcode/DerivedData/Chatlio-erkyzdeecsohoaggpwbjdvavzqfv/SourcePackages/checkouts/emojibase-bindings
    builtin-infoPlistUtility /Users/aadityasingh/Library/Developer/Xcode/DerivedData/Chatlio-erkyzdeecsohoaggpwbjdvavzqfv/Build/Intermediates.noindex/Emojibase.build/Debug-iphonesimulator/Emojibase_Emojibase.build/empty-Emojibase_Emojibase.plist -producttype com.apple.product-type.bundle -expandbuildsettings -format binary -platform iphonesimulator -o /Users/aadityasingh/Library/Developer/Xcode/DerivedData/Chatlio-erkyzdeecsohoaggpwbjdvavzqfv/Build/Products/Debug-iphonesimulator/Emojibase_Emojibase.bundle/Info.plist

ProcessInfoPlistFile /Users/aadityasingh/Library/Developer/Xcode/DerivedData/Chatlio-erkyzdeecsohoaggpwbjdvavzqfv/Build/Products/Debug-iphonesimulator/EmbeddedElementCall_EmbeddedElementCall.bundle/Info.plist /Users/aadityasingh/Library/Developer/Xcode/DerivedData/Chatlio-erkyzdeecsohoaggpwbjdvavzqfv/Build/Intermediates.noindex/EmbeddedElementCall.build/Debug-iphonesimulator/EmbeddedElementCall_EmbeddedElementCall.build/empty-EmbeddedElementCall_EmbeddedElementCall.plist (in target 'EmbeddedElementCall_EmbeddedElementCall' from project 'EmbeddedElementCall')
    cd /Users/aadityasingh/Library/Developer/Xcode/DerivedData/Chatlio-erkyzdeecsohoaggpwbjdvavzqfv/SourcePackages/checkouts/element-call-swift
    builtin-infoPlistUtility /Users/aadityasingh/Library/Developer/Xcode/DerivedData/Chatlio-erkyzdeecsohoaggpwbjdvavzqfv/Build/Intermediates.noindex/EmbeddedElementCall.build/Debug-iphonesimulator/EmbeddedElementCall_EmbeddedElementCall.build/empty-EmbeddedElementCall_EmbeddedElementCall.plist -producttype com.apple.product-type.bundle -expandbuildsettings -format binary -platform iphonesimulator -o /Users/aadityasingh/Library/Developer/Xcode/DerivedData/Chatlio-erkyzdeecsohoaggpwbjdvavzqfv/Build/Products/Debug-iphonesimulator/EmbeddedElementCall_EmbeddedElementCall.bundle/Info.plist

ProcessInfoPlistFile /Users/aadityasingh/Library/Developer/Xcode/DerivedData/Chatlio-erkyzdeecsohoaggpwbjdvavzqfv/Build/Products/Debug-iphonesimulator/DTCoreText_DTCoreText.bundle/Info.plist /Users/aadityasingh/Library/Developer/Xcode/DerivedData/Chatlio-erkyzdeecsohoaggpwbjdvavzqfv/Build/Intermediates.noindex/DTCoreText.build/Debug-iphonesimulator/DTCoreText_DTCoreText.build/empty-DTCoreText_DTCoreText.plist (in target 'DTCoreText_DTCoreText' from project 'DTCoreText')
    cd /Users/aadityasingh/Library/Developer/Xcode/DerivedData/Chatlio-erkyzdeecsohoaggpwbjdvavzqfv/SourcePackages/checkouts/DTCoreText
    builtin-infoPlistUtility /Users/aadityasingh/Library/Developer/Xcode/DerivedData/Chatlio-erkyzdeecsohoaggpwbjdvavzqfv/Build/Intermediates.noindex/DTCoreText.build/Debug-iphonesimulator/DTCoreText_DTCoreText.build/empty-DTCoreText_DTCoreText.plist -producttype com.apple.product-type.bundle -expandbuildsettings -format binary -platform iphonesimulator -o /Users/aadityasingh/Library/Developer/Xcode/DerivedData/Chatlio-erkyzdeecsohoaggpwbjdvavzqfv/Build/Products/Debug-iphonesimulator/DTCoreText_DTCoreText.bundle/Info.plist

ProcessInfoPlistFile /Users/aadityasingh/Library/Developer/Xcode/DerivedData/Chatlio-erkyzdeecsohoaggpwbjdvavzqfv/Build/Products/Debug-iphonesimulator/DeviceKit_DeviceKit.bundle/Info.plist /Users/aadityasingh/Library/Developer/Xcode/DerivedData/Chatlio-erkyzdeecsohoaggpwbjdvavzqfv/Build/Intermediates.noindex/DeviceKit.build/Debug-iphonesimulator/DeviceKit_DeviceKit.build/empty-DeviceKit_DeviceKit.plist (in target 'DeviceKit_DeviceKit' from project 'DeviceKit')
    cd /Users/aadityasingh/Library/Developer/Xcode/DerivedData/Chatlio-erkyzdeecsohoaggpwbjdvavzqfv/SourcePackages/checkouts/DeviceKit
    builtin-infoPlistUtility /Users/aadityasingh/Library/Developer/Xcode/DerivedData/Chatlio-erkyzdeecsohoaggpwbjdvavzqfv/Build/Intermediates.noindex/DeviceKit.build/Debug-iphonesimulator/DeviceKit_DeviceKit.build/empty-DeviceKit_DeviceKit.plist -producttype com.apple.product-type.bundle -expandbuildsettings -format binary -platform iphonesimulator -o /Users/aadityasingh/Library/Developer/Xcode/DerivedData/Chatlio-erkyzdeecsohoaggpwbjdvavzqfv/Build/Products/Debug-iphonesimulator/DeviceKit_DeviceKit.bundle/Info.plist

WriteAuxiliaryFile /Users/aadityasingh/Library/Developer/Xcode/DerivedData/Chatlio-erkyzdeecsohoaggpwbjdvavzqfv/Build/Intermediates.noindex/Chatlio.build/Debug-iphonesimulator/Chatlio.build/DerivedSources/Entitlements-Simulated.plist (in target 'Chatlio' from project 'Chatlio')
    cd /Users/aadityasingh/Documents/Development/element-x-ios
    write-file /Users/aadityasingh/Library/Developer/Xcode/DerivedData/Chatlio-erkyzdeecsohoaggpwbjdvavzqfv/Build/Intermediates.noindex/Chatlio.build/Debug-iphonesimulator/Chatlio.build/DerivedSources/Entitlements-Simulated.plist

ProcessProductPackaging /Users/aadityasingh/Documents/Development/element-x-ios/NSE/SupportingFiles/NSE.entitlements /Users/aadityasingh/Library/Developer/Xcode/DerivedData/Chatlio-erkyzdeecsohoaggpwbjdvavzqfv/Build/Intermediates.noindex/Chatlio.build/Debug-iphonesimulator/NSE.build/NSE.appex.xcent (in target 'NSE' from project 'Chatlio')
    cd /Users/aadityasingh/Documents/Development/element-x-ios
    
    Entitlements:
    
    {
}
    
    builtin-productPackagingUtility /Users/aadityasingh/Documents/Development/element-x-ios/NSE/SupportingFiles/NSE.entitlements -entitlements -format xml -o /Users/aadityasingh/Library/Developer/Xcode/DerivedData/Chatlio-erkyzdeecsohoaggpwbjdvavzqfv/Build/Intermediates.noindex/Chatlio.build/Debug-iphonesimulator/NSE.build/NSE.appex.xcent

ProcessProductPackaging /Users/aadityasingh/Documents/Development/element-x-ios/NSE/SupportingFiles/NSE.entitlements /Users/aadityasingh/Library/Developer/Xcode/DerivedData/Chatlio-erkyzdeecsohoaggpwbjdvavzqfv/Build/Intermediates.noindex/Chatlio.build/Debug-iphonesimulator/NSE.build/NSE.appex-Simulated.xcent (in target 'NSE' from project 'Chatlio')
    cd /Users/aadityasingh/Documents/Development/element-x-ios
    
    Entitlements:
    
    {
    "application-identifier" = "7J4U792NQT.im.word.skin.chatlio.nse";
    "com.apple.developer.usernotifications.filtering" = 1;
    "com.apple.security.application-groups" =     (
        "group.word.skin"
    );
    "keychain-access-groups" =     (
        "7J4U792NQT.im.word.skin.chatlio"
    );
}
    
    builtin-productPackagingUtility /Users/aadityasingh/Documents/Development/element-x-ios/NSE/SupportingFiles/NSE.entitlements -entitlements -format xml -o /Users/aadityasingh/Library/Developer/Xcode/DerivedData/Chatlio-erkyzdeecsohoaggpwbjdvavzqfv/Build/Intermediates.noindex/Chatlio.build/Debug-iphonesimulator/NSE.build/NSE.appex-Simulated.xcent

ProcessProductPackaging /Users/aadityasingh/Documents/Development/element-x-ios/ShareExtension/SupportingFiles/ShareExtension.entitlements /Users/aadityasingh/Library/Developer/Xcode/DerivedData/Chatlio-erkyzdeecsohoaggpwbjdvavzqfv/Build/Intermediates.noindex/Chatlio.build/Debug-iphonesimulator/ShareExtension.build/ShareExtension.appex-Simulated.xcent (in target 'ShareExtension' from project 'Chatlio')
    cd /Users/aadityasingh/Documents/Development/element-x-ios
    
    Entitlements:
    
    {
    "application-identifier" = "7J4U792NQT.im.word.skin.chatlio.shareextension";
    "com.apple.security.application-groups" =     (
        "group.word.skin"
    );
    "keychain-access-groups" =     (
        "7J4U792NQT.im.word.skin.chatlio"
    );
}
    
    builtin-productPackagingUtility /Users/aadityasingh/Documents/Development/element-x-ios/ShareExtension/SupportingFiles/ShareExtension.entitlements -entitlements -format xml -o /Users/aadityasingh/Library/Developer/Xcode/DerivedData/Chatlio-erkyzdeecsohoaggpwbjdvavzqfv/Build/Intermediates.noindex/Chatlio.build/Debug-iphonesimulator/ShareExtension.build/ShareExtension.appex-Simulated.xcent

ProcessInfoPlistFile /Users/aadityasingh/Library/Developer/Xcode/DerivedData/Chatlio-erkyzdeecsohoaggpwbjdvavzqfv/Build/Products/Debug-iphonesimulator/PackageFrameworks/MatrixRustSDK.framework/Info.plist /Users/aadityasingh/Library/Developer/Xcode/DerivedData/Chatlio-erkyzdeecsohoaggpwbjdvavzqfv/Build/Intermediates.noindex/MatrixRustSDK.build/Debug-iphonesimulator/MatrixRustSDK\ product.build/empty-MatrixRustSDK.plist (in target 'MatrixRustSDK' from project 'MatrixRustSDK')
    cd /Users/aadityasingh/Documents/Development/matrix-rust-sdk-local
    builtin-infoPlistUtility /Users/aadityasingh/Library/Developer/Xcode/DerivedData/Chatlio-erkyzdeecsohoaggpwbjdvavzqfv/Build/Intermediates.noindex/MatrixRustSDK.build/Debug-iphonesimulator/MatrixRustSDK\ product.build/empty-MatrixRustSDK.plist -producttype com.apple.product-type.framework -expandbuildsettings -format binary -platform iphonesimulator -o /Users/aadityasingh/Library/Developer/Xcode/DerivedData/Chatlio-erkyzdeecsohoaggpwbjdvavzqfv/Build/Products/Debug-iphonesimulator/PackageFrameworks/MatrixRustSDK.framework/Info.plist

ProcessProductPackagingDER /Users/aadityasingh/Library/Developer/Xcode/DerivedData/Chatlio-erkyzdeecsohoaggpwbjdvavzqfv/Build/Intermediates.noindex/Chatlio.build/Debug-iphonesimulator/NSE.build/NSE.appex.xcent /Users/aadityasingh/Library/Developer/Xcode/DerivedData/Chatlio-erkyzdeecsohoaggpwbjdvavzqfv/Build/Intermediates.noindex/Chatlio.build/Debug-iphonesimulator/NSE.build/NSE.appex.xcent.der (in target 'NSE' from project 'Chatlio')
    cd /Users/aadityasingh/Documents/Development/element-x-ios
    /usr/bin/derq query -f xml -i /Users/aadityasingh/Library/Developer/Xcode/DerivedData/Chatlio-erkyzdeecsohoaggpwbjdvavzqfv/Build/Intermediates.noindex/Chatlio.build/Debug-iphonesimulator/NSE.build/NSE.appex.xcent -o /Users/aadityasingh/Library/Developer/Xcode/DerivedData/Chatlio-erkyzdeecsohoaggpwbjdvavzqfv/Build/Intermediates.noindex/Chatlio.build/Debug-iphonesimulator/NSE.build/NSE.appex.xcent.der --raw

ProcessProductPackagingDER /Users/aadityasingh/Library/Developer/Xcode/DerivedData/Chatlio-erkyzdeecsohoaggpwbjdvavzqfv/Build/Intermediates.noindex/Chatlio.build/Debug-iphonesimulator/ShareExtension.build/ShareExtension.appex-Simulated.xcent /Users/aadityasingh/Library/Developer/Xcode/DerivedData/Chatlio-erkyzdeecsohoaggpwbjdvavzqfv/Build/Intermediates.noindex/Chatlio.build/Debug-iphonesimulator/ShareExtension.build/ShareExtension.appex-Simulated.xcent.der (in target 'ShareExtension' from project 'Chatlio')
    cd /Users/aadityasingh/Documents/Development/element-x-ios
    /usr/bin/derq query -f xml -i /Users/aadityasingh/Library/Developer/Xcode/DerivedData/Chatlio-erkyzdeecsohoaggpwbjdvavzqfv/Build/Intermediates.noindex/Chatlio.build/Debug-iphonesimulator/ShareExtension.build/ShareExtension.appex-Simulated.xcent -o /Users/aadityasingh/Library/Developer/Xcode/DerivedData/Chatlio-erkyzdeecsohoaggpwbjdvavzqfv/Build/Intermediates.noindex/Chatlio.build/Debug-iphonesimulator/ShareExtension.build/ShareExtension.appex-Simulated.xcent.der --raw

ProcessProductPackagingDER /Users/aadityasingh/Library/Developer/Xcode/DerivedData/Chatlio-erkyzdeecsohoaggpwbjdvavzqfv/Build/Intermediates.noindex/Chatlio.build/Debug-iphonesimulator/NSE.build/NSE.appex-Simulated.xcent /Users/aadityasingh/Library/Developer/Xcode/DerivedData/Chatlio-erkyzdeecsohoaggpwbjdvavzqfv/Build/Intermediates.noindex/Chatlio.build/Debug-iphonesimulator/NSE.build/NSE.appex-Simulated.xcent.der (in target 'NSE' from project 'Chatlio')
    cd /Users/aadityasingh/Documents/Development/element-x-ios
    /usr/bin/derq query -f xml -i /Users/aadityasingh/Library/Developer/Xcode/DerivedData/Chatlio-erkyzdeecsohoaggpwbjdvavzqfv/Build/Intermediates.noindex/Chatlio.build/Debug-iphonesimulator/NSE.build/NSE.appex-Simulated.xcent -o /Users/aadityasingh/Library/Developer/Xcode/DerivedData/Chatlio-erkyzdeecsohoaggpwbjdvavzqfv/Build/Intermediates.noindex/Chatlio.build/Debug-iphonesimulator/NSE.build/NSE.appex-Simulated.xcent.der --raw

ProcessProductPackaging /Users/aadityasingh/Documents/Development/element-x-ios/Chatlio/SupportingFiles/Chatlio.entitlements /Users/aadityasingh/Library/Developer/Xcode/DerivedData/Chatlio-erkyzdeecsohoaggpwbjdvavzqfv/Build/Intermediates.noindex/Chatlio.build/Debug-iphonesimulator/Chatlio.build/Chatlio.app.xcent (in target 'Chatlio' from project 'Chatlio')
    cd /Users/aadityasingh/Documents/Development/element-x-ios
    
    Entitlements:
    
    {
}
    
    builtin-productPackagingUtility /Users/aadityasingh/Documents/Development/element-x-ios/Chatlio/SupportingFiles/Chatlio.entitlements -entitlements -format xml -o /Users/aadityasingh/Library/Developer/Xcode/DerivedData/Chatlio-erkyzdeecsohoaggpwbjdvavzqfv/Build/Intermediates.noindex/Chatlio.build/Debug-iphonesimulator/Chatlio.build/Chatlio.app.xcent

ProcessProductPackaging /Users/aadityasingh/Documents/Development/element-x-ios/Chatlio/SupportingFiles/Chatlio.entitlements /Users/aadityasingh/Library/Developer/Xcode/DerivedData/Chatlio-erkyzdeecsohoaggpwbjdvavzqfv/Build/Intermediates.noindex/Chatlio.build/Debug-iphonesimulator/Chatlio.build/Chatlio.app-Simulated.xcent (in target 'Chatlio' from project 'Chatlio')
    cd /Users/aadityasingh/Documents/Development/element-x-ios
    
    Entitlements:
    
    {
    "application-identifier" = "7J4U792NQT.im.word.skin.chatlio";
    "aps-environment" = development;
    "com.apple.developer.associated-domains" =     (
        "applinks:word.skin",
        "applinks:app.word.skin",
        "applinks:mobile.word.skin",
        "applinks:auth.word.skin",
        "applinks:matrix.to",
        "webcredentials:auth.word.skin",
        "webcredentials:*.word.skin"
    );
    "com.apple.developer.usernotifications.communication" = 1;
    "com.apple.security.application-groups" =     (
        "group.word.skin",
        "group.im.vector"
    );
    "keychain-access-groups" =     (
        "7J4U792NQT.im.word.skin.chatlio",
        "7J4U792NQT.im.vector.app.keychain.shared"
    );
}
    
    builtin-productPackagingUtility /Users/aadityasingh/Documents/Development/element-x-ios/Chatlio/SupportingFiles/Chatlio.entitlements -entitlements -format xml -o /Users/aadityasingh/Library/Developer/Xcode/DerivedData/Chatlio-erkyzdeecsohoaggpwbjdvavzqfv/Build/Intermediates.noindex/Chatlio.build/Debug-iphonesimulator/Chatlio.build/Chatlio.app-Simulated.xcent

ProcessProductPackagingDER /Users/aadityasingh/Library/Developer/Xcode/DerivedData/Chatlio-erkyzdeecsohoaggpwbjdvavzqfv/Build/Intermediates.noindex/Chatlio.build/Debug-iphonesimulator/Chatlio.build/Chatlio.app.xcent /Users/aadityasingh/Library/Developer/Xcode/DerivedData/Chatlio-erkyzdeecsohoaggpwbjdvavzqfv/Build/Intermediates.noindex/Chatlio.build/Debug-iphonesimulator/Chatlio.build/Chatlio.app.xcent.der (in target 'Chatlio' from project 'Chatlio')
    cd /Users/aadityasingh/Documents/Development/element-x-ios
    /usr/bin/derq query -f xml -i /Users/aadityasingh/Library/Developer/Xcode/DerivedData/Chatlio-erkyzdeecsohoaggpwbjdvavzqfv/Build/Intermediates.noindex/Chatlio.build/Debug-iphonesimulator/Chatlio.build/Chatlio.app.xcent -o /Users/aadityasingh/Library/Developer/Xcode/DerivedData/Chatlio-erkyzdeecsohoaggpwbjdvavzqfv/Build/Intermediates.noindex/Chatlio.build/Debug-iphonesimulator/Chatlio.build/Chatlio.app.xcent.der --raw

ProcessProductPackagingDER /Users/aadityasingh/Library/Developer/Xcode/DerivedData/Chatlio-erkyzdeecsohoaggpwbjdvavzqfv/Build/Intermediates.noindex/Chatlio.build/Debug-iphonesimulator/Chatlio.build/Chatlio.app-Simulated.xcent /Users/aadityasingh/Library/Developer/Xcode/DerivedData/Chatlio-erkyzdeecsohoaggpwbjdvavzqfv/Build/Intermediates.noindex/Chatlio.build/Debug-iphonesimulator/Chatlio.build/Chatlio.app-Simulated.xcent.der (in target 'Chatlio' from project 'Chatlio')
    cd /Users/aadityasingh/Documents/Development/element-x-ios
    /usr/bin/derq query -f xml -i /Users/aadityasingh/Library/Developer/Xcode/DerivedData/Chatlio-erkyzdeecsohoaggpwbjdvavzqfv/Build/Intermediates.noindex/Chatlio.build/Debug-iphonesimulator/Chatlio.build/Chatlio.app-Simulated.xcent -o /Users/aadityasingh/Library/Developer/Xcode/DerivedData/Chatlio-erkyzdeecsohoaggpwbjdvavzqfv/Build/Intermediates.noindex/Chatlio.build/Debug-iphonesimulator/Chatlio.build/Chatlio.app-Simulated.xcent.der --raw

LinkAssetCatalog /Users/aadityasingh/Library/Developer/Xcode/DerivedData/Chatlio-erkyzdeecsohoaggpwbjdvavzqfv/SourcePackages/checkouts/compound-design-tokens/assets/ios/swift/Colors.xcassets /Users/aadityasingh/Library/Developer/Xcode/DerivedData/Chatlio-erkyzdeecsohoaggpwbjdvavzqfv/SourcePackages/checkouts/compound-design-tokens/assets/ios/swift/Icons.xcassets (in target 'CompoundDesignTokens_CompoundDesignTokens' from project 'CompoundDesignTokens')
    cd /Users/aadityasingh/Library/Developer/Xcode/DerivedData/Chatlio-erkyzdeecsohoaggpwbjdvavzqfv/SourcePackages/checkouts/compound-design-tokens
    builtin-linkAssetCatalog --thinned /Users/aadityasingh/Library/Developer/Xcode/DerivedData/Chatlio-erkyzdeecsohoaggpwbjdvavzqfv/Build/Intermediates.noindex/CompoundDesignTokens.build/Debug-iphonesimulator/CompoundDesignTokens_CompoundDesignTokens.build/assetcatalog_output/thinned --thinned-dependencies /Users/aadityasingh/Library/Developer/Xcode/DerivedData/Chatlio-erkyzdeecsohoaggpwbjdvavzqfv/Build/Intermediates.noindex/CompoundDesignTokens.build/Debug-iphonesimulator/CompoundDesignTokens_CompoundDesignTokens.build/assetcatalog_dependencies_thinned --thinned-info-plist-content /Users/aadityasingh/Library/Developer/Xcode/DerivedData/Chatlio-erkyzdeecsohoaggpwbjdvavzqfv/Build/Intermediates.noindex/CompoundDesignTokens.build/Debug-iphonesimulator/CompoundDesignTokens_CompoundDesignTokens.build/assetcatalog_generated_info.plist_thinned --unthinned /Users/aadityasingh/Library/Developer/Xcode/DerivedData/Chatlio-erkyzdeecsohoaggpwbjdvavzqfv/Build/Intermediates.noindex/CompoundDesignTokens.build/Debug-iphonesimulator/CompoundDesignTokens_CompoundDesignTokens.build/assetcatalog_output/unthinned --unthinned-dependencies /Users/aadityasingh/Library/Developer/Xcode/DerivedData/Chatlio-erkyzdeecsohoaggpwbjdvavzqfv/Build/Intermediates.noindex/CompoundDesignTokens.build/Debug-iphonesimulator/CompoundDesignTokens_CompoundDesignTokens.build/assetcatalog_dependencies_unthinned --unthinned-info-plist-content /Users/aadityasingh/Library/Developer/Xcode/DerivedData/Chatlio-erkyzdeecsohoaggpwbjdvavzqfv/Build/Intermediates.noindex/CompoundDesignTokens.build/Debug-iphonesimulator/CompoundDesignTokens_CompoundDesignTokens.build/assetcatalog_generated_info.plist_unthinned --output /Users/aadityasingh/Library/Developer/Xcode/DerivedData/Chatlio-erkyzdeecsohoaggpwbjdvavzqfv/Build/Products/Debug-iphonesimulator/CompoundDesignTokens_CompoundDesignTokens.bundle --plist-output /Users/aadityasingh/Library/Developer/Xcode/DerivedData/Chatlio-erkyzdeecsohoaggpwbjdvavzqfv/Build/Intermediates.noindex/CompoundDesignTokens.build/Debug-iphonesimulator/CompoundDesignTokens_CompoundDesignTokens.build/assetcatalog_generated_info.plist
note: Emplaced /Users/aadityasingh/Library/Developer/Xcode/DerivedData/Chatlio-erkyzdeecsohoaggpwbjdvavzqfv/Build/Products/Debug-iphonesimulator/CompoundDesignTokens_CompoundDesignTokens.bundle/Assets.car (in target 'CompoundDesignTokens_CompoundDesignTokens' from project 'CompoundDesignTokens')

ProcessInfoPlistFile /Users/aadityasingh/Library/Developer/Xcode/DerivedData/Chatlio-erkyzdeecsohoaggpwbjdvavzqfv/Build/Products/Debug-iphonesimulator/CompoundDesignTokens_CompoundDesignTokens.bundle/Info.plist /Users/aadityasingh/Library/Developer/Xcode/DerivedData/Chatlio-erkyzdeecsohoaggpwbjdvavzqfv/Build/Intermediates.noindex/CompoundDesignTokens.build/Debug-iphonesimulator/CompoundDesignTokens_CompoundDesignTokens.build/empty-CompoundDesignTokens_CompoundDesignTokens.plist (in target 'CompoundDesignTokens_CompoundDesignTokens' from project 'CompoundDesignTokens')
    cd /Users/aadityasingh/Library/Developer/Xcode/DerivedData/Chatlio-erkyzdeecsohoaggpwbjdvavzqfv/SourcePackages/checkouts/compound-design-tokens
    builtin-infoPlistUtility /Users/aadityasingh/Library/Developer/Xcode/DerivedData/Chatlio-erkyzdeecsohoaggpwbjdvavzqfv/Build/Intermediates.noindex/CompoundDesignTokens.build/Debug-iphonesimulator/CompoundDesignTokens_CompoundDesignTokens.build/empty-CompoundDesignTokens_CompoundDesignTokens.plist -producttype com.apple.product-type.bundle -expandbuildsettings -format binary -platform iphonesimulator -additionalcontentfile /Users/aadityasingh/Library/Developer/Xcode/DerivedData/Chatlio-erkyzdeecsohoaggpwbjdvavzqfv/Build/Intermediates.noindex/CompoundDesignTokens.build/Debug-iphonesimulator/CompoundDesignTokens_CompoundDesignTokens.build/assetcatalog_generated_info.plist -o /Users/aadityasingh/Library/Developer/Xcode/DerivedData/Chatlio-erkyzdeecsohoaggpwbjdvavzqfv/Build/Products/Debug-iphonesimulator/CompoundDesignTokens_CompoundDesignTokens.bundle/Info.plist

CodeSign /Users/aadityasingh/Library/Developer/Xcode/DerivedData/Chatlio-erkyzdeecsohoaggpwbjdvavzqfv/Build/Products/Debug-iphonesimulator/CompoundDesignTokens_CompoundDesignTokens.bundle (in target 'CompoundDesignTokens_CompoundDesignTokens' from project 'CompoundDesignTokens')
    cd /Users/aadityasingh/Library/Developer/Xcode/DerivedData/Chatlio-erkyzdeecsohoaggpwbjdvavzqfv/SourcePackages/checkouts/compound-design-tokens
    
    Signing Identity:     "Sign to Run Locally"
    
    /usr/bin/codesign --force --sign - --timestamp\=none --generate-entitlement-der /Users/aadityasingh/Library/Developer/Xcode/DerivedData/Chatlio-erkyzdeecsohoaggpwbjdvavzqfv/Build/Products/Debug-iphonesimulator/CompoundDesignTokens_CompoundDesignTokens.bundle
/Users/aadityasingh/Library/Developer/Xcode/DerivedData/Chatlio-erkyzdeecsohoaggpwbjdvavzqfv/Build/Products/Debug-iphonesimulator/CompoundDesignTokens_CompoundDesignTokens.bundle: replacing existing signature

RegisterExecutionPolicyException /Users/aadityasingh/Library/Developer/Xcode/DerivedData/Chatlio-erkyzdeecsohoaggpwbjdvavzqfv/Build/Products/Debug-iphonesimulator/CompoundDesignTokens_CompoundDesignTokens.bundle (in target 'CompoundDesignTokens_CompoundDesignTokens' from project 'CompoundDesignTokens')
    cd /Users/aadityasingh/Library/Developer/Xcode/DerivedData/Chatlio-erkyzdeecsohoaggpwbjdvavzqfv/SourcePackages/checkouts/compound-design-tokens
    builtin-RegisterExecutionPolicyException /Users/aadityasingh/Library/Developer/Xcode/DerivedData/Chatlio-erkyzdeecsohoaggpwbjdvavzqfv/Build/Products/Debug-iphonesimulator/CompoundDesignTokens_CompoundDesignTokens.bundle

Touch /Users/aadityasingh/Library/Developer/Xcode/DerivedData/Chatlio-erkyzdeecsohoaggpwbjdvavzqfv/Build/Products/Debug-iphonesimulator/CompoundDesignTokens_CompoundDesignTokens.bundle (in target 'CompoundDesignTokens_CompoundDesignTokens' from project 'CompoundDesignTokens')
    cd /Users/aadityasingh/Library/Developer/Xcode/DerivedData/Chatlio-erkyzdeecsohoaggpwbjdvavzqfv/SourcePackages/checkouts/compound-design-tokens
    /usr/bin/touch -c /Users/aadityasingh/Library/Developer/Xcode/DerivedData/Chatlio-erkyzdeecsohoaggpwbjdvavzqfv/Build/Products/Debug-iphonesimulator/CompoundDesignTokens_CompoundDesignTokens.bundle

Ld /Users/aadityasingh/Library/Developer/Xcode/DerivedData/Chatlio-erkyzdeecsohoaggpwbjdvavzqfv/Build/Products/Debug-iphonesimulator/CompoundDesignTokens.o normal (in target 'CompoundDesignTokens' from project 'CompoundDesignTokens')
    cd /Users/aadityasingh/Library/Developer/Xcode/DerivedData/Chatlio-erkyzdeecsohoaggpwbjdvavzqfv/SourcePackages/checkouts/compound-design-tokens
    /Applications/Xcode.app/Contents/Developer/Toolchains/XcodeDefault.xctoolchain/usr/bin/clang -Xlinker -reproducible -target arm64-apple-ios14.0-simulator -r -isysroot /Applications/Xcode.app/Contents/Developer/Platforms/iPhoneSimulator.platform/Developer/SDKs/iPhoneSimulator26.4.sdk -O0 -w -F/Users/aadityasingh/Library/Developer/Xcode/DerivedData/Chatlio-erkyzdeecsohoaggpwbjdvavzqfv/Build/Intermediates.noindex/EagerLinkingTBDs/Debug-iphonesimulator -F/Users/aadityasingh/Library/Developer/Xcode/DerivedData/Chatlio-erkyzdeecsohoaggpwbjdvavzqfv/Build/Products/Debug-iphonesimulator -iframework /Applications/Xcode.app/Contents/Developer/Platforms/iPhoneSimulator.platform/Developer/Library/Frameworks -iframework /Applications/Xcode.app/Contents/Developer/Platforms/iPhoneSimulator.platform/Developer/SDKs/iPhoneSimulator26.4.sdk/Developer/Library/Frameworks -filelist /Users/aadityasingh/Library/Developer/Xcode/DerivedData/Chatlio-erkyzdeecsohoaggpwbjdvavzqfv/Build/Intermediates.noindex/CompoundDesignTokens.build/Debug-iphonesimulator/CompoundDesignTokens.build/Objects-normal/arm64/CompoundDesignTokens.LinkFileList -nostdlib -Xlinker -object_path_lto -Xlinker /Users/aadityasingh/Library/Developer/Xcode/DerivedData/Chatlio-erkyzdeecsohoaggpwbjdvavzqfv/Build/Intermediates.noindex/CompoundDesignTokens.build/Debug-iphonesimulator/CompoundDesignTokens.build/Objects-normal/arm64/CompoundDesignTokens_lto.o -Xlinker -no_deduplicate -Xlinker -objc_abi_version -Xlinker 2 -Xlinker -debug_variant -Xlinker -dependency_info -Xlinker /Users/aadityasingh/Library/Developer/Xcode/DerivedData/Chatlio-erkyzdeecsohoaggpwbjdvavzqfv/Build/Intermediates.noindex/CompoundDesignTokens.build/Debug-iphonesimulator/CompoundDesignTokens.build/Objects-normal/arm64/CompoundDesignTokens_dependency_info.dat -fobjc-link-runtime -L/Applications/Xcode.app/Contents/Developer/Toolchains/XcodeDefault.xctoolchain/usr/lib/swift/iphonesimulator -L/usr/lib/swift -Xlinker -add_ast_path -Xlinker /Users/aadityasingh/Library/Developer/Xcode/DerivedData/Chatlio-erkyzdeecsohoaggpwbjdvavzqfv/Build/Intermediates.noindex/CompoundDesignTokens.build/Debug-iphonesimulator/CompoundDesignTokens.build/Objects-normal/arm64/CompoundDesignTokens.swiftmodule @/Users/aadityasingh/Library/Developer/Xcode/DerivedData/Chatlio-erkyzdeecsohoaggpwbjdvavzqfv/Build/Intermediates.noindex/CompoundDesignTokens.build/Debug-iphonesimulator/CompoundDesignTokens.build/Objects-normal/arm64/CompoundDesignTokens-linker-args.resp -o /Users/aadityasingh/Library/Developer/Xcode/DerivedData/Chatlio-erkyzdeecsohoaggpwbjdvavzqfv/Build/Products/Debug-iphonesimulator/CompoundDesignTokens.o

ExtractAppIntentsMetadata (in target 'CompoundDesignTokens' from project 'CompoundDesignTokens')
    cd /Users/aadityasingh/Library/Developer/Xcode/DerivedData/Chatlio-erkyzdeecsohoaggpwbjdvavzqfv/SourcePackages/checkouts/compound-design-tokens
    /Applications/Xcode.app/Contents/Developer/Toolchains/XcodeDefault.xctoolchain/usr/bin/appintentsmetadataprocessor --toolchain-dir /Applications/Xcode.app/Contents/Developer/Toolchains/XcodeDefault.xctoolchain --module-name CompoundDesignTokens --sdk-root /Applications/Xcode.app/Contents/Developer/Platforms/iPhoneSimulator.platform/Developer/SDKs/iPhoneSimulator26.4.sdk --xcode-version 17E202 --platform-family iOS --deployment-target 14.0 --bundle-identifier compound-design-tokens.CompoundDesignTokens --output /Users/aadityasingh/Library/Developer/Xcode/DerivedData/Chatlio-erkyzdeecsohoaggpwbjdvavzqfv/Build/Products/Debug-iphonesimulator/CompoundDesignTokens.appintents --target-triple arm64-apple-ios14.0-simulator --binary-file /Users/aadityasingh/Library/Developer/Xcode/DerivedData/Chatlio-erkyzdeecsohoaggpwbjdvavzqfv/Build/Products/Debug-iphonesimulator/CompoundDesignTokens.o --dependency-file /Users/aadityasingh/Library/Developer/Xcode/DerivedData/Chatlio-erkyzdeecsohoaggpwbjdvavzqfv/Build/Intermediates.noindex/CompoundDesignTokens.build/Debug-iphonesimulator/CompoundDesignTokens.build/Objects-normal/arm64/CompoundDesignTokens_dependency_info.dat --stringsdata-file /Users/aadityasingh/Library/Developer/Xcode/DerivedData/Chatlio-erkyzdeecsohoaggpwbjdvavzqfv/Build/Intermediates.noindex/CompoundDesignTokens.build/Debug-iphonesimulator/CompoundDesignTokens.build/Objects-normal/arm64/ExtractedAppShortcutsMetadata.stringsdata --source-file-list /Users/aadityasingh/Library/Developer/Xcode/DerivedData/Chatlio-erkyzdeecsohoaggpwbjdvavzqfv/Build/Intermediates.noindex/CompoundDesignTokens.build/Debug-iphonesimulator/CompoundDesignTokens.build/Objects-normal/arm64/CompoundDesignTokens.SwiftFileList --metadata-file-list /Users/aadityasingh/Library/Developer/Xcode/DerivedData/Chatlio-erkyzdeecsohoaggpwbjdvavzqfv/Build/Intermediates.noindex/CompoundDesignTokens.build/Debug-iphonesimulator/CompoundDesignTokens.build/CompoundDesignTokens.DependencyMetadataFileList --static-metadata-file-list /Users/aadityasingh/Library/Developer/Xcode/DerivedData/Chatlio-erkyzdeecsohoaggpwbjdvavzqfv/Build/Intermediates.noindex/CompoundDesignTokens.build/Debug-iphonesimulator/CompoundDesignTokens.build/CompoundDesignTokens.DependencyStaticMetadataFileList --swift-const-vals-list /Users/aadityasingh/Library/Developer/Xcode/DerivedData/Chatlio-erkyzdeecsohoaggpwbjdvavzqfv/Build/Intermediates.noindex/CompoundDesignTokens.build/Debug-iphonesimulator/CompoundDesignTokens.build/Objects-normal/arm64/CompoundDesignTokens.SwiftConstValuesFileList --force --compile-time-extraction --deployment-aware-processing --validate-assistant-intents --no-app-shortcuts-localization
2026-05-11 21:59:35.732 appintentsmetadataprocessor[90885:2468164] Starting appintentsmetadataprocessor export
2026-05-11 21:59:35.742 appintentsmetadataprocessor[90885:2468164] Extracted no relevant App Intents symbols, skipping writing output

RegisterExecutionPolicyException /Users/aadityasingh/Library/Developer/Xcode/DerivedData/Chatlio-erkyzdeecsohoaggpwbjdvavzqfv/Build/Products/Debug-iphonesimulator/CompoundDesignTokens.o (in target 'CompoundDesignTokens' from project 'CompoundDesignTokens')
    cd /Users/aadityasingh/Library/Developer/Xcode/DerivedData/Chatlio-erkyzdeecsohoaggpwbjdvavzqfv/SourcePackages/checkouts/compound-design-tokens
    builtin-RegisterExecutionPolicyException /Users/aadityasingh/Library/Developer/Xcode/DerivedData/Chatlio-erkyzdeecsohoaggpwbjdvavzqfv/Build/Products/Debug-iphonesimulator/CompoundDesignTokens.o

Ld /Users/aadityasingh/Library/Developer/Xcode/DerivedData/Chatlio-erkyzdeecsohoaggpwbjdvavzqfv/Build/Products/Debug-iphonesimulator/Compound.o normal (in target 'Compound' from project 'Compound')
    cd /Users/aadityasingh/Documents/Development/element-x-ios/compound-ios
    /Applications/Xcode.app/Contents/Developer/Toolchains/XcodeDefault.xctoolchain/usr/bin/clang -Xlinker -reproducible -target arm64-apple-ios17.0-simulator -r -isysroot /Applications/Xcode.app/Contents/Developer/Platforms/iPhoneSimulator.platform/Developer/SDKs/iPhoneSimulator26.4.sdk -O0 -F/Users/aadityasingh/Library/Developer/Xcode/DerivedData/Chatlio-erkyzdeecsohoaggpwbjdvavzqfv/Build/Intermediates.noindex/EagerLinkingTBDs/Debug-iphonesimulator -F/Users/aadityasingh/Library/Developer/Xcode/DerivedData/Chatlio-erkyzdeecsohoaggpwbjdvavzqfv/Build/Products/Debug-iphonesimulator/PackageFrameworks -F/Users/aadityasingh/Library/Developer/Xcode/DerivedData/Chatlio-erkyzdeecsohoaggpwbjdvavzqfv/Build/Products/Debug-iphonesimulator/PackageFrameworks -F/Users/aadityasingh/Library/Developer/Xcode/DerivedData/Chatlio-erkyzdeecsohoaggpwbjdvavzqfv/Build/Products/Debug-iphonesimulator/PackageFrameworks -F/Users/aadityasingh/Library/Developer/Xcode/DerivedData/Chatlio-erkyzdeecsohoaggpwbjdvavzqfv/Build/Products/Debug-iphonesimulator -iframework /Applications/Xcode.app/Contents/Developer/Platforms/iPhoneSimulator.platform/Developer/Library/Frameworks -iframework /Applications/Xcode.app/Contents/Developer/Platforms/iPhoneSimulator.platform/Developer/SDKs/iPhoneSimulator26.4.sdk/Developer/Library/Frameworks -filelist /Users/aadityasingh/Library/Developer/Xcode/DerivedData/Chatlio-erkyzdeecsohoaggpwbjdvavzqfv/Build/Intermediates.noindex/Compound.build/Debug-iphonesimulator/Compound.build/Objects-normal/arm64/Compound.LinkFileList -nostdlib -Xlinker -object_path_lto -Xlinker /Users/aadityasingh/Library/Developer/Xcode/DerivedData/Chatlio-erkyzdeecsohoaggpwbjdvavzqfv/Build/Intermediates.noindex/Compound.build/Debug-iphonesimulator/Compound.build/Objects-normal/arm64/Compound_lto.o -Xlinker -no_deduplicate -Xlinker -objc_abi_version -Xlinker 2 -Xlinker -debug_variant -Xlinker -dependency_info -Xlinker /Users/aadityasingh/Library/Developer/Xcode/DerivedData/Chatlio-erkyzdeecsohoaggpwbjdvavzqfv/Build/Intermediates.noindex/Compound.build/Debug-iphonesimulator/Compound.build/Objects-normal/arm64/Compound_dependency_info.dat -fobjc-link-runtime -L/Applications/Xcode.app/Contents/Developer/Toolchains/XcodeDefault.xctoolchain/usr/lib/swift/iphonesimulator -L/usr/lib/swift -Xlinker -add_ast_path -Xlinker /Users/aadityasingh/Library/Developer/Xcode/DerivedData/Chatlio-erkyzdeecsohoaggpwbjdvavzqfv/Build/Intermediates.noindex/Compound.build/Debug-iphonesimulator/Compound.build/Objects-normal/arm64/Compound.swiftmodule @/Users/aadityasingh/Library/Developer/Xcode/DerivedData/Chatlio-erkyzdeecsohoaggpwbjdvavzqfv/Build/Intermediates.noindex/Compound.build/Debug-iphonesimulator/Compound.build/Objects-normal/arm64/Compound-linker-args.resp -o /Users/aadityasingh/Library/Developer/Xcode/DerivedData/Chatlio-erkyzdeecsohoaggpwbjdvavzqfv/Build/Products/Debug-iphonesimulator/Compound.o

ExtractAppIntentsMetadata (in target 'Compound' from project 'Compound')
    cd /Users/aadityasingh/Documents/Development/element-x-ios/compound-ios
    /Applications/Xcode.app/Contents/Developer/Toolchains/XcodeDefault.xctoolchain/usr/bin/appintentsmetadataprocessor --toolchain-dir /Applications/Xcode.app/Contents/Developer/Toolchains/XcodeDefault.xctoolchain --module-name Compound --sdk-root /Applications/Xcode.app/Contents/Developer/Platforms/iPhoneSimulator.platform/Developer/SDKs/iPhoneSimulator26.4.sdk --xcode-version 17E202 --platform-family iOS --deployment-target 17.0 --bundle-identifier compound-ios.Compound --output /Users/aadityasingh/Library/Developer/Xcode/DerivedData/Chatlio-erkyzdeecsohoaggpwbjdvavzqfv/Build/Products/Debug-iphonesimulator/Compound.appintents --target-triple arm64-apple-ios17.0-simulator --binary-file /Users/aadityasingh/Library/Developer/Xcode/DerivedData/Chatlio-erkyzdeecsohoaggpwbjdvavzqfv/Build/Products/Debug-iphonesimulator/Compound.o --dependency-file /Users/aadityasingh/Library/Developer/Xcode/DerivedData/Chatlio-erkyzdeecsohoaggpwbjdvavzqfv/Build/Intermediates.noindex/Compound.build/Debug-iphonesimulator/Compound.build/Objects-normal/arm64/Compound_dependency_info.dat --stringsdata-file /Users/aadityasingh/Library/Developer/Xcode/DerivedData/Chatlio-erkyzdeecsohoaggpwbjdvavzqfv/Build/Intermediates.noindex/Compound.build/Debug-iphonesimulator/Compound.build/Objects-normal/arm64/ExtractedAppShortcutsMetadata.stringsdata --source-file-list /Users/aadityasingh/Library/Developer/Xcode/DerivedData/Chatlio-erkyzdeecsohoaggpwbjdvavzqfv/Build/Intermediates.noindex/Compound.build/Debug-iphonesimulator/Compound.build/Objects-normal/arm64/Compound.SwiftFileList --metadata-file-list /Users/aadityasingh/Library/Developer/Xcode/DerivedData/Chatlio-erkyzdeecsohoaggpwbjdvavzqfv/Build/Intermediates.noindex/Compound.build/Debug-iphonesimulator/Compound.build/Compound.DependencyMetadataFileList --static-metadata-file-list /Users/aadityasingh/Library/Developer/Xcode/DerivedData/Chatlio-erkyzdeecsohoaggpwbjdvavzqfv/Build/Intermediates.noindex/Compound.build/Debug-iphonesimulator/Compound.build/Compound.DependencyStaticMetadataFileList --swift-const-vals-list /Users/aadityasingh/Library/Developer/Xcode/DerivedData/Chatlio-erkyzdeecsohoaggpwbjdvavzqfv/Build/Intermediates.noindex/Compound.build/Debug-iphonesimulator/Compound.build/Objects-normal/arm64/Compound.SwiftConstValuesFileList --force --compile-time-extraction --deployment-aware-processing --validate-assistant-intents --no-app-shortcuts-localization
2026-05-11 21:59:35.814 appintentsmetadataprocessor[90888:2468181] Starting appintentsmetadataprocessor export
2026-05-11 21:59:35.827 appintentsmetadataprocessor[90888:2468181] Extracted no relevant App Intents symbols, skipping writing output

RegisterExecutionPolicyException /Users/aadityasingh/Library/Developer/Xcode/DerivedData/Chatlio-erkyzdeecsohoaggpwbjdvavzqfv/Build/Products/Debug-iphonesimulator/Compound.o (in target 'Compound' from project 'Compound')
    cd /Users/aadityasingh/Documents/Development/element-x-ios/compound-ios
    builtin-RegisterExecutionPolicyException /Users/aadityasingh/Library/Developer/Xcode/DerivedData/Chatlio-erkyzdeecsohoaggpwbjdvavzqfv/Build/Products/Debug-iphonesimulator/Compound.o

CpResource /Users/aadityasingh/Library/Developer/Xcode/DerivedData/Chatlio-erkyzdeecsohoaggpwbjdvavzqfv/Build/Products/Debug-iphonesimulator/NSE.appex/target.yml /Users/aadityasingh/Documents/Development/element-x-ios/NSE/SupportingFiles/target.yml (in target 'NSE' from project 'Chatlio')
    cd /Users/aadityasingh/Documents/Development/element-x-ios
    builtin-copy -exclude .DS_Store -exclude CVS -exclude .svn -exclude .git -exclude .hg -resolve-src-symlinks /Users/aadityasingh/Documents/Development/element-x-ios/NSE/SupportingFiles/target.yml /Users/aadityasingh/Library/Developer/Xcode/DerivedData/Chatlio-erkyzdeecsohoaggpwbjdvavzqfv/Build/Products/Debug-iphonesimulator/NSE.appex

CpResource /Users/aadityasingh/Library/Developer/Xcode/DerivedData/Chatlio-erkyzdeecsohoaggpwbjdvavzqfv/Build/Products/Debug-iphonesimulator/ShareExtension.appex/target.yml /Users/aadityasingh/Documents/Development/element-x-ios/ShareExtension/SupportingFiles/target.yml (in target 'ShareExtension' from project 'Chatlio')
    cd /Users/aadityasingh/Documents/Development/element-x-ios
    builtin-copy -exclude .DS_Store -exclude CVS -exclude .svn -exclude .git -exclude .hg -resolve-src-symlinks /Users/aadityasingh/Documents/Development/element-x-ios/ShareExtension/SupportingFiles/target.yml /Users/aadityasingh/Library/Developer/Xcode/DerivedData/Chatlio-erkyzdeecsohoaggpwbjdvavzqfv/Build/Products/Debug-iphonesimulator/ShareExtension.appex

Ld /Users/aadityasingh/Library/Developer/Xcode/DerivedData/Chatlio-erkyzdeecsohoaggpwbjdvavzqfv/Build/Products/Debug-iphonesimulator/ShareExtension.appex/__preview.dylib normal (in target 'ShareExtension' from project 'Chatlio')
    cd /Users/aadityasingh/Documents/Development/element-x-ios
    /Applications/Xcode.app/Contents/Developer/Toolchains/XcodeDefault.xctoolchain/usr/bin/clang -Xlinker -reproducible -target arm64-apple-ios17.0-simulator -dynamiclib -isysroot /Applications/Xcode.app/Contents/Developer/Platforms/iPhoneSimulator.platform/Developer/SDKs/iPhoneSimulator26.4.sdk -O0 -L/Users/aadityasingh/Library/Developer/Xcode/DerivedData/Chatlio-erkyzdeecsohoaggpwbjdvavzqfv/Build/Products/Debug-iphonesimulator -F/Users/aadityasingh/Library/Developer/Xcode/DerivedData/Chatlio-erkyzdeecsohoaggpwbjdvavzqfv/Build/Products/Debug-iphonesimulator/PackageFrameworks -F/Users/aadityasingh/Library/Developer/Xcode/DerivedData/Chatlio-erkyzdeecsohoaggpwbjdvavzqfv/Build/Products/Debug-iphonesimulator/PackageFrameworks -F/Users/aadityasingh/Library/Developer/Xcode/DerivedData/Chatlio-erkyzdeecsohoaggpwbjdvavzqfv/Build/Products/Debug-iphonesimulator/PackageFrameworks -F/Users/aadityasingh/Library/Developer/Xcode/DerivedData/Chatlio-erkyzdeecsohoaggpwbjdvavzqfv/Build/Products/Debug-iphonesimulator/PackageFrameworks -F/Users/aadityasingh/Library/Developer/Xcode/DerivedData/Chatlio-erkyzdeecsohoaggpwbjdvavzqfv/Build/Products/Debug-iphonesimulator/PackageFrameworks -F/Users/aadityasingh/Library/Developer/Xcode/DerivedData/Chatlio-erkyzdeecsohoaggpwbjdvavzqfv/Build/Products/Debug-iphonesimulator/PackageFrameworks -F/Users/aadityasingh/Library/Developer/Xcode/DerivedData/Chatlio-erkyzdeecsohoaggpwbjdvavzqfv/Build/Products/Debug-iphonesimulator/PackageFrameworks -F/Users/aadityasingh/Library/Developer/Xcode/DerivedData/Chatlio-erkyzdeecsohoaggpwbjdvavzqfv/Build/Products/Debug-iphonesimulator/PackageFrameworks -F/Users/aadityasingh/Library/Developer/Xcode/DerivedData/Chatlio-erkyzdeecsohoaggpwbjdvavzqfv/Build/Products/Debug-iphonesimulator/PackageFrameworks -F/Users/aadityasingh/Library/Developer/Xcode/DerivedData/Chatlio-erkyzdeecsohoaggpwbjdvavzqfv/Build/Products/Debug-iphonesimulator/PackageFrameworks -F/Users/aadityasingh/Library/Developer/Xcode/DerivedData/Chatlio-erkyzdeecsohoaggpwbjdvavzqfv/Build/Products/Debug-iphonesimulator/PackageFrameworks -F/Users/aadityasingh/Library/Developer/Xcode/DerivedData/Chatlio-erkyzdeecsohoaggpwbjdvavzqfv/Build/Products/Debug-iphonesimulator/PackageFrameworks -F/Users/aadityasingh/Library/Developer/Xcode/DerivedData/Chatlio-erkyzdeecsohoaggpwbjdvavzqfv/Build/Products/Debug-iphonesimulator/PackageFrameworks -F/Users/aadityasingh/Library/Developer/Xcode/DerivedData/Chatlio-erkyzdeecsohoaggpwbjdvavzqfv/Build/Products/Debug-iphonesimulator/PackageFrameworks -F/Users/aadityasingh/Library/Developer/Xcode/DerivedData/Chatlio-erkyzdeecsohoaggpwbjdvavzqfv/Build/Products/Debug-iphonesimulator -install_name @rpath/ShareExtension.debug.dylib -Xlinker -dead_strip -rdynamic -Xlinker -no_deduplicate -Xlinker -objc_abi_version -Xlinker 2 -Xlinker -debug_variant -Xlinker -dependency_info -Xlinker /Users/aadityasingh/Library/Developer/Xcode/DerivedData/Chatlio-erkyzdeecsohoaggpwbjdvavzqfv/Build/Intermediates.noindex/Chatlio.build/Debug-iphonesimulator/ShareExtension.build/Objects-normal/arm64/ShareExtension_dependency_info.dat -Xlinker -sectcreate -Xlinker __TEXT -Xlinker __entitlements -Xlinker /Users/aadityasingh/Library/Developer/Xcode/DerivedData/Chatlio-erkyzdeecsohoaggpwbjdvavzqfv/Build/Intermediates.noindex/Chatlio.build/Debug-iphonesimulator/ShareExtension.build/ShareExtension.appex-Simulated.xcent -Xlinker -sectcreate -Xlinker __TEXT -Xlinker __ents_der -Xlinker /Users/aadityasingh/Library/Developer/Xcode/DerivedData/Chatlio-erkyzdeecsohoaggpwbjdvavzqfv/Build/Intermediates.noindex/Chatlio.build/Debug-iphonesimulator/ShareExtension.build/ShareExtension.appex-Simulated.xcent.der -Xlinker -no_adhoc_codesign -o /Users/aadityasingh/Library/Developer/Xcode/DerivedData/Chatlio-erkyzdeecsohoaggpwbjdvavzqfv/Build/Products/Debug-iphonesimulator/ShareExtension.appex/__preview.dylib

Ld /Users/aadityasingh/Library/Developer/Xcode/DerivedData/Chatlio-erkyzdeecsohoaggpwbjdvavzqfv/Build/Products/Debug-iphonesimulator/ShareExtension.appex/ShareExtension.debug.dylib normal (in target 'ShareExtension' from project 'Chatlio')
    cd /Users/aadityasingh/Documents/Development/element-x-ios
    /Applications/Xcode.app/Contents/Developer/Toolchains/XcodeDefault.xctoolchain/usr/bin/clang -Xlinker -reproducible -target arm64-apple-ios17.0-simulator -dynamiclib -isysroot /Applications/Xcode.app/Contents/Developer/Platforms/iPhoneSimulator.platform/Developer/SDKs/iPhoneSimulator26.4.sdk -O0 -L/Users/aadityasingh/Library/Developer/Xcode/DerivedData/Chatlio-erkyzdeecsohoaggpwbjdvavzqfv/Build/Intermediates.noindex/EagerLinkingTBDs/Debug-iphonesimulator -L/Users/aadityasingh/Library/Developer/Xcode/DerivedData/Chatlio-erkyzdeecsohoaggpwbjdvavzqfv/Build/Products/Debug-iphonesimulator -F/Users/aadityasingh/Library/Developer/Xcode/DerivedData/Chatlio-erkyzdeecsohoaggpwbjdvavzqfv/Build/Intermediates.noindex/EagerLinkingTBDs/Debug-iphonesimulator -F/Users/aadityasingh/Library/Developer/Xcode/DerivedData/Chatlio-erkyzdeecsohoaggpwbjdvavzqfv/Build/Products/Debug-iphonesimulator/PackageFrameworks -F/Users/aadityasingh/Library/Developer/Xcode/DerivedData/Chatlio-erkyzdeecsohoaggpwbjdvavzqfv/Build/Products/Debug-iphonesimulator/PackageFrameworks -F/Users/aadityasingh/Library/Developer/Xcode/DerivedData/Chatlio-erkyzdeecsohoaggpwbjdvavzqfv/Build/Products/Debug-iphonesimulator/PackageFrameworks -F/Users/aadityasingh/Library/Developer/Xcode/DerivedData/Chatlio-erkyzdeecsohoaggpwbjdvavzqfv/Build/Products/Debug-iphonesimulator/PackageFrameworks -F/Users/aadityasingh/Library/Developer/Xcode/DerivedData/Chatlio-erkyzdeecsohoaggpwbjdvavzqfv/Build/Products/Debug-iphonesimulator/PackageFrameworks -F/Users/aadityasingh/Library/Developer/Xcode/DerivedData/Chatlio-erkyzdeecsohoaggpwbjdvavzqfv/Build/Products/Debug-iphonesimulator/PackageFrameworks -F/Users/aadityasingh/Library/Developer/Xcode/DerivedData/Chatlio-erkyzdeecsohoaggpwbjdvavzqfv/Build/Products/Debug-iphonesimulator/PackageFrameworks -F/Users/aadityasingh/Library/Developer/Xcode/DerivedData/Chatlio-erkyzdeecsohoaggpwbjdvavzqfv/Build/Products/Debug-iphonesimulator/PackageFrameworks -F/Users/aadityasingh/Library/Developer/Xcode/DerivedData/Chatlio-erkyzdeecsohoaggpwbjdvavzqfv/Build/Products/Debug-iphonesimulator/PackageFrameworks -F/Users/aadityasingh/Library/Developer/Xcode/DerivedData/Chatlio-erkyzdeecsohoaggpwbjdvavzqfv/Build/Products/Debug-iphonesimulator/PackageFrameworks -F/Users/aadityasingh/Library/Developer/Xcode/DerivedData/Chatlio-erkyzdeecsohoaggpwbjdvavzqfv/Build/Products/Debug-iphonesimulator/PackageFrameworks -F/Users/aadityasingh/Library/Developer/Xcode/DerivedData/Chatlio-erkyzdeecsohoaggpwbjdvavzqfv/Build/Products/Debug-iphonesimulator/PackageFrameworks -F/Users/aadityasingh/Library/Developer/Xcode/DerivedData/Chatlio-erkyzdeecsohoaggpwbjdvavzqfv/Build/Products/Debug-iphonesimulator/PackageFrameworks -F/Users/aadityasingh/Library/Developer/Xcode/DerivedData/Chatlio-erkyzdeecsohoaggpwbjdvavzqfv/Build/Products/Debug-iphonesimulator/PackageFrameworks -F/Users/aadityasingh/Library/Developer/Xcode/DerivedData/Chatlio-erkyzdeecsohoaggpwbjdvavzqfv/Build/Products/Debug-iphonesimulator -filelist /Users/aadityasingh/Library/Developer/Xcode/DerivedData/Chatlio-erkyzdeecsohoaggpwbjdvavzqfv/Build/Intermediates.noindex/Chatlio.build/Debug-iphonesimulator/ShareExtension.build/Objects-normal/arm64/ShareExtension.LinkFileList -install_name @rpath/ShareExtension.debug.dylib -Xlinker -rpath -Xlinker /usr/lib/swift -Xlinker -rpath -Xlinker /Users/aadityasingh/Library/Developer/Xcode/DerivedData/Chatlio-erkyzdeecsohoaggpwbjdvavzqfv/Build/Products/Debug-iphonesimulator/PackageFrameworks -Xlinker -rpath -Xlinker @executable_path/Frameworks -Xlinker -rpath -Xlinker @executable_path/../../Frameworks -Xlinker -dead_strip -Xlinker -object_path_lto -Xlinker /Users/aadityasingh/Library/Developer/Xcode/DerivedData/Chatlio-erkyzdeecsohoaggpwbjdvavzqfv/Build/Intermediates.noindex/Chatlio.build/Debug-iphonesimulator/ShareExtension.build/Objects-normal/arm64/ShareExtension_lto.o -rdynamic -Xlinker -no_deduplicate -Xlinker -objc_abi_version -Xlinker 2 -Xlinker -debug_variant -Xlinker -dependency_info -Xlinker /Users/aadityasingh/Library/Developer/Xcode/DerivedData/Chatlio-erkyzdeecsohoaggpwbjdvavzqfv/Build/Intermediates.noindex/Chatlio.build/Debug-iphonesimulator/ShareExtension.build/Objects-normal/arm64/ShareExtension_dependency_info.dat -fapplication-extension -fobjc-link-runtime -fprofile-instr-generate -L/Applications/Xcode.app/Contents/Developer/Toolchains/XcodeDefault.xctoolchain/usr/lib/swift/iphonesimulator -L/usr/lib/swift -Xlinker -add_ast_path -Xlinker /Users/aadityasingh/Library/Developer/Xcode/DerivedData/Chatlio-erkyzdeecsohoaggpwbjdvavzqfv/Build/Intermediates.noindex/Chatlio.build/Debug-iphonesimulator/ShareExtension.build/Objects-normal/arm64/ShareExtension.swiftmodule @/Users/aadityasingh/Library/Developer/Xcode/DerivedData/Chatlio-erkyzdeecsohoaggpwbjdvavzqfv/Build/Intermediates.noindex/Chatlio.build/Debug-iphonesimulator/ShareExtension.build/Objects-normal/arm64/ShareExtension-linker-args.resp -Wl,-no_warn_duplicate_libraries -Wl,-no_warn_duplicate_libraries -Wl,-no_warn_duplicate_libraries -Wl,-no_warn_duplicate_libraries -Wl,-no_warn_duplicate_libraries -Wl,-no_warn_duplicate_libraries -Wl,-no_warn_duplicate_libraries -Wl,-no_warn_duplicate_libraries -Wl,-no_warn_duplicate_libraries -Wl,-no_warn_duplicate_libraries -Wl,-no_warn_duplicate_libraries -Wl,-no_warn_duplicate_libraries -Wl,-no_warn_duplicate_libraries -Wl,-no_warn_duplicate_libraries -Xlinker -alias -Xlinker _NSExtensionMain -Xlinker ___debug_main_executable_dylib_entry_point /Users/aadityasingh/Library/Developer/Xcode/DerivedData/Chatlio-erkyzdeecsohoaggpwbjdvavzqfv/Build/Products/Debug-iphonesimulator/PackageFrameworks/MatrixRustSDK.framework/MatrixRustSDK -Xlinker -no_adhoc_codesign -o /Users/aadityasingh/Library/Developer/Xcode/DerivedData/Chatlio-erkyzdeecsohoaggpwbjdvavzqfv/Build/Products/Debug-iphonesimulator/ShareExtension.appex/ShareExtension.debug.dylib -Xlinker -add_ast_path -Xlinker /Users/aadityasingh/Library/Developer/Xcode/DerivedData/Chatlio-erkyzdeecsohoaggpwbjdvavzqfv/Build/Intermediates.noindex/Compound.build/Debug-iphonesimulator/Compound.build/Objects-normal/arm64/Compound.swiftmodule @/Users/aadityasingh/Library/Developer/Xcode/DerivedData/Chatlio-erkyzdeecsohoaggpwbjdvavzqfv/Build/Intermediates.noindex/Compound.build/Debug-iphonesimulator/Compound.build/Objects-normal/arm64/Compound-linker-args.resp -Xlinker -add_ast_path -Xlinker /Users/aadityasingh/Library/Developer/Xcode/DerivedData/Chatlio-erkyzdeecsohoaggpwbjdvavzqfv/Build/Intermediates.noindex/CompoundDesignTokens.build/Debug-iphonesimulator/CompoundDesignTokens.build/Objects-normal/arm64/CompoundDesignTokens.swiftmodule @/Users/aadityasingh/Library/Developer/Xcode/DerivedData/Chatlio-erkyzdeecsohoaggpwbjdvavzqfv/Build/Intermediates.noindex/CompoundDesignTokens.build/Debug-iphonesimulator/CompoundDesignTokens.build/Objects-normal/arm64/CompoundDesignTokens-linker-args.resp -Xlinker -add_ast_path -Xlinker /Users/aadityasingh/Library/Developer/Xcode/DerivedData/Chatlio-erkyzdeecsohoaggpwbjdvavzqfv/Build/Intermediates.noindex/swiftui-introspect.build/Debug-iphonesimulator/SwiftUIIntrospect.build/Objects-normal/arm64/SwiftUIIntrospect.swiftmodule @/Users/aadityasingh/Library/Developer/Xcode/DerivedData/Chatlio-erkyzdeecsohoaggpwbjdvavzqfv/Build/Intermediates.noindex/swiftui-introspect.build/Debug-iphonesimulator/SwiftUIIntrospect.build/Objects-normal/arm64/SwiftUIIntrospect-linker-args.resp -Xlinker -add_ast_path -Xlinker /Users/aadityasingh/Library/Developer/Xcode/DerivedData/Chatlio-erkyzdeecsohoaggpwbjdvavzqfv/Build/Intermediates.noindex/SFSafeSymbols.build/Debug-iphonesimulator/SFSafeSymbols.build/Objects-normal/arm64/SFSafeSymbols.swiftmodule @/Users/aadityasingh/Library/Developer/Xcode/DerivedData/Chatlio-erkyzdeecsohoaggpwbjdvavzqfv/Build/Intermediates.noindex/SFSafeSymbols.build/Debug-iphonesimulator/SFSafeSymbols.build/Objects-normal/arm64/SFSafeSymbols-linker-args.resp -Xlinker -add_ast_path -Xlinker /Users/aadityasingh/Library/Developer/Xcode/DerivedData/Chatlio-erkyzdeecsohoaggpwbjdvavzqfv/Build/Intermediates.noindex/swift-collections.build/Debug-iphonesimulator/Collections.build/Objects-normal/arm64/Collections.swiftmodule @/Users/aadityasingh/Library/Developer/Xcode/DerivedData/Chatlio-erkyzdeecsohoaggpwbjdvavzqfv/Build/Intermediates.noindex/swift-collections.build/Debug-iphonesimulator/Collections.build/Objects-normal/arm64/Collections-linker-args.resp -Xlinker -add_ast_path -Xlinker /Users/aadityasingh/Library/Developer/Xcode/DerivedData/Chatlio-erkyzdeecsohoaggpwbjdvavzqfv/Build/Intermediates.noindex/swift-collections.build/Debug-iphonesimulator/InternalCollectionsUtilities.build/Objects-normal/arm64/InternalCollectionsUtilities.swiftmodule @/Users/aadityasingh/Library/Developer/Xcode/DerivedData/Chatlio-erkyzdeecsohoaggpwbjdvavzqfv/Build/Intermediates.noindex/swift-collections.build/Debug-iphonesimulator/InternalCollectionsUtilities.build/Objects-normal/arm64/InternalCollectionsUtilities-linker-args.resp -Xlinker -add_ast_path -Xlinker /Users/aadityasingh/Library/Developer/Xcode/DerivedData/Chatlio-erkyzdeecsohoaggpwbjdvavzqfv/Build/Intermediates.noindex/swift-collections.build/Debug-iphonesimulator/BitCollections.build/Objects-normal/arm64/BitCollections.swiftmodule @/Users/aadityasingh/Library/Developer/Xcode/DerivedData/Chatlio-erkyzdeecsohoaggpwbjdvavzqfv/Build/Intermediates.noindex/swift-collections.build/Debug-iphonesimulator/BitCollections.build/Objects-normal/arm64/BitCollections-linker-args.resp -Xlinker -add_ast_path -Xlinker /Users/aadityasingh/Library/Developer/Xcode/DerivedData/Chatlio-erkyzdeecsohoaggpwbjdvavzqfv/Build/Intermediates.noindex/swift-collections.build/Debug-iphonesimulator/DequeModule.build/Objects-normal/arm64/DequeModule.swiftmodule @/Users/aadityasingh/Library/Developer/Xcode/DerivedData/Chatlio-erkyzdeecsohoaggpwbjdvavzqfv/Build/Intermediates.noindex/swift-collections.build/Debug-iphonesimulator/DequeModule.build/Objects-normal/arm64/DequeModule-linker-args.resp -Xlinker -add_ast_path -Xlinker /Users/aadityasingh/Library/Developer/Xcode/DerivedData/Chatlio-erkyzdeecsohoaggpwbjdvavzqfv/Build/Intermediates.noindex/swift-collections.build/Debug-iphonesimulator/HashTreeCollections.build/Objects-normal/arm64/HashTreeCollections.swiftmodule @/Users/aadityasingh/Library/Developer/Xcode/DerivedData/Chatlio-erkyzdeecsohoaggpwbjdvavzqfv/Build/Intermediates.noindex/swift-collections.build/Debug-iphonesimulator/HashTreeCollections.build/Objects-normal/arm64/HashTreeCollections-linker-args.resp -Xlinker -add_ast_path -Xlinker /Users/aadityasingh/Library/Developer/Xcode/DerivedData/Chatlio-erkyzdeecsohoaggpwbjdvavzqfv/Build/Intermediates.noindex/swift-collections.build/Debug-iphonesimulator/HeapModule.build/Objects-normal/arm64/HeapModule.swiftmodule @/Users/aadityasingh/Library/Developer/Xcode/DerivedData/Chatlio-erkyzdeecsohoaggpwbjdvavzqfv/Build/Intermediates.noindex/swift-collections.build/Debug-iphonesimulator/HeapModule.build/Objects-normal/arm64/HeapModule-linker-args.resp -Xlinker -add_ast_path -Xlinker /Users/aadityasingh/Library/Developer/Xcode/DerivedData/Chatlio-erkyzdeecsohoaggpwbjdvavzqfv/Build/Intermediates.noindex/swift-collections.build/Debug-iphonesimulator/OrderedCollections.build/Objects-normal/arm64/OrderedCollections.swiftmodule @/Users/aadityasingh/Library/Developer/Xcode/DerivedData/Chatlio-erkyzdeecsohoaggpwbjdvavzqfv/Build/Intermediates.noindex/swift-collections.build/Debug-iphonesimulator/OrderedCollections.build/Objects-normal/arm64/OrderedCollections-linker-args.resp -Xlinker -add_ast_path -Xlinker /Users/aadityasingh/Library/Developer/Xcode/DerivedData/Chatlio-erkyzdeecsohoaggpwbjdvavzqfv/Build/Intermediates.noindex/swift-collections.build/Debug-iphonesimulator/_RopeModule.build/Objects-normal/arm64/_RopeModule.swiftmodule @/Users/aadityasingh/Library/Developer/Xcode/DerivedData/Chatlio-erkyzdeecsohoaggpwbjdvavzqfv/Build/Intermediates.noindex/swift-collections.build/Debug-iphonesimulator/_RopeModule.build/Objects-normal/arm64/_RopeModule-linker-args.resp -Xlinker -add_ast_path -Xlinker /Users/aadityasingh/Library/Developer/Xcode/DerivedData/Chatlio-erkyzdeecsohoaggpwbjdvavzqfv/Build/Intermediates.noindex/KeychainAccess.build/Debug-iphonesimulator/KeychainAccess.build/Objects-normal/arm64/KeychainAccess.swiftmodule @/Users/aadityasingh/Library/Developer/Xcode/DerivedData/Chatlio-erkyzdeecsohoaggpwbjdvavzqfv/Build/Intermediates.noindex/KeychainAccess.build/Debug-iphonesimulator/KeychainAccess.build/Objects-normal/arm64/KeychainAccess-linker-args.resp

Ld /Users/aadityasingh/Library/Developer/Xcode/DerivedData/Chatlio-erkyzdeecsohoaggpwbjdvavzqfv/Build/Products/Debug-iphonesimulator/NSE.appex/NSE.debug.dylib normal (in target 'NSE' from project 'Chatlio')
    cd /Users/aadityasingh/Documents/Development/element-x-ios
    /Applications/Xcode.app/Contents/Developer/Toolchains/XcodeDefault.xctoolchain/usr/bin/clang -Xlinker -reproducible -target arm64-apple-ios17.0-simulator -dynamiclib -isysroot /Applications/Xcode.app/Contents/Developer/Platforms/iPhoneSimulator.platform/Developer/SDKs/iPhoneSimulator26.4.sdk -O0 -L/Users/aadityasingh/Library/Developer/Xcode/DerivedData/Chatlio-erkyzdeecsohoaggpwbjdvavzqfv/Build/Intermediates.noindex/EagerLinkingTBDs/Debug-iphonesimulator -L/Users/aadityasingh/Library/Developer/Xcode/DerivedData/Chatlio-erkyzdeecsohoaggpwbjdvavzqfv/Build/Products/Debug-iphonesimulator -F/Users/aadityasingh/Library/Developer/Xcode/DerivedData/Chatlio-erkyzdeecsohoaggpwbjdvavzqfv/Build/Intermediates.noindex/EagerLinkingTBDs/Debug-iphonesimulator -F/Users/aadityasingh/Library/Developer/Xcode/DerivedData/Chatlio-erkyzdeecsohoaggpwbjdvavzqfv/Build/Products/Debug-iphonesimulator/PackageFrameworks -F/Users/aadityasingh/Library/Developer/Xcode/DerivedData/Chatlio-erkyzdeecsohoaggpwbjdvavzqfv/Build/Products/Debug-iphonesimulator/PackageFrameworks -F/Users/aadityasingh/Library/Developer/Xcode/DerivedData/Chatlio-erkyzdeecsohoaggpwbjdvavzqfv/Build/Products/Debug-iphonesimulator/PackageFrameworks -F/Users/aadityasingh/Library/Developer/Xcode/DerivedData/Chatlio-erkyzdeecsohoaggpwbjdvavzqfv/Build/Products/Debug-iphonesimulator/PackageFrameworks -F/Users/aadityasingh/Library/Developer/Xcode/DerivedData/Chatlio-erkyzdeecsohoaggpwbjdvavzqfv/Build/Products/Debug-iphonesimulator/PackageFrameworks -F/Users/aadityasingh/Library/Developer/Xcode/DerivedData/Chatlio-erkyzdeecsohoaggpwbjdvavzqfv/Build/Products/Debug-iphonesimulator/PackageFrameworks -F/Users/aadityasingh/Library/Developer/Xcode/DerivedData/Chatlio-erkyzdeecsohoaggpwbjdvavzqfv/Build/Products/Debug-iphonesimulator/PackageFrameworks -F/Users/aadityasingh/Library/Developer/Xcode/DerivedData/Chatlio-erkyzdeecsohoaggpwbjdvavzqfv/Build/Products/Debug-iphonesimulator/PackageFrameworks -F/Users/aadityasingh/Library/Developer/Xcode/DerivedData/Chatlio-erkyzdeecsohoaggpwbjdvavzqfv/Build/Products/Debug-iphonesimulator/PackageFrameworks -F/Users/aadityasingh/Library/Developer/Xcode/DerivedData/Chatlio-erkyzdeecsohoaggpwbjdvavzqfv/Build/Products/Debug-iphonesimulator/PackageFrameworks -F/Users/aadityasingh/Library/Developer/Xcode/DerivedData/Chatlio-erkyzdeecsohoaggpwbjdvavzqfv/Build/Products/Debug-iphonesimulator/PackageFrameworks -F/Users/aadityasingh/Library/Developer/Xcode/DerivedData/Chatlio-erkyzdeecsohoaggpwbjdvavzqfv/Build/Products/Debug-iphonesimulator/PackageFrameworks -F/Users/aadityasingh/Library/Developer/Xcode/DerivedData/Chatlio-erkyzdeecsohoaggpwbjdvavzqfv/Build/Products/Debug-iphonesimulator/PackageFrameworks -F/Users/aadityasingh/Library/Developer/Xcode/DerivedData/Chatlio-erkyzdeecsohoaggpwbjdvavzqfv/Build/Products/Debug-iphonesimulator/PackageFrameworks -F/Users/aadityasingh/Library/Developer/Xcode/DerivedData/Chatlio-erkyzdeecsohoaggpwbjdvavzqfv/Build/Products/Debug-iphonesimulator/PackageFrameworks -F/Users/aadityasingh/Library/Developer/Xcode/DerivedData/Chatlio-erkyzdeecsohoaggpwbjdvavzqfv/Build/Products/Debug-iphonesimulator/PackageFrameworks -F/Users/aadityasingh/Library/Developer/Xcode/DerivedData/Chatlio-erkyzdeecsohoaggpwbjdvavzqfv/Build/Products/Debug-iphonesimulator/PackageFrameworks -F/Users/aadityasingh/Library/Developer/Xcode/DerivedData/Chatlio-erkyzdeecsohoaggpwbjdvavzqfv/Build/Products/Debug-iphonesimulator/PackageFrameworks -F/Users/aadityasingh/Library/Developer/Xcode/DerivedData/Chatlio-erkyzdeecsohoaggpwbjdvavzqfv/Build/Products/Debug-iphonesimulator/PackageFrameworks -F/Users/aadityasingh/Library/Developer/Xcode/DerivedData/Chatlio-erkyzdeecsohoaggpwbjdvavzqfv/Build/Products/Debug-iphonesimulator/PackageFrameworks -F/Users/aadityasingh/Library/Developer/Xcode/DerivedData/Chatlio-erkyzdeecsohoaggpwbjdvavzqfv/Build/Products/Debug-iphonesimulator/PackageFrameworks -F/Users/aadityasingh/Library/Developer/Xcode/DerivedData/Chatlio-erkyzdeecsohoaggpwbjdvavzqfv/Build/Products/Debug-iphonesimulator -filelist /Users/aadityasingh/Library/Developer/Xcode/DerivedData/Chatlio-erkyzdeecsohoaggpwbjdvavzqfv/Build/Intermediates.noindex/Chatlio.build/Debug-iphonesimulator/NSE.build/Objects-normal/arm64/NSE.LinkFileList -install_name @rpath/NSE.debug.dylib -Xlinker -rpath -Xlinker /usr/lib/swift -Xlinker -rpath -Xlinker /Users/aadityasingh/Library/Developer/Xcode/DerivedData/Chatlio-erkyzdeecsohoaggpwbjdvavzqfv/Build/Products/Debug-iphonesimulator/PackageFrameworks -Xlinker -rpath -Xlinker @executable_path/Frameworks -Xlinker -rpath -Xlinker @executable_path/../../Frameworks -Xlinker -dead_strip -Xlinker -object_path_lto -Xlinker /Users/aadityasingh/Library/Developer/Xcode/DerivedData/Chatlio-erkyzdeecsohoaggpwbjdvavzqfv/Build/Intermediates.noindex/Chatlio.build/Debug-iphonesimulator/NSE.build/Objects-normal/arm64/NSE_lto.o -rdynamic -Xlinker -no_deduplicate -Xlinker -objc_abi_version -Xlinker 2 -Xlinker -debug_variant -Xlinker -dependency_info -Xlinker /Users/aadityasingh/Library/Developer/Xcode/DerivedData/Chatlio-erkyzdeecsohoaggpwbjdvavzqfv/Build/Intermediates.noindex/Chatlio.build/Debug-iphonesimulator/NSE.build/Objects-normal/arm64/NSE_dependency_info.dat -fobjc-arc -fobjc-link-runtime -fapplication-extension -fprofile-instr-generate -L/Applications/Xcode.app/Contents/Developer/Toolchains/XcodeDefault.xctoolchain/usr/lib/swift/iphonesimulator -L/usr/lib/swift -Xlinker -add_ast_path -Xlinker /Users/aadityasingh/Library/Developer/Xcode/DerivedData/Chatlio-erkyzdeecsohoaggpwbjdvavzqfv/Build/Intermediates.noindex/Chatlio.build/Debug-iphonesimulator/NSE.build/Objects-normal/arm64/NSE.swiftmodule @/Users/aadityasingh/Library/Developer/Xcode/DerivedData/Chatlio-erkyzdeecsohoaggpwbjdvavzqfv/Build/Intermediates.noindex/Chatlio.build/Debug-iphonesimulator/NSE.build/Objects-normal/arm64/NSE-linker-args.resp -Wl,-no_warn_duplicate_libraries -Wl,-no_warn_duplicate_libraries -Wl,-no_warn_duplicate_libraries -Wl,-no_warn_duplicate_libraries -Wl,-no_warn_duplicate_libraries -Wl,-no_warn_duplicate_libraries -Wl,-no_warn_duplicate_libraries -Wl,-no_warn_duplicate_libraries -Wl,-no_warn_duplicate_libraries -Wl,-no_warn_duplicate_libraries -Wl,-no_warn_duplicate_libraries -Wl,-no_warn_duplicate_libraries -Wl,-no_warn_duplicate_libraries -Wl,-no_warn_duplicate_libraries -Wl,-no_warn_duplicate_libraries -Wl,-no_warn_duplicate_libraries -Wl,-no_warn_duplicate_libraries -Wl,-no_warn_duplicate_libraries -Wl,-no_warn_duplicate_libraries -Wl,-no_warn_duplicate_libraries -Wl,-no_warn_duplicate_libraries -Xlinker -alias -Xlinker _NSExtensionMain -Xlinker ___debug_main_executable_dylib_entry_point /Users/aadityasingh/Library/Developer/Xcode/DerivedData/Chatlio-erkyzdeecsohoaggpwbjdvavzqfv/Build/Products/Debug-iphonesimulator/PackageFrameworks/MatrixRustSDK.framework/MatrixRustSDK -Xlinker -no_adhoc_codesign -o /Users/aadityasingh/Library/Developer/Xcode/DerivedData/Chatlio-erkyzdeecsohoaggpwbjdvavzqfv/Build/Products/Debug-iphonesimulator/NSE.appex/NSE.debug.dylib -Xlinker -add_ast_path -Xlinker /Users/aadityasingh/Library/Developer/Xcode/DerivedData/Chatlio-erkyzdeecsohoaggpwbjdvavzqfv/Build/Intermediates.noindex/KeychainAccess.build/Debug-iphonesimulator/KeychainAccess.build/Objects-normal/arm64/KeychainAccess.swiftmodule @/Users/aadityasingh/Library/Developer/Xcode/DerivedData/Chatlio-erkyzdeecsohoaggpwbjdvavzqfv/Build/Intermediates.noindex/KeychainAccess.build/Debug-iphonesimulator/KeychainAccess.build/Objects-normal/arm64/KeychainAccess-linker-args.resp -Xlinker -add_ast_path -Xlinker /Users/aadityasingh/Library/Developer/Xcode/DerivedData/Chatlio-erkyzdeecsohoaggpwbjdvavzqfv/Build/Intermediates.noindex/Kingfisher.build/Debug-iphonesimulator/Kingfisher.build/Objects-normal/arm64/Kingfisher.swiftmodule @/Users/aadityasingh/Library/Developer/Xcode/DerivedData/Chatlio-erkyzdeecsohoaggpwbjdvavzqfv/Build/Intermediates.noindex/Kingfisher.build/Debug-iphonesimulator/Kingfisher.build/Objects-normal/arm64/Kingfisher-linker-args.resp -Xlinker -add_ast_path -Xlinker /Users/aadityasingh/Library/Developer/Xcode/DerivedData/Chatlio-erkyzdeecsohoaggpwbjdvavzqfv/Build/Intermediates.noindex/swift-collections.build/Debug-iphonesimulator/Collections.build/Objects-normal/arm64/Collections.swiftmodule @/Users/aadityasingh/Library/Developer/Xcode/DerivedData/Chatlio-erkyzdeecsohoaggpwbjdvavzqfv/Build/Intermediates.noindex/swift-collections.build/Debug-iphonesimulator/Collections.build/Objects-normal/arm64/Collections-linker-args.resp -Xlinker -add_ast_path -Xlinker /Users/aadityasingh/Library/Developer/Xcode/DerivedData/Chatlio-erkyzdeecsohoaggpwbjdvavzqfv/Build/Intermediates.noindex/swift-collections.build/Debug-iphonesimulator/InternalCollectionsUtilities.build/Objects-normal/arm64/InternalCollectionsUtilities.swiftmodule @/Users/aadityasingh/Library/Developer/Xcode/DerivedData/Chatlio-erkyzdeecsohoaggpwbjdvavzqfv/Build/Intermediates.noindex/swift-collections.build/Debug-iphonesimulator/InternalCollectionsUtilities.build/Objects-normal/arm64/InternalCollectionsUtilities-linker-args.resp -Xlinker -add_ast_path -Xlinker /Users/aadityasingh/Library/Developer/Xcode/DerivedData/Chatlio-erkyzdeecsohoaggpwbjdvavzqfv/Build/Intermediates.noindex/swift-collections.build/Debug-iphonesimulator/BitCollections.build/Objects-normal/arm64/BitCollections.swiftmodule @/Users/aadityasingh/Library/Developer/Xcode/DerivedData/Chatlio-erkyzdeecsohoaggpwbjdvavzqfv/Build/Intermediates.noindex/swift-collections.build/Debug-iphonesimulator/BitCollections.build/Objects-normal/arm64/BitCollections-linker-args.resp -Xlinker -add_ast_path -Xlinker /Users/aadityasingh/Library/Developer/Xcode/DerivedData/Chatlio-erkyzdeecsohoaggpwbjdvavzqfv/Build/Intermediates.noindex/swift-collections.build/Debug-iphonesimulator/DequeModule.build/Objects-normal/arm64/DequeModule.swiftmodule @/Users/aadityasingh/Library/Developer/Xcode/DerivedData/Chatlio-erkyzdeecsohoaggpwbjdvavzqfv/Build/Intermediates.noindex/swift-collections.build/Debug-iphonesimulator/DequeModule.build/Objects-normal/arm64/DequeModule-linker-args.resp -Xlinker -add_ast_path -Xlinker /Users/aadityasingh/Library/Developer/Xcode/DerivedData/Chatlio-erkyzdeecsohoaggpwbjdvavzqfv/Build/Intermediates.noindex/swift-collections.build/Debug-iphonesimulator/HashTreeCollections.build/Objects-normal/arm64/HashTreeCollections.swiftmodule @/Users/aadityasingh/Library/Developer/Xcode/DerivedData/Chatlio-erkyzdeecsohoaggpwbjdvavzqfv/Build/Intermediates.noindex/swift-collections.build/Debug-iphonesimulator/HashTreeCollections.build/Objects-normal/arm64/HashTreeCollections-linker-args.resp -Xlinker -add_ast_path -Xlinker /Users/aadityasingh/Library/Developer/Xcode/DerivedData/Chatlio-erkyzdeecsohoaggpwbjdvavzqfv/Build/Intermediates.noindex/swift-collections.build/Debug-iphonesimulator/HeapModule.build/Objects-normal/arm64/HeapModule.swiftmodule @/Users/aadityasingh/Library/Developer/Xcode/DerivedData/Chatlio-erkyzdeecsohoaggpwbjdvavzqfv/Build/Intermediates.noindex/swift-collections.build/Debug-iphonesimulator/HeapModule.build/Objects-normal/arm64/HeapModule-linker-args.resp -Xlinker -add_ast_path -Xlinker /Users/aadityasingh/Library/Developer/Xcode/DerivedData/Chatlio-erkyzdeecsohoaggpwbjdvavzqfv/Build/Intermediates.noindex/swift-collections.build/Debug-iphonesimulator/OrderedCollections.build/Objects-normal/arm64/OrderedCollections.swiftmodule @/Users/aadityasingh/Library/Developer/Xcode/DerivedData/Chatlio-erkyzdeecsohoaggpwbjdvavzqfv/Build/Intermediates.noindex/swift-collections.build/Debug-iphonesimulator/OrderedCollections.build/Objects-normal/arm64/OrderedCollections-linker-args.resp -Xlinker -add_ast_path -Xlinker /Users/aadityasingh/Library/Developer/Xcode/DerivedData/Chatlio-erkyzdeecsohoaggpwbjdvavzqfv/Build/Intermediates.noindex/swift-collections.build/Debug-iphonesimulator/_RopeModule.build/Objects-normal/arm64/_RopeModule.swiftmodule @/Users/aadityasingh/Library/Developer/Xcode/DerivedData/Chatlio-erkyzdeecsohoaggpwbjdvavzqfv/Build/Intermediates.noindex/swift-collections.build/Debug-iphonesimulator/_RopeModule.build/Objects-normal/arm64/_RopeModule-linker-args.resp -Xlinker -add_ast_path -Xlinker /Users/aadityasingh/Library/Developer/Xcode/DerivedData/Chatlio-erkyzdeecsohoaggpwbjdvavzqfv/Build/Intermediates.noindex/Compound.build/Debug-iphonesimulator/Compound.build/Objects-normal/arm64/Compound.swiftmodule @/Users/aadityasingh/Library/Developer/Xcode/DerivedData/Chatlio-erkyzdeecsohoaggpwbjdvavzqfv/Build/Intermediates.noindex/Compound.build/Debug-iphonesimulator/Compound.build/Objects-normal/arm64/Compound-linker-args.resp -Xlinker -add_ast_path -Xlinker /Users/aadityasingh/Library/Developer/Xcode/DerivedData/Chatlio-erkyzdeecsohoaggpwbjdvavzqfv/Build/Intermediates.noindex/CompoundDesignTokens.build/Debug-iphonesimulator/CompoundDesignTokens.build/Objects-normal/arm64/CompoundDesignTokens.swiftmodule @/Users/aadityasingh/Library/Developer/Xcode/DerivedData/Chatlio-erkyzdeecsohoaggpwbjdvavzqfv/Build/Intermediates.noindex/CompoundDesignTokens.build/Debug-iphonesimulator/CompoundDesignTokens.build/Objects-normal/arm64/CompoundDesignTokens-linker-args.resp -Xlinker -add_ast_path -Xlinker /Users/aadityasingh/Library/Developer/Xcode/DerivedData/Chatlio-erkyzdeecsohoaggpwbjdvavzqfv/Build/Intermediates.noindex/swiftui-introspect.build/Debug-iphonesimulator/SwiftUIIntrospect.build/Objects-normal/arm64/SwiftUIIntrospect.swiftmodule @/Users/aadityasingh/Library/Developer/Xcode/DerivedData/Chatlio-erkyzdeecsohoaggpwbjdvavzqfv/Build/Intermediates.noindex/swiftui-introspect.build/Debug-iphonesimulator/SwiftUIIntrospect.build/Objects-normal/arm64/SwiftUIIntrospect-linker-args.resp -Xlinker -add_ast_path -Xlinker /Users/aadityasingh/Library/Developer/Xcode/DerivedData/Chatlio-erkyzdeecsohoaggpwbjdvavzqfv/Build/Intermediates.noindex/SFSafeSymbols.build/Debug-iphonesimulator/SFSafeSymbols.build/Objects-normal/arm64/SFSafeSymbols.swiftmodule @/Users/aadityasingh/Library/Developer/Xcode/DerivedData/Chatlio-erkyzdeecsohoaggpwbjdvavzqfv/Build/Intermediates.noindex/SFSafeSymbols.build/Debug-iphonesimulator/SFSafeSymbols.build/Objects-normal/arm64/SFSafeSymbols-linker-args.resp -Xlinker -add_ast_path -Xlinker /Users/aadityasingh/Library/Developer/Xcode/DerivedData/Chatlio-erkyzdeecsohoaggpwbjdvavzqfv/Build/Intermediates.noindex/DeviceKit.build/Debug-iphonesimulator/DeviceKit.build/Objects-normal/arm64/DeviceKit.swiftmodule @/Users/aadityasingh/Library/Developer/Xcode/DerivedData/Chatlio-erkyzdeecsohoaggpwbjdvavzqfv/Build/Intermediates.noindex/DeviceKit.build/Debug-iphonesimulator/DeviceKit.build/Objects-normal/arm64/DeviceKit-linker-args.resp -Xlinker -add_ast_path -Xlinker /Users/aadityasingh/Library/Developer/Xcode/DerivedData/Chatlio-erkyzdeecsohoaggpwbjdvavzqfv/Build/Intermediates.noindex/LRUCache.build/Debug-iphonesimulator/LRUCache.build/Objects-normal/arm64/LRUCache.swiftmodule @/Users/aadityasingh/Library/Developer/Xcode/DerivedData/Chatlio-erkyzdeecsohoaggpwbjdvavzqfv/Build/Intermediates.noindex/LRUCache.build/Debug-iphonesimulator/LRUCache.build/Objects-normal/arm64/LRUCache-linker-args.resp -Xlinker -add_ast_path -Xlinker /Users/aadityasingh/Library/Developer/Xcode/DerivedData/Chatlio-erkyzdeecsohoaggpwbjdvavzqfv/Build/Intermediates.noindex/Version.build/Debug-iphonesimulator/Version.build/Objects-normal/arm64/Version.swiftmodule @/Users/aadityasingh/Library/Developer/Xcode/DerivedData/Chatlio-erkyzdeecsohoaggpwbjdvavzqfv/Build/Intermediates.noindex/Version.build/Debug-iphonesimulator/Version.build/Objects-normal/arm64/Version-linker-args.resp -Xlinker -add_ast_path -Xlinker /Users/aadityasingh/Library/Developer/Xcode/DerivedData/Chatlio-erkyzdeecsohoaggpwbjdvavzqfv/Build/Intermediates.noindex/SwiftSoup.build/Debug-iphonesimulator/SwiftSoup.build/Objects-normal/arm64/SwiftSoup.swiftmodule @/Users/aadityasingh/Library/Developer/Xcode/DerivedData/Chatlio-erkyzdeecsohoaggpwbjdvavzqfv/Build/Intermediates.noindex/SwiftSoup.build/Debug-iphonesimulator/SwiftSoup.build/Objects-normal/arm64/SwiftSoup-linker-args.resp -Xlinker -add_ast_path -Xlinker /Users/aadityasingh/Library/Developer/Xcode/DerivedData/Chatlio-erkyzdeecsohoaggpwbjdvavzqfv/Build/Intermediates.noindex/swift-atomics.build/Debug-iphonesimulator/Atomics.build/Objects-normal/arm64/Atomics.swiftmodule @/Users/aadityasingh/Library/Developer/Xcode/DerivedData/Chatlio-erkyzdeecsohoaggpwbjdvavzqfv/Build/Intermediates.noindex/swift-atomics.build/Debug-iphonesimulator/Atomics.build/Objects-normal/arm64/Atomics-linker-args.resp

Ld /Users/aadityasingh/Library/Developer/Xcode/DerivedData/Chatlio-erkyzdeecsohoaggpwbjdvavzqfv/Build/Products/Debug-iphonesimulator/NSE.appex/__preview.dylib normal (in target 'NSE' from project 'Chatlio')
    cd /Users/aadityasingh/Documents/Development/element-x-ios
    /Applications/Xcode.app/Contents/Developer/Toolchains/XcodeDefault.xctoolchain/usr/bin/clang -Xlinker -reproducible -target arm64-apple-ios17.0-simulator -dynamiclib -isysroot /Applications/Xcode.app/Contents/Developer/Platforms/iPhoneSimulator.platform/Developer/SDKs/iPhoneSimulator26.4.sdk -O0 -L/Users/aadityasingh/Library/Developer/Xcode/DerivedData/Chatlio-erkyzdeecsohoaggpwbjdvavzqfv/Build/Products/Debug-iphonesimulator -F/Users/aadityasingh/Library/Developer/Xcode/DerivedData/Chatlio-erkyzdeecsohoaggpwbjdvavzqfv/Build/Products/Debug-iphonesimulator/PackageFrameworks -F/Users/aadityasingh/Library/Developer/Xcode/DerivedData/Chatlio-erkyzdeecsohoaggpwbjdvavzqfv/Build/Products/Debug-iphonesimulator/PackageFrameworks -F/Users/aadityasingh/Library/Developer/Xcode/DerivedData/Chatlio-erkyzdeecsohoaggpwbjdvavzqfv/Build/Products/Debug-iphonesimulator/PackageFrameworks -F/Users/aadityasingh/Library/Developer/Xcode/DerivedData/Chatlio-erkyzdeecsohoaggpwbjdvavzqfv/Build/Products/Debug-iphonesimulator/PackageFrameworks -F/Users/aadityasingh/Library/Developer/Xcode/DerivedData/Chatlio-erkyzdeecsohoaggpwbjdvavzqfv/Build/Products/Debug-iphonesimulator/PackageFrameworks -F/Users/aadityasingh/Library/Developer/Xcode/DerivedData/Chatlio-erkyzdeecsohoaggpwbjdvavzqfv/Build/Products/Debug-iphonesimulator/PackageFrameworks -F/Users/aadityasingh/Library/Developer/Xcode/DerivedData/Chatlio-erkyzdeecsohoaggpwbjdvavzqfv/Build/Products/Debug-iphonesimulator/PackageFrameworks -F/Users/aadityasingh/Library/Developer/Xcode/DerivedData/Chatlio-erkyzdeecsohoaggpwbjdvavzqfv/Build/Products/Debug-iphonesimulator/PackageFrameworks -F/Users/aadityasingh/Library/Developer/Xcode/DerivedData/Chatlio-erkyzdeecsohoaggpwbjdvavzqfv/Build/Products/Debug-iphonesimulator/PackageFrameworks -F/Users/aadityasingh/Library/Developer/Xcode/DerivedData/Chatlio-erkyzdeecsohoaggpwbjdvavzqfv/Build/Products/Debug-iphonesimulator/PackageFrameworks -F/Users/aadityasingh/Library/Developer/Xcode/DerivedData/Chatlio-erkyzdeecsohoaggpwbjdvavzqfv/Build/Products/Debug-iphonesimulator/PackageFrameworks -F/Users/aadityasingh/Library/Developer/Xcode/DerivedData/Chatlio-erkyzdeecsohoaggpwbjdvavzqfv/Build/Products/Debug-iphonesimulator/PackageFrameworks -F/Users/aadityasingh/Library/Developer/Xcode/DerivedData/Chatlio-erkyzdeecsohoaggpwbjdvavzqfv/Build/Products/Debug-iphonesimulator/PackageFrameworks -F/Users/aadityasingh/Library/Developer/Xcode/DerivedData/Chatlio-erkyzdeecsohoaggpwbjdvavzqfv/Build/Products/Debug-iphonesimulator/PackageFrameworks -F/Users/aadityasingh/Library/Developer/Xcode/DerivedData/Chatlio-erkyzdeecsohoaggpwbjdvavzqfv/Build/Products/Debug-iphonesimulator/PackageFrameworks -F/Users/aadityasingh/Library/Developer/Xcode/DerivedData/Chatlio-erkyzdeecsohoaggpwbjdvavzqfv/Build/Products/Debug-iphonesimulator/PackageFrameworks -F/Users/aadityasingh/Library/Developer/Xcode/DerivedData/Chatlio-erkyzdeecsohoaggpwbjdvavzqfv/Build/Products/Debug-iphonesimulator/PackageFrameworks -F/Users/aadityasingh/Library/Developer/Xcode/DerivedData/Chatlio-erkyzdeecsohoaggpwbjdvavzqfv/Build/Products/Debug-iphonesimulator/PackageFrameworks -F/Users/aadityasingh/Library/Developer/Xcode/DerivedData/Chatlio-erkyzdeecsohoaggpwbjdvavzqfv/Build/Products/Debug-iphonesimulator/PackageFrameworks -F/Users/aadityasingh/Library/Developer/Xcode/DerivedData/Chatlio-erkyzdeecsohoaggpwbjdvavzqfv/Build/Products/Debug-iphonesimulator/PackageFrameworks -F/Users/aadityasingh/Library/Developer/Xcode/DerivedData/Chatlio-erkyzdeecsohoaggpwbjdvavzqfv/Build/Products/Debug-iphonesimulator/PackageFrameworks -F/Users/aadityasingh/Library/Developer/Xcode/DerivedData/Chatlio-erkyzdeecsohoaggpwbjdvavzqfv/Build/Products/Debug-iphonesimulator -install_name @rpath/NSE.debug.dylib -Xlinker -dead_strip -rdynamic -Xlinker -no_deduplicate -Xlinker -objc_abi_version -Xlinker 2 -Xlinker -debug_variant -Xlinker -dependency_info -Xlinker /Users/aadityasingh/Library/Developer/Xcode/DerivedData/Chatlio-erkyzdeecsohoaggpwbjdvavzqfv/Build/Intermediates.noindex/Chatlio.build/Debug-iphonesimulator/NSE.build/Objects-normal/arm64/NSE_dependency_info.dat -Xlinker -sectcreate -Xlinker __TEXT -Xlinker __entitlements -Xlinker /Users/aadityasingh/Library/Developer/Xcode/DerivedData/Chatlio-erkyzdeecsohoaggpwbjdvavzqfv/Build/Intermediates.noindex/Chatlio.build/Debug-iphonesimulator/NSE.build/NSE.appex-Simulated.xcent -Xlinker -sectcreate -Xlinker __TEXT -Xlinker __ents_der -Xlinker /Users/aadityasingh/Library/Developer/Xcode/DerivedData/Chatlio-erkyzdeecsohoaggpwbjdvavzqfv/Build/Intermediates.noindex/Chatlio.build/Debug-iphonesimulator/NSE.build/NSE.appex-Simulated.xcent.der -Xlinker -no_adhoc_codesign -o /Users/aadityasingh/Library/Developer/Xcode/DerivedData/Chatlio-erkyzdeecsohoaggpwbjdvavzqfv/Build/Products/Debug-iphonesimulator/NSE.appex/__preview.dylib

Copy /Users/aadityasingh/Library/Developer/Xcode/DerivedData/Chatlio-erkyzdeecsohoaggpwbjdvavzqfv/Build/Products/Debug-iphonesimulator/ShareExtension.appex/CompoundDesignTokens_CompoundDesignTokens.bundle /Users/aadityasingh/Library/Developer/Xcode/DerivedData/Chatlio-erkyzdeecsohoaggpwbjdvavzqfv/Build/Products/Debug-iphonesimulator/CompoundDesignTokens_CompoundDesignTokens.bundle (in target 'ShareExtension' from project 'Chatlio')
    cd /Users/aadityasingh/Documents/Development/element-x-ios
    builtin-copy -exclude .DS_Store -exclude CVS -exclude .svn -exclude .git -exclude .hg -resolve-src-symlinks /Users/aadityasingh/Library/Developer/Xcode/DerivedData/Chatlio-erkyzdeecsohoaggpwbjdvavzqfv/Build/Products/Debug-iphonesimulator/CompoundDesignTokens_CompoundDesignTokens.bundle /Users/aadityasingh/Library/Developer/Xcode/DerivedData/Chatlio-erkyzdeecsohoaggpwbjdvavzqfv/Build/Products/Debug-iphonesimulator/ShareExtension.appex

CpResource /Users/aadityasingh/Library/Developer/Xcode/DerivedData/Chatlio-erkyzdeecsohoaggpwbjdvavzqfv/Build/Products/Debug-iphonesimulator/NSE.appex/PrivacyInfo.xcprivacy /Users/aadityasingh/Documents/Development/element-x-ios/NSE/SupportingFiles/PrivacyInfo.xcprivacy (in target 'NSE' from project 'Chatlio')
    cd /Users/aadityasingh/Documents/Development/element-x-ios
    builtin-copy -exclude .DS_Store -exclude CVS -exclude .svn -exclude .git -exclude .hg -resolve-src-symlinks /Users/aadityasingh/Documents/Development/element-x-ios/NSE/SupportingFiles/PrivacyInfo.xcprivacy /Users/aadityasingh/Library/Developer/Xcode/DerivedData/Chatlio-erkyzdeecsohoaggpwbjdvavzqfv/Build/Products/Debug-iphonesimulator/NSE.appex

Copy /Users/aadityasingh/Library/Developer/Xcode/DerivedData/Chatlio-erkyzdeecsohoaggpwbjdvavzqfv/Build/Products/Debug-iphonesimulator/NSE.appex/Kingfisher_Kingfisher.bundle /Users/aadityasingh/Library/Developer/Xcode/DerivedData/Chatlio-erkyzdeecsohoaggpwbjdvavzqfv/Build/Products/Debug-iphonesimulator/Kingfisher_Kingfisher.bundle (in target 'NSE' from project 'Chatlio')
    cd /Users/aadityasingh/Documents/Development/element-x-ios
    builtin-copy -exclude .DS_Store -exclude CVS -exclude .svn -exclude .git -exclude .hg -resolve-src-symlinks /Users/aadityasingh/Library/Developer/Xcode/DerivedData/Chatlio-erkyzdeecsohoaggpwbjdvavzqfv/Build/Products/Debug-iphonesimulator/Kingfisher_Kingfisher.bundle /Users/aadityasingh/Library/Developer/Xcode/DerivedData/Chatlio-erkyzdeecsohoaggpwbjdvavzqfv/Build/Products/Debug-iphonesimulator/NSE.appex

Copy /Users/aadityasingh/Library/Developer/Xcode/DerivedData/Chatlio-erkyzdeecsohoaggpwbjdvavzqfv/Build/Products/Debug-iphonesimulator/NSE.appex/CompoundDesignTokens_CompoundDesignTokens.bundle /Users/aadityasingh/Library/Developer/Xcode/DerivedData/Chatlio-erkyzdeecsohoaggpwbjdvavzqfv/Build/Products/Debug-iphonesimulator/CompoundDesignTokens_CompoundDesignTokens.bundle (in target 'NSE' from project 'Chatlio')
    cd /Users/aadityasingh/Documents/Development/element-x-ios
    builtin-copy -exclude .DS_Store -exclude CVS -exclude .svn -exclude .git -exclude .hg -resolve-src-symlinks /Users/aadityasingh/Library/Developer/Xcode/DerivedData/Chatlio-erkyzdeecsohoaggpwbjdvavzqfv/Build/Products/Debug-iphonesimulator/CompoundDesignTokens_CompoundDesignTokens.bundle /Users/aadityasingh/Library/Developer/Xcode/DerivedData/Chatlio-erkyzdeecsohoaggpwbjdvavzqfv/Build/Products/Debug-iphonesimulator/NSE.appex

Copy /Users/aadityasingh/Library/Developer/Xcode/DerivedData/Chatlio-erkyzdeecsohoaggpwbjdvavzqfv/Build/Products/Debug-iphonesimulator/NSE.appex/DeviceKit_DeviceKit.bundle /Users/aadityasingh/Library/Developer/Xcode/DerivedData/Chatlio-erkyzdeecsohoaggpwbjdvavzqfv/Build/Products/Debug-iphonesimulator/DeviceKit_DeviceKit.bundle (in target 'NSE' from project 'Chatlio')
    cd /Users/aadityasingh/Documents/Development/element-x-ios
    builtin-copy -exclude .DS_Store -exclude CVS -exclude .svn -exclude .git -exclude .hg -resolve-src-symlinks /Users/aadityasingh/Library/Developer/Xcode/DerivedData/Chatlio-erkyzdeecsohoaggpwbjdvavzqfv/Build/Products/Debug-iphonesimulator/DeviceKit_DeviceKit.bundle /Users/aadityasingh/Library/Developer/Xcode/DerivedData/Chatlio-erkyzdeecsohoaggpwbjdvavzqfv/Build/Products/Debug-iphonesimulator/NSE.appex

ProcessInfoPlistFile /Users/aadityasingh/Library/Developer/Xcode/DerivedData/Chatlio-erkyzdeecsohoaggpwbjdvavzqfv/Build/Products/Debug-iphonesimulator/NSE.appex/Info.plist /Users/aadityasingh/Documents/Development/element-x-ios/NSE/SupportingFiles/Info.plist (in target 'NSE' from project 'Chatlio')
    cd /Users/aadityasingh/Documents/Development/element-x-ios
    builtin-infoPlistUtility /Users/aadityasingh/Documents/Development/element-x-ios/NSE/SupportingFiles/Info.plist -producttype com.apple.product-type.app-extension -expandbuildsettings -format binary -platform iphonesimulator -scanforprivacyfile /Users/aadityasingh/Library/Developer/Xcode/DerivedData/Chatlio-erkyzdeecsohoaggpwbjdvavzqfv/Build/Products/Debug-iphonesimulator/NSE.appex/CompoundDesignTokens_CompoundDesignTokens.bundle -scanforprivacyfile /Users/aadityasingh/Library/Developer/Xcode/DerivedData/Chatlio-erkyzdeecsohoaggpwbjdvavzqfv/Build/Products/Debug-iphonesimulator/NSE.appex/DeviceKit_DeviceKit.bundle -scanforprivacyfile /Users/aadityasingh/Library/Developer/Xcode/DerivedData/Chatlio-erkyzdeecsohoaggpwbjdvavzqfv/Build/Products/Debug-iphonesimulator/NSE.appex/Kingfisher_Kingfisher.bundle -o /Users/aadityasingh/Library/Developer/Xcode/DerivedData/Chatlio-erkyzdeecsohoaggpwbjdvavzqfv/Build/Products/Debug-iphonesimulator/NSE.appex/Info.plist

ProcessInfoPlistFile /Users/aadityasingh/Library/Developer/Xcode/DerivedData/Chatlio-erkyzdeecsohoaggpwbjdvavzqfv/Build/Products/Debug-iphonesimulator/ShareExtension.appex/Info.plist /Users/aadityasingh/Documents/Development/element-x-ios/ShareExtension/SupportingFiles/Info.plist (in target 'ShareExtension' from project 'Chatlio')
    cd /Users/aadityasingh/Documents/Development/element-x-ios
    builtin-infoPlistUtility /Users/aadityasingh/Documents/Development/element-x-ios/ShareExtension/SupportingFiles/Info.plist -producttype com.apple.product-type.app-extension -expandbuildsettings -format binary -platform iphonesimulator -scanforprivacyfile /Users/aadityasingh/Library/Developer/Xcode/DerivedData/Chatlio-erkyzdeecsohoaggpwbjdvavzqfv/Build/Products/Debug-iphonesimulator/ShareExtension.appex/CompoundDesignTokens_CompoundDesignTokens.bundle -o /Users/aadityasingh/Library/Developer/Xcode/DerivedData/Chatlio-erkyzdeecsohoaggpwbjdvavzqfv/Build/Products/Debug-iphonesimulator/ShareExtension.appex/Info.plist

ConstructStubExecutorLinkFileList /Users/aadityasingh/Library/Developer/Xcode/DerivedData/Chatlio-erkyzdeecsohoaggpwbjdvavzqfv/Build/Intermediates.noindex/Chatlio.build/Debug-iphonesimulator/ShareExtension.build/ShareExtension-ExecutorLinkFileList-normal-arm64.txt (in target 'ShareExtension' from project 'Chatlio')
    cd /Users/aadityasingh/Documents/Development/element-x-ios
    construct-stub-executor-link-file-list /Users/aadityasingh/Library/Developer/Xcode/DerivedData/Chatlio-erkyzdeecsohoaggpwbjdvavzqfv/Build/Products/Debug-iphonesimulator/ShareExtension.appex/ShareExtension.debug.dylib /Applications/Xcode.app/Contents/Developer/Platforms/iPhoneSimulator.platform/Developer/usr/lib/libPreviewsJITStubExecutor_no_swift_entry_point.a /Applications/Xcode.app/Contents/Developer/Platforms/iPhoneSimulator.platform/Developer/usr/lib/libPreviewsJITStubExecutor.a --output /Users/aadityasingh/Library/Developer/Xcode/DerivedData/Chatlio-erkyzdeecsohoaggpwbjdvavzqfv/Build/Intermediates.noindex/Chatlio.build/Debug-iphonesimulator/ShareExtension.build/ShareExtension-ExecutorLinkFileList-normal-arm64.txt
note: Using stub executor library without Swift entry point. (in target 'ShareExtension' from project 'Chatlio')

GenerateDSYMFile /Users/aadityasingh/Library/Developer/Xcode/DerivedData/Chatlio-erkyzdeecsohoaggpwbjdvavzqfv/Build/Products/Debug-iphonesimulator/ShareExtension.appex.dSYM /Users/aadityasingh/Library/Developer/Xcode/DerivedData/Chatlio-erkyzdeecsohoaggpwbjdvavzqfv/Build/Products/Debug-iphonesimulator/ShareExtension.appex/ShareExtension.debug.dylib (in target 'ShareExtension' from project 'Chatlio')
    cd /Users/aadityasingh/Documents/Development/element-x-ios
    /Applications/Xcode.app/Contents/Developer/Toolchains/XcodeDefault.xctoolchain/usr/bin/dsymutil /Users/aadityasingh/Library/Developer/Xcode/DerivedData/Chatlio-erkyzdeecsohoaggpwbjdvavzqfv/Build/Products/Debug-iphonesimulator/ShareExtension.appex/ShareExtension.debug.dylib -o /Users/aadityasingh/Library/Developer/Xcode/DerivedData/Chatlio-erkyzdeecsohoaggpwbjdvavzqfv/Build/Products/Debug-iphonesimulator/ShareExtension.appex.dSYM

ConstructStubExecutorLinkFileList /Users/aadityasingh/Library/Developer/Xcode/DerivedData/Chatlio-erkyzdeecsohoaggpwbjdvavzqfv/Build/Intermediates.noindex/Chatlio.build/Debug-iphonesimulator/NSE.build/NSE-ExecutorLinkFileList-normal-arm64.txt (in target 'NSE' from project 'Chatlio')
    cd /Users/aadityasingh/Documents/Development/element-x-ios
    construct-stub-executor-link-file-list /Users/aadityasingh/Library/Developer/Xcode/DerivedData/Chatlio-erkyzdeecsohoaggpwbjdvavzqfv/Build/Products/Debug-iphonesimulator/NSE.appex/NSE.debug.dylib /Applications/Xcode.app/Contents/Developer/Platforms/iPhoneSimulator.platform/Developer/usr/lib/libPreviewsJITStubExecutor_no_swift_entry_point.a /Applications/Xcode.app/Contents/Developer/Platforms/iPhoneSimulator.platform/Developer/usr/lib/libPreviewsJITStubExecutor.a --output /Users/aadityasingh/Library/Developer/Xcode/DerivedData/Chatlio-erkyzdeecsohoaggpwbjdvavzqfv/Build/Intermediates.noindex/Chatlio.build/Debug-iphonesimulator/NSE.build/NSE-ExecutorLinkFileList-normal-arm64.txt
note: Using stub executor library without Swift entry point. (in target 'NSE' from project 'Chatlio')

GenerateDSYMFile /Users/aadityasingh/Library/Developer/Xcode/DerivedData/Chatlio-erkyzdeecsohoaggpwbjdvavzqfv/Build/Products/Debug-iphonesimulator/NSE.appex.dSYM /Users/aadityasingh/Library/Developer/Xcode/DerivedData/Chatlio-erkyzdeecsohoaggpwbjdvavzqfv/Build/Products/Debug-iphonesimulator/NSE.appex/NSE.debug.dylib (in target 'NSE' from project 'Chatlio')
    cd /Users/aadityasingh/Documents/Development/element-x-ios
    /Applications/Xcode.app/Contents/Developer/Toolchains/XcodeDefault.xctoolchain/usr/bin/dsymutil /Users/aadityasingh/Library/Developer/Xcode/DerivedData/Chatlio-erkyzdeecsohoaggpwbjdvavzqfv/Build/Products/Debug-iphonesimulator/NSE.appex/NSE.debug.dylib -o /Users/aadityasingh/Library/Developer/Xcode/DerivedData/Chatlio-erkyzdeecsohoaggpwbjdvavzqfv/Build/Products/Debug-iphonesimulator/NSE.appex.dSYM

Ld /Users/aadityasingh/Library/Developer/Xcode/DerivedData/Chatlio-erkyzdeecsohoaggpwbjdvavzqfv/Build/Products/Debug-iphonesimulator/ShareExtension.appex/ShareExtension normal (in target 'ShareExtension' from project 'Chatlio')
    cd /Users/aadityasingh/Documents/Development/element-x-ios
    /Applications/Xcode.app/Contents/Developer/Toolchains/XcodeDefault.xctoolchain/usr/bin/clang -Xlinker -reproducible -target arm64-apple-ios17.0-simulator -isysroot /Applications/Xcode.app/Contents/Developer/Platforms/iPhoneSimulator.platform/Developer/SDKs/iPhoneSimulator26.4.sdk -O0 -L/Users/aadityasingh/Library/Developer/Xcode/DerivedData/Chatlio-erkyzdeecsohoaggpwbjdvavzqfv/Build/Products/Debug-iphonesimulator -F/Users/aadityasingh/Library/Developer/Xcode/DerivedData/Chatlio-erkyzdeecsohoaggpwbjdvavzqfv/Build/Products/Debug-iphonesimulator/PackageFrameworks -F/Users/aadityasingh/Library/Developer/Xcode/DerivedData/Chatlio-erkyzdeecsohoaggpwbjdvavzqfv/Build/Products/Debug-iphonesimulator/PackageFrameworks -F/Users/aadityasingh/Library/Developer/Xcode/DerivedData/Chatlio-erkyzdeecsohoaggpwbjdvavzqfv/Build/Products/Debug-iphonesimulator/PackageFrameworks -F/Users/aadityasingh/Library/Developer/Xcode/DerivedData/Chatlio-erkyzdeecsohoaggpwbjdvavzqfv/Build/Products/Debug-iphonesimulator/PackageFrameworks -F/Users/aadityasingh/Library/Developer/Xcode/DerivedData/Chatlio-erkyzdeecsohoaggpwbjdvavzqfv/Build/Products/Debug-iphonesimulator/PackageFrameworks -F/Users/aadityasingh/Library/Developer/Xcode/DerivedData/Chatlio-erkyzdeecsohoaggpwbjdvavzqfv/Build/Products/Debug-iphonesimulator/PackageFrameworks -F/Users/aadityasingh/Library/Developer/Xcode/DerivedData/Chatlio-erkyzdeecsohoaggpwbjdvavzqfv/Build/Products/Debug-iphonesimulator/PackageFrameworks -F/Users/aadityasingh/Library/Developer/Xcode/DerivedData/Chatlio-erkyzdeecsohoaggpwbjdvavzqfv/Build/Products/Debug-iphonesimulator/PackageFrameworks -F/Users/aadityasingh/Library/Developer/Xcode/DerivedData/Chatlio-erkyzdeecsohoaggpwbjdvavzqfv/Build/Products/Debug-iphonesimulator/PackageFrameworks -F/Users/aadityasingh/Library/Developer/Xcode/DerivedData/Chatlio-erkyzdeecsohoaggpwbjdvavzqfv/Build/Products/Debug-iphonesimulator/PackageFrameworks -F/Users/aadityasingh/Library/Developer/Xcode/DerivedData/Chatlio-erkyzdeecsohoaggpwbjdvavzqfv/Build/Products/Debug-iphonesimulator/PackageFrameworks -F/Users/aadityasingh/Library/Developer/Xcode/DerivedData/Chatlio-erkyzdeecsohoaggpwbjdvavzqfv/Build/Products/Debug-iphonesimulator/PackageFrameworks -F/Users/aadityasingh/Library/Developer/Xcode/DerivedData/Chatlio-erkyzdeecsohoaggpwbjdvavzqfv/Build/Products/Debug-iphonesimulator/PackageFrameworks -F/Users/aadityasingh/Library/Developer/Xcode/DerivedData/Chatlio-erkyzdeecsohoaggpwbjdvavzqfv/Build/Products/Debug-iphonesimulator/PackageFrameworks -F/Users/aadityasingh/Library/Developer/Xcode/DerivedData/Chatlio-erkyzdeecsohoaggpwbjdvavzqfv/Build/Products/Debug-iphonesimulator -Xlinker -rpath -Xlinker @executable_path -Xlinker -rpath -Xlinker /Users/aadityasingh/Library/Developer/Xcode/DerivedData/Chatlio-erkyzdeecsohoaggpwbjdvavzqfv/Build/Products/Debug-iphonesimulator/PackageFrameworks -Xlinker -rpath -Xlinker @executable_path/Frameworks -Xlinker -rpath -Xlinker @executable_path/../../Frameworks -rdynamic -Xlinker -no_deduplicate -Xlinker -objc_abi_version -Xlinker 2 -Xlinker -debug_variant -e ___debug_blank_executor_main -Xlinker -sectcreate -Xlinker __TEXT -Xlinker __debug_dylib -Xlinker /Users/aadityasingh/Library/Developer/Xcode/DerivedData/Chatlio-erkyzdeecsohoaggpwbjdvavzqfv/Build/Intermediates.noindex/Chatlio.build/Debug-iphonesimulator/ShareExtension.build/ShareExtension-DebugDylibPath-normal-arm64.txt -Xlinker -sectcreate -Xlinker __TEXT -Xlinker __debug_entry -Xlinker /Users/aadityasingh/Library/Developer/Xcode/DerivedData/Chatlio-erkyzdeecsohoaggpwbjdvavzqfv/Build/Intermediates.noindex/Chatlio.build/Debug-iphonesimulator/ShareExtension.build/ShareExtension-DebugEntryPoint-normal-arm64.txt -Xlinker -sectcreate -Xlinker __TEXT -Xlinker __debug_instlnm -Xlinker /Users/aadityasingh/Library/Developer/Xcode/DerivedData/Chatlio-erkyzdeecsohoaggpwbjdvavzqfv/Build/Intermediates.noindex/Chatlio.build/Debug-iphonesimulator/ShareExtension.build/ShareExtension-DebugDylibInstallName-normal-arm64.txt -Xlinker -filelist -Xlinker /Users/aadityasingh/Library/Developer/Xcode/DerivedData/Chatlio-erkyzdeecsohoaggpwbjdvavzqfv/Build/Intermediates.noindex/Chatlio.build/Debug-iphonesimulator/ShareExtension.build/ShareExtension-ExecutorLinkFileList-normal-arm64.txt -Xlinker -sectcreate -Xlinker __TEXT -Xlinker __entitlements -Xlinker /Users/aadityasingh/Library/Developer/Xcode/DerivedData/Chatlio-erkyzdeecsohoaggpwbjdvavzqfv/Build/Intermediates.noindex/Chatlio.build/Debug-iphonesimulator/ShareExtension.build/ShareExtension.appex-Simulated.xcent -Xlinker -sectcreate -Xlinker __TEXT -Xlinker __ents_der -Xlinker /Users/aadityasingh/Library/Developer/Xcode/DerivedData/Chatlio-erkyzdeecsohoaggpwbjdvavzqfv/Build/Intermediates.noindex/Chatlio.build/Debug-iphonesimulator/ShareExtension.build/ShareExtension.appex-Simulated.xcent.der /Users/aadityasingh/Library/Developer/Xcode/DerivedData/Chatlio-erkyzdeecsohoaggpwbjdvavzqfv/Build/Products/Debug-iphonesimulator/ShareExtension.appex/ShareExtension.debug.dylib -Xlinker -no_adhoc_codesign -o /Users/aadityasingh/Library/Developer/Xcode/DerivedData/Chatlio-erkyzdeecsohoaggpwbjdvavzqfv/Build/Products/Debug-iphonesimulator/ShareExtension.appex/ShareExtension

Ld /Users/aadityasingh/Library/Developer/Xcode/DerivedData/Chatlio-erkyzdeecsohoaggpwbjdvavzqfv/Build/Products/Debug-iphonesimulator/NSE.appex/NSE normal (in target 'NSE' from project 'Chatlio')
    cd /Users/aadityasingh/Documents/Development/element-x-ios
    /Applications/Xcode.app/Contents/Developer/Toolchains/XcodeDefault.xctoolchain/usr/bin/clang -Xlinker -reproducible -target arm64-apple-ios17.0-simulator -isysroot /Applications/Xcode.app/Contents/Developer/Platforms/iPhoneSimulator.platform/Developer/SDKs/iPhoneSimulator26.4.sdk -O0 -L/Users/aadityasingh/Library/Developer/Xcode/DerivedData/Chatlio-erkyzdeecsohoaggpwbjdvavzqfv/Build/Products/Debug-iphonesimulator -F/Users/aadityasingh/Library/Developer/Xcode/DerivedData/Chatlio-erkyzdeecsohoaggpwbjdvavzqfv/Build/Products/Debug-iphonesimulator/PackageFrameworks -F/Users/aadityasingh/Library/Developer/Xcode/DerivedData/Chatlio-erkyzdeecsohoaggpwbjdvavzqfv/Build/Products/Debug-iphonesimulator/PackageFrameworks -F/Users/aadityasingh/Library/Developer/Xcode/DerivedData/Chatlio-erkyzdeecsohoaggpwbjdvavzqfv/Build/Products/Debug-iphonesimulator/PackageFrameworks -F/Users/aadityasingh/Library/Developer/Xcode/DerivedData/Chatlio-erkyzdeecsohoaggpwbjdvavzqfv/Build/Products/Debug-iphonesimulator/PackageFrameworks -F/Users/aadityasingh/Library/Developer/Xcode/DerivedData/Chatlio-erkyzdeecsohoaggpwbjdvavzqfv/Build/Products/Debug-iphonesimulator/PackageFrameworks -F/Users/aadityasingh/Library/Developer/Xcode/DerivedData/Chatlio-erkyzdeecsohoaggpwbjdvavzqfv/Build/Products/Debug-iphonesimulator/PackageFrameworks -F/Users/aadityasingh/Library/Developer/Xcode/DerivedData/Chatlio-erkyzdeecsohoaggpwbjdvavzqfv/Build/Products/Debug-iphonesimulator/PackageFrameworks -F/Users/aadityasingh/Library/Developer/Xcode/DerivedData/Chatlio-erkyzdeecsohoaggpwbjdvavzqfv/Build/Products/Debug-iphonesimulator/PackageFrameworks -F/Users/aadityasingh/Library/Developer/Xcode/DerivedData/Chatlio-erkyzdeecsohoaggpwbjdvavzqfv/Build/Products/Debug-iphonesimulator/PackageFrameworks -F/Users/aadityasingh/Library/Developer/Xcode/DerivedData/Chatlio-erkyzdeecsohoaggpwbjdvavzqfv/Build/Products/Debug-iphonesimulator/PackageFrameworks -F/Users/aadityasingh/Library/Developer/Xcode/DerivedData/Chatlio-erkyzdeecsohoaggpwbjdvavzqfv/Build/Products/Debug-iphonesimulator/PackageFrameworks -F/Users/aadityasingh/Library/Developer/Xcode/DerivedData/Chatlio-erkyzdeecsohoaggpwbjdvavzqfv/Build/Products/Debug-iphonesimulator/PackageFrameworks -F/Users/aadityasingh/Library/Developer/Xcode/DerivedData/Chatlio-erkyzdeecsohoaggpwbjdvavzqfv/Build/Products/Debug-iphonesimulator/PackageFrameworks -F/Users/aadityasingh/Library/Developer/Xcode/DerivedData/Chatlio-erkyzdeecsohoaggpwbjdvavzqfv/Build/Products/Debug-iphonesimulator/PackageFrameworks -F/Users/aadityasingh/Library/Developer/Xcode/DerivedData/Chatlio-erkyzdeecsohoaggpwbjdvavzqfv/Build/Products/Debug-iphonesimulator/PackageFrameworks -F/Users/aadityasingh/Library/Developer/Xcode/DerivedData/Chatlio-erkyzdeecsohoaggpwbjdvavzqfv/Build/Products/Debug-iphonesimulator/PackageFrameworks -F/Users/aadityasingh/Library/Developer/Xcode/DerivedData/Chatlio-erkyzdeecsohoaggpwbjdvavzqfv/Build/Products/Debug-iphonesimulator/PackageFrameworks -F/Users/aadityasingh/Library/Developer/Xcode/DerivedData/Chatlio-erkyzdeecsohoaggpwbjdvavzqfv/Build/Products/Debug-iphonesimulator/PackageFrameworks -F/Users/aadityasingh/Library/Developer/Xcode/DerivedData/Chatlio-erkyzdeecsohoaggpwbjdvavzqfv/Build/Products/Debug-iphonesimulator/PackageFrameworks -F/Users/aadityasingh/Library/Developer/Xcode/DerivedData/Chatlio-erkyzdeecsohoaggpwbjdvavzqfv/Build/Products/Debug-iphonesimulator/PackageFrameworks -F/Users/aadityasingh/Library/Developer/Xcode/DerivedData/Chatlio-erkyzdeecsohoaggpwbjdvavzqfv/Build/Products/Debug-iphonesimulator/PackageFrameworks -F/Users/aadityasingh/Library/Developer/Xcode/DerivedData/Chatlio-erkyzdeecsohoaggpwbjdvavzqfv/Build/Products/Debug-iphonesimulator -Xlinker -rpath -Xlinker @executable_path -Xlinker -rpath -Xlinker /Users/aadityasingh/Library/Developer/Xcode/DerivedData/Chatlio-erkyzdeecsohoaggpwbjdvavzqfv/Build/Products/Debug-iphonesimulator/PackageFrameworks -Xlinker -rpath -Xlinker @executable_path/Frameworks -Xlinker -rpath -Xlinker @executable_path/../../Frameworks -rdynamic -Xlinker -no_deduplicate -Xlinker -objc_abi_version -Xlinker 2 -Xlinker -debug_variant -e ___debug_blank_executor_main -Xlinker -sectcreate -Xlinker __TEXT -Xlinker __debug_dylib -Xlinker /Users/aadityasingh/Library/Developer/Xcode/DerivedData/Chatlio-erkyzdeecsohoaggpwbjdvavzqfv/Build/Intermediates.noindex/Chatlio.build/Debug-iphonesimulator/NSE.build/NSE-DebugDylibPath-normal-arm64.txt -Xlinker -sectcreate -Xlinker __TEXT -Xlinker __debug_entry -Xlinker /Users/aadityasingh/Library/Developer/Xcode/DerivedData/Chatlio-erkyzdeecsohoaggpwbjdvavzqfv/Build/Intermediates.noindex/Chatlio.build/Debug-iphonesimulator/NSE.build/NSE-DebugEntryPoint-normal-arm64.txt -Xlinker -sectcreate -Xlinker __TEXT -Xlinker __debug_instlnm -Xlinker /Users/aadityasingh/Library/Developer/Xcode/DerivedData/Chatlio-erkyzdeecsohoaggpwbjdvavzqfv/Build/Intermediates.noindex/Chatlio.build/Debug-iphonesimulator/NSE.build/NSE-DebugDylibInstallName-normal-arm64.txt -Xlinker -filelist -Xlinker /Users/aadityasingh/Library/Developer/Xcode/DerivedData/Chatlio-erkyzdeecsohoaggpwbjdvavzqfv/Build/Intermediates.noindex/Chatlio.build/Debug-iphonesimulator/NSE.build/NSE-ExecutorLinkFileList-normal-arm64.txt -Xlinker -sectcreate -Xlinker __TEXT -Xlinker __entitlements -Xlinker /Users/aadityasingh/Library/Developer/Xcode/DerivedData/Chatlio-erkyzdeecsohoaggpwbjdvavzqfv/Build/Intermediates.noindex/Chatlio.build/Debug-iphonesimulator/NSE.build/NSE.appex-Simulated.xcent -Xlinker -sectcreate -Xlinker __TEXT -Xlinker __ents_der -Xlinker /Users/aadityasingh/Library/Developer/Xcode/DerivedData/Chatlio-erkyzdeecsohoaggpwbjdvavzqfv/Build/Intermediates.noindex/Chatlio.build/Debug-iphonesimulator/NSE.build/NSE.appex-Simulated.xcent.der /Users/aadityasingh/Library/Developer/Xcode/DerivedData/Chatlio-erkyzdeecsohoaggpwbjdvavzqfv/Build/Products/Debug-iphonesimulator/NSE.appex/NSE.debug.dylib -Xlinker -no_adhoc_codesign -o /Users/aadityasingh/Library/Developer/Xcode/DerivedData/Chatlio-erkyzdeecsohoaggpwbjdvavzqfv/Build/Products/Debug-iphonesimulator/NSE.appex/NSE

GenerateDSYMFile /Users/aadityasingh/Library/Developer/Xcode/DerivedData/Chatlio-erkyzdeecsohoaggpwbjdvavzqfv/Build/Products/Debug-iphonesimulator/ShareExtension.appex.dSYM /Users/aadityasingh/Library/Developer/Xcode/DerivedData/Chatlio-erkyzdeecsohoaggpwbjdvavzqfv/Build/Products/Debug-iphonesimulator/ShareExtension.appex/ShareExtension (in target 'ShareExtension' from project 'Chatlio')
    cd /Users/aadityasingh/Documents/Development/element-x-ios
    /Applications/Xcode.app/Contents/Developer/Toolchains/XcodeDefault.xctoolchain/usr/bin/dsymutil -q /Users/aadityasingh/Library/Developer/Xcode/DerivedData/Chatlio-erkyzdeecsohoaggpwbjdvavzqfv/Build/Products/Debug-iphonesimulator/ShareExtension.appex/ShareExtension -o /Users/aadityasingh/Library/Developer/Xcode/DerivedData/Chatlio-erkyzdeecsohoaggpwbjdvavzqfv/Build/Products/Debug-iphonesimulator/ShareExtension.appex.dSYM

ExtractAppIntentsMetadata (in target 'ShareExtension' from project 'Chatlio')
    cd /Users/aadityasingh/Documents/Development/element-x-ios
    /Applications/Xcode.app/Contents/Developer/Toolchains/XcodeDefault.xctoolchain/usr/bin/appintentsmetadataprocessor --toolchain-dir /Applications/Xcode.app/Contents/Developer/Toolchains/XcodeDefault.xctoolchain --module-name ShareExtension --sdk-root /Applications/Xcode.app/Contents/Developer/Platforms/iPhoneSimulator.platform/Developer/SDKs/iPhoneSimulator26.4.sdk --xcode-version 17E202 --platform-family iOS --deployment-target 17.0 --bundle-identifier im.word.skin.chatlio.shareextension --output /Users/aadityasingh/Library/Developer/Xcode/DerivedData/Chatlio-erkyzdeecsohoaggpwbjdvavzqfv/Build/Products/Debug-iphonesimulator/ShareExtension.appex --target-triple arm64-apple-ios17.0-simulator --binary-file /Users/aadityasingh/Library/Developer/Xcode/DerivedData/Chatlio-erkyzdeecsohoaggpwbjdvavzqfv/Build/Products/Debug-iphonesimulator/ShareExtension.appex/ShareExtension --dependency-file /Users/aadityasingh/Library/Developer/Xcode/DerivedData/Chatlio-erkyzdeecsohoaggpwbjdvavzqfv/Build/Intermediates.noindex/Chatlio.build/Debug-iphonesimulator/ShareExtension.build/Objects-normal/arm64/ShareExtension_dependency_info.dat --stringsdata-file /Users/aadityasingh/Library/Developer/Xcode/DerivedData/Chatlio-erkyzdeecsohoaggpwbjdvavzqfv/Build/Intermediates.noindex/Chatlio.build/Debug-iphonesimulator/ShareExtension.build/Objects-normal/arm64/ExtractedAppShortcutsMetadata.stringsdata --source-file-list /Users/aadityasingh/Library/Developer/Xcode/DerivedData/Chatlio-erkyzdeecsohoaggpwbjdvavzqfv/Build/Intermediates.noindex/Chatlio.build/Debug-iphonesimulator/ShareExtension.build/Objects-normal/arm64/ShareExtension.SwiftFileList --metadata-file-list /Users/aadityasingh/Library/Developer/Xcode/DerivedData/Chatlio-erkyzdeecsohoaggpwbjdvavzqfv/Build/Intermediates.noindex/Chatlio.build/Debug-iphonesimulator/ShareExtension.build/ShareExtension.DependencyMetadataFileList --static-metadata-file-list /Users/aadityasingh/Library/Developer/Xcode/DerivedData/Chatlio-erkyzdeecsohoaggpwbjdvavzqfv/Build/Intermediates.noindex/Chatlio.build/Debug-iphonesimulator/ShareExtension.build/ShareExtension.DependencyStaticMetadataFileList --swift-const-vals-list /Users/aadityasingh/Library/Developer/Xcode/DerivedData/Chatlio-erkyzdeecsohoaggpwbjdvavzqfv/Build/Intermediates.noindex/Chatlio.build/Debug-iphonesimulator/ShareExtension.build/Objects-normal/arm64/ShareExtension.SwiftConstValuesFileList --compile-time-extraction --deployment-aware-processing --validate-assistant-intents --no-app-shortcuts-localization
2026-05-11 21:59:36.309 appintentsmetadataprocessor[90905:2468280] Starting appintentsmetadataprocessor export
2026-05-11 21:59:36.325 appintentsmetadataprocessor[90905:2468280] Extracted no relevant App Intents symbols, skipping writing output

GenerateDSYMFile /Users/aadityasingh/Library/Developer/Xcode/DerivedData/Chatlio-erkyzdeecsohoaggpwbjdvavzqfv/Build/Products/Debug-iphonesimulator/NSE.appex.dSYM /Users/aadityasingh/Library/Developer/Xcode/DerivedData/Chatlio-erkyzdeecsohoaggpwbjdvavzqfv/Build/Products/Debug-iphonesimulator/NSE.appex/NSE (in target 'NSE' from project 'Chatlio')
    cd /Users/aadityasingh/Documents/Development/element-x-ios
    /Applications/Xcode.app/Contents/Developer/Toolchains/XcodeDefault.xctoolchain/usr/bin/dsymutil -q /Users/aadityasingh/Library/Developer/Xcode/DerivedData/Chatlio-erkyzdeecsohoaggpwbjdvavzqfv/Build/Products/Debug-iphonesimulator/NSE.appex/NSE -o /Users/aadityasingh/Library/Developer/Xcode/DerivedData/Chatlio-erkyzdeecsohoaggpwbjdvavzqfv/Build/Products/Debug-iphonesimulator/NSE.appex.dSYM

ExtractAppIntentsMetadata (in target 'NSE' from project 'Chatlio')
    cd /Users/aadityasingh/Documents/Development/element-x-ios
    /Applications/Xcode.app/Contents/Developer/Toolchains/XcodeDefault.xctoolchain/usr/bin/appintentsmetadataprocessor --toolchain-dir /Applications/Xcode.app/Contents/Developer/Toolchains/XcodeDefault.xctoolchain --module-name NSE --sdk-root /Applications/Xcode.app/Contents/Developer/Platforms/iPhoneSimulator.platform/Developer/SDKs/iPhoneSimulator26.4.sdk --xcode-version 17E202 --platform-family iOS --deployment-target 17.0 --bundle-identifier im.word.skin.chatlio.nse --output /Users/aadityasingh/Library/Developer/Xcode/DerivedData/Chatlio-erkyzdeecsohoaggpwbjdvavzqfv/Build/Products/Debug-iphonesimulator/NSE.appex --target-triple arm64-apple-ios17.0-simulator --binary-file /Users/aadityasingh/Library/Developer/Xcode/DerivedData/Chatlio-erkyzdeecsohoaggpwbjdvavzqfv/Build/Products/Debug-iphonesimulator/NSE.appex/NSE --dependency-file /Users/aadityasingh/Library/Developer/Xcode/DerivedData/Chatlio-erkyzdeecsohoaggpwbjdvavzqfv/Build/Intermediates.noindex/Chatlio.build/Debug-iphonesimulator/NSE.build/Objects-normal/arm64/NSE_dependency_info.dat --stringsdata-file /Users/aadityasingh/Library/Developer/Xcode/DerivedData/Chatlio-erkyzdeecsohoaggpwbjdvavzqfv/Build/Intermediates.noindex/Chatlio.build/Debug-iphonesimulator/NSE.build/Objects-normal/arm64/ExtractedAppShortcutsMetadata.stringsdata --source-file-list /Users/aadityasingh/Library/Developer/Xcode/DerivedData/Chatlio-erkyzdeecsohoaggpwbjdvavzqfv/Build/Intermediates.noindex/Chatlio.build/Debug-iphonesimulator/NSE.build/Objects-normal/arm64/NSE.SwiftFileList --metadata-file-list /Users/aadityasingh/Library/Developer/Xcode/DerivedData/Chatlio-erkyzdeecsohoaggpwbjdvavzqfv/Build/Intermediates.noindex/Chatlio.build/Debug-iphonesimulator/NSE.build/NSE.DependencyMetadataFileList --static-metadata-file-list /Users/aadityasingh/Library/Developer/Xcode/DerivedData/Chatlio-erkyzdeecsohoaggpwbjdvavzqfv/Build/Intermediates.noindex/Chatlio.build/Debug-iphonesimulator/NSE.build/NSE.DependencyStaticMetadataFileList --swift-const-vals-list /Users/aadityasingh/Library/Developer/Xcode/DerivedData/Chatlio-erkyzdeecsohoaggpwbjdvavzqfv/Build/Intermediates.noindex/Chatlio.build/Debug-iphonesimulator/NSE.build/Objects-normal/arm64/NSE.SwiftConstValuesFileList --compile-time-extraction --deployment-aware-processing --validate-assistant-intents --no-app-shortcuts-localization
2026-05-11 21:59:36.325 appintentsmetadataprocessor[90907:2468293] Starting appintentsmetadataprocessor export
2026-05-11 21:59:36.346 appintentsmetadataprocessor[90907:2468293] Extracted no relevant App Intents symbols, skipping writing output

AppIntentsSSUTraining (in target 'ShareExtension' from project 'Chatlio')
    cd /Users/aadityasingh/Documents/Development/element-x-ios
    /Applications/Xcode.app/Contents/Developer/Toolchains/XcodeDefault.xctoolchain/usr/bin/appintentsnltrainingprocessor --infoplist-path /Users/aadityasingh/Library/Developer/Xcode/DerivedData/Chatlio-erkyzdeecsohoaggpwbjdvavzqfv/Build/Products/Debug-iphonesimulator/ShareExtension.appex/Info.plist --temp-dir-path /Users/aadityasingh/Library/Developer/Xcode/DerivedData/Chatlio-erkyzdeecsohoaggpwbjdvavzqfv/Build/Intermediates.noindex/Chatlio.build/Debug-iphonesimulator/ShareExtension.build/ssu --bundle-id im.word.skin.chatlio.shareextension --product-path /Users/aadityasingh/Library/Developer/Xcode/DerivedData/Chatlio-erkyzdeecsohoaggpwbjdvavzqfv/Build/Products/Debug-iphonesimulator/ShareExtension.appex --extracted-metadata-path /Users/aadityasingh/Library/Developer/Xcode/DerivedData/Chatlio-erkyzdeecsohoaggpwbjdvavzqfv/Build/Products/Debug-iphonesimulator/ShareExtension.appex/Metadata.appintents --metadata-file-list /Users/aadityasingh/Library/Developer/Xcode/DerivedData/Chatlio-erkyzdeecsohoaggpwbjdvavzqfv/Build/Intermediates.noindex/Chatlio.build/Debug-iphonesimulator/ShareExtension.build/ShareExtension.DependencyMetadataFileList --source-file /Users/aadityasingh/Library/Developer/Xcode/DerivedData/Chatlio-erkyzdeecsohoaggpwbjdvavzqfv/Build/Products/Debug-iphonesimulator/ShareExtension.appex/Info.plist --archive-ssu-assets
2026-05-11 21:59:36.344 appintentsnltrainingprocessor[90908:2468300] Parsing options for appintentsnltrainingprocessor
2026-05-11 21:59:36.344 appintentsnltrainingprocessor[90908:2468300] Starting AppIntents SSU YAML Generation
2026-05-11 21:59:36.344 appintentsnltrainingprocessor[90908:2468300] No AppShortcuts found - Skipping.

AppIntentsSSUTraining (in target 'NSE' from project 'Chatlio')
    cd /Users/aadityasingh/Documents/Development/element-x-ios
    /Applications/Xcode.app/Contents/Developer/Toolchains/XcodeDefault.xctoolchain/usr/bin/appintentsnltrainingprocessor --infoplist-path /Users/aadityasingh/Library/Developer/Xcode/DerivedData/Chatlio-erkyzdeecsohoaggpwbjdvavzqfv/Build/Products/Debug-iphonesimulator/NSE.appex/Info.plist --temp-dir-path /Users/aadityasingh/Library/Developer/Xcode/DerivedData/Chatlio-erkyzdeecsohoaggpwbjdvavzqfv/Build/Intermediates.noindex/Chatlio.build/Debug-iphonesimulator/NSE.build/ssu --bundle-id im.word.skin.chatlio.nse --product-path /Users/aadityasingh/Library/Developer/Xcode/DerivedData/Chatlio-erkyzdeecsohoaggpwbjdvavzqfv/Build/Products/Debug-iphonesimulator/NSE.appex --extracted-metadata-path /Users/aadityasingh/Library/Developer/Xcode/DerivedData/Chatlio-erkyzdeecsohoaggpwbjdvavzqfv/Build/Products/Debug-iphonesimulator/NSE.appex/Metadata.appintents --metadata-file-list /Users/aadityasingh/Library/Developer/Xcode/DerivedData/Chatlio-erkyzdeecsohoaggpwbjdvavzqfv/Build/Intermediates.noindex/Chatlio.build/Debug-iphonesimulator/NSE.build/NSE.DependencyMetadataFileList --source-file /Users/aadityasingh/Library/Developer/Xcode/DerivedData/Chatlio-erkyzdeecsohoaggpwbjdvavzqfv/Build/Products/Debug-iphonesimulator/NSE.appex/Info.plist --archive-ssu-assets
2026-05-11 21:59:36.364 appintentsnltrainingprocessor[90909:2468303] Parsing options for appintentsnltrainingprocessor
2026-05-11 21:59:36.364 appintentsnltrainingprocessor[90909:2468303] Starting AppIntents SSU YAML Generation
2026-05-11 21:59:36.364 appintentsnltrainingprocessor[90909:2468303] No AppShortcuts found - Skipping.

CodeSign /Users/aadityasingh/Library/Developer/Xcode/DerivedData/Chatlio-erkyzdeecsohoaggpwbjdvavzqfv/Build/Products/Debug-iphonesimulator/ShareExtension.appex/ShareExtension.debug.dylib (in target 'ShareExtension' from project 'Chatlio')
    cd /Users/aadityasingh/Documents/Development/element-x-ios
    
    Signing Identity:     "Sign to Run Locally"
    
    /usr/bin/codesign --force --sign - --timestamp\=none --generate-entitlement-der /Users/aadityasingh/Library/Developer/Xcode/DerivedData/Chatlio-erkyzdeecsohoaggpwbjdvavzqfv/Build/Products/Debug-iphonesimulator/ShareExtension.appex/ShareExtension.debug.dylib

CodeSign /Users/aadityasingh/Library/Developer/Xcode/DerivedData/Chatlio-erkyzdeecsohoaggpwbjdvavzqfv/Build/Products/Debug-iphonesimulator/ShareExtension.appex/__preview.dylib (in target 'ShareExtension' from project 'Chatlio')
    cd /Users/aadityasingh/Documents/Development/element-x-ios
    
    Signing Identity:     "Sign to Run Locally"
    
    /usr/bin/codesign --force --sign - --timestamp\=none --generate-entitlement-der /Users/aadityasingh/Library/Developer/Xcode/DerivedData/Chatlio-erkyzdeecsohoaggpwbjdvavzqfv/Build/Products/Debug-iphonesimulator/ShareExtension.appex/__preview.dylib

CodeSign /Users/aadityasingh/Library/Developer/Xcode/DerivedData/Chatlio-erkyzdeecsohoaggpwbjdvavzqfv/Build/Products/Debug-iphonesimulator/ShareExtension.appex (in target 'ShareExtension' from project 'Chatlio')
    cd /Users/aadityasingh/Documents/Development/element-x-ios
    
    Signing Identity:     "Sign to Run Locally"
    
    /usr/bin/codesign --force --sign - --entitlements /Users/aadityasingh/Library/Developer/Xcode/DerivedData/Chatlio-erkyzdeecsohoaggpwbjdvavzqfv/Build/Intermediates.noindex/Chatlio.build/Debug-iphonesimulator/ShareExtension.build/ShareExtension.appex.xcent --timestamp\=none --generate-entitlement-der /Users/aadityasingh/Library/Developer/Xcode/DerivedData/Chatlio-erkyzdeecsohoaggpwbjdvavzqfv/Build/Products/Debug-iphonesimulator/ShareExtension.appex

RegisterExecutionPolicyException /Users/aadityasingh/Library/Developer/Xcode/DerivedData/Chatlio-erkyzdeecsohoaggpwbjdvavzqfv/Build/Products/Debug-iphonesimulator/ShareExtension.appex (in target 'ShareExtension' from project 'Chatlio')
    cd /Users/aadityasingh/Documents/Development/element-x-ios
    builtin-RegisterExecutionPolicyException /Users/aadityasingh/Library/Developer/Xcode/DerivedData/Chatlio-erkyzdeecsohoaggpwbjdvavzqfv/Build/Products/Debug-iphonesimulator/ShareExtension.appex

Touch /Users/aadityasingh/Library/Developer/Xcode/DerivedData/Chatlio-erkyzdeecsohoaggpwbjdvavzqfv/Build/Products/Debug-iphonesimulator/ShareExtension.appex (in target 'ShareExtension' from project 'Chatlio')
    cd /Users/aadityasingh/Documents/Development/element-x-ios
    /usr/bin/touch -c /Users/aadityasingh/Library/Developer/Xcode/DerivedData/Chatlio-erkyzdeecsohoaggpwbjdvavzqfv/Build/Products/Debug-iphonesimulator/ShareExtension.appex

CodeSign /Users/aadityasingh/Library/Developer/Xcode/DerivedData/Chatlio-erkyzdeecsohoaggpwbjdvavzqfv/Build/Products/Debug-iphonesimulator/NSE.appex/NSE.debug.dylib (in target 'NSE' from project 'Chatlio')
    cd /Users/aadityasingh/Documents/Development/element-x-ios
    
    Signing Identity:     "Sign to Run Locally"
    
    /usr/bin/codesign --force --sign - --timestamp\=none --generate-entitlement-der /Users/aadityasingh/Library/Developer/Xcode/DerivedData/Chatlio-erkyzdeecsohoaggpwbjdvavzqfv/Build/Products/Debug-iphonesimulator/NSE.appex/NSE.debug.dylib

CodeSign /Users/aadityasingh/Library/Developer/Xcode/DerivedData/Chatlio-erkyzdeecsohoaggpwbjdvavzqfv/Build/Products/Debug-iphonesimulator/NSE.appex/__preview.dylib (in target 'NSE' from project 'Chatlio')
    cd /Users/aadityasingh/Documents/Development/element-x-ios
    
    Signing Identity:     "Sign to Run Locally"
    
    /usr/bin/codesign --force --sign - --timestamp\=none --generate-entitlement-der /Users/aadityasingh/Library/Developer/Xcode/DerivedData/Chatlio-erkyzdeecsohoaggpwbjdvavzqfv/Build/Products/Debug-iphonesimulator/NSE.appex/__preview.dylib

CodeSign /Users/aadityasingh/Library/Developer/Xcode/DerivedData/Chatlio-erkyzdeecsohoaggpwbjdvavzqfv/Build/Products/Debug-iphonesimulator/NSE.appex (in target 'NSE' from project 'Chatlio')
    cd /Users/aadityasingh/Documents/Development/element-x-ios
    
    Signing Identity:     "Sign to Run Locally"
    
    /usr/bin/codesign --force --sign - --entitlements /Users/aadityasingh/Library/Developer/Xcode/DerivedData/Chatlio-erkyzdeecsohoaggpwbjdvavzqfv/Build/Intermediates.noindex/Chatlio.build/Debug-iphonesimulator/NSE.build/NSE.appex.xcent --timestamp\=none --generate-entitlement-der /Users/aadityasingh/Library/Developer/Xcode/DerivedData/Chatlio-erkyzdeecsohoaggpwbjdvavzqfv/Build/Products/Debug-iphonesimulator/NSE.appex

RegisterExecutionPolicyException /Users/aadityasingh/Library/Developer/Xcode/DerivedData/Chatlio-erkyzdeecsohoaggpwbjdvavzqfv/Build/Products/Debug-iphonesimulator/NSE.appex (in target 'NSE' from project 'Chatlio')
    cd /Users/aadityasingh/Documents/Development/element-x-ios
    builtin-RegisterExecutionPolicyException /Users/aadityasingh/Library/Developer/Xcode/DerivedData/Chatlio-erkyzdeecsohoaggpwbjdvavzqfv/Build/Products/Debug-iphonesimulator/NSE.appex

Touch /Users/aadityasingh/Library/Developer/Xcode/DerivedData/Chatlio-erkyzdeecsohoaggpwbjdvavzqfv/Build/Products/Debug-iphonesimulator/NSE.appex (in target 'NSE' from project 'Chatlio')
    cd /Users/aadityasingh/Documents/Development/element-x-ios
    /usr/bin/touch -c /Users/aadityasingh/Library/Developer/Xcode/DerivedData/Chatlio-erkyzdeecsohoaggpwbjdvavzqfv/Build/Products/Debug-iphonesimulator/NSE.appex

PhaseScriptExecution 🛠\ SwiftGen /Users/aadityasingh/Library/Developer/Xcode/DerivedData/Chatlio-erkyzdeecsohoaggpwbjdvavzqfv/Build/Intermediates.noindex/Chatlio.build/Debug-iphonesimulator/Chatlio.build/Script-AA642C01FFF0E2F0BE584867.sh (in target 'Chatlio' from project 'Chatlio')
    cd /Users/aadityasingh/Documents/Development/element-x-ios
    export ACTION\=build
    export AD_HOC_CODE_SIGNING_ALLOWED\=YES
    export AGGREGATE_TRACKED_DOMAINS\=YES
    export ALLOW_BUILD_REQUEST_OVERRIDES\=NO
    export ALLOW_TARGET_PLATFORM_SPECIALIZATION\=NO
    export ALTERNATE_GROUP\=staff
    export ALTERNATE_MODE\=u+w,go-w,a+rX
    export ALTERNATE_OWNER\=aadityasingh
    export ALTERNATIVE_DISTRIBUTION_WEB\=NO
    export ALWAYS_EMBED_SWIFT_STANDARD_LIBRARIES\=NO
    export ALWAYS_SEARCH_USER_PATHS\=NO
    export ALWAYS_USE_SEPARATE_HEADERMAPS\=NO
    export APPLICATION_EXTENSION_API_ONLY\=NO
    export APPLY_RULES_IN_COPY_FILES\=NO
    export APPLY_RULES_IN_COPY_HEADERS\=NO
    export APP_DISPLAY_NAME\=Chatlio
    export APP_GROUP_IDENTIFIER\=group.word.skin
    export APP_NAME\=Chatlio
    export APP_SHORTCUTS_ENABLE_FLEXIBLE_MATCHING\=YES
    export ARCHS\=arm64
    export ARCHS_BASE\=arm64
    export ARCHS_STANDARD\=arm64\ x86_64
    export ARCHS_STANDARD_32_64_BIT\=arm64\ x86_64
    export ARCHS_STANDARD_64_BIT\=arm64\ x86_64
    export ARCHS_STANDARD_INCLUDING_64_BIT\=arm64\ x86_64
    export ARCHS_UNIVERSAL_IPHONE_OS\=arm64\ x86_64
    export ASSETCATALOG_COMPILER_APPICON_NAME\=AppIcon
    export ASSETCATALOG_COMPILER_GLOBAL_ACCENT_COLOR_NAME\=colors/accent-color
    export ASSETCATALOG_FILTER_FOR_DEVICE_MODEL\=iPad15,7
    export ASSETCATALOG_FILTER_FOR_DEVICE_OS_VERSION\=26.4.1
    export ASSETCATALOG_FILTER_FOR_THINNING_DEVICE_CONFIGURATION\=iPad15,7
    export AUTOMATICALLY_MERGE_DEPENDENCIES\=NO
    export AUTOMATION_APPLE_EVENTS\=NO
    export AVAILABLE_PLATFORMS\=android\ appletvos\ appletvsimulator\ driverkit\ freebsd\ iphoneos\ iphonesimulator\ linux\ macosx\ none\ openbsd\ qnx\ watchos\ watchsimulator\ webassembly\ xros\ xrsimulator
    export AppIdentifierPrefix\=7J4U792NQT.
    export BASE_BUNDLE_IDENTIFIER\=im.word.skin.chatlio
    export BUILD_ACTIVE_RESOURCES_ONLY\=YES
    export BUILD_COMPONENTS\=headers\ build
    export BUILD_DIR\=/Users/aadityasingh/Library/Developer/Xcode/DerivedData/Chatlio-erkyzdeecsohoaggpwbjdvavzqfv/Build/Products
    export BUILD_LIBRARY_FOR_DISTRIBUTION\=NO
    export BUILD_ONLY_KNOWN_LOCALIZATIONS\=NO
    export BUILD_ROOT\=/Users/aadityasingh/Library/Developer/Xcode/DerivedData/Chatlio-erkyzdeecsohoaggpwbjdvavzqfv/Build/Products
    export BUILD_STYLE\=
    export BUILD_VARIANTS\=normal
    export BUILT_PRODUCTS_DIR\=/Users/aadityasingh/Library/Developer/Xcode/DerivedData/Chatlio-erkyzdeecsohoaggpwbjdvavzqfv/Build/Products/Debug-iphonesimulator
    export BUNDLE_CONTENTS_FOLDER_PATH_deep\=Contents/
    export BUNDLE_EXECUTABLE_FOLDER_NAME_deep\=MacOS
    export BUNDLE_EXTENSIONS_FOLDER_PATH\=Extensions
    export BUNDLE_FORMAT\=shallow
    export BUNDLE_FRAMEWORKS_FOLDER_PATH\=Frameworks
    export BUNDLE_PLUGINS_FOLDER_PATH\=PlugIns
    export BUNDLE_PRIVATE_HEADERS_FOLDER_PATH\=PrivateHeaders
    export BUNDLE_PUBLIC_HEADERS_FOLDER_PATH\=Headers
    export CACHE_ROOT\=/var/folders/_t/vvs65kln6v17b8_zbbg6qz5r0000gn/C/com.apple.DeveloperTools/26.4.1-17E202/Xcode
    export CCHROOT\=/var/folders/_t/vvs65kln6v17b8_zbbg6qz5r0000gn/C/com.apple.DeveloperTools/26.4.1-17E202/Xcode
    export CHMOD\=/bin/chmod
    export CHOWN\=chown
    export CLANG_ANALYZER_LOCALIZABILITY_NONLOCALIZED\=YES
    export CLANG_ANALYZER_NONNULL\=YES
    export CLANG_ANALYZER_NUMBER_OBJECT_CONVERSION\=YES_AGGRESSIVE
    export CLANG_CACHE_FINE_GRAINED_OUTPUTS\=YES
    export CLANG_COVERAGE_MAPPING\=YES
    export CLANG_CXX_LANGUAGE_STANDARD\=gnu++14
    export CLANG_CXX_LIBRARY\=libc++
    export CLANG_ENABLE_EXPLICIT_MODULES\=YES
    export CLANG_ENABLE_MODULES\=YES
    export CLANG_ENABLE_OBJC_ARC\=YES
    export CLANG_ENABLE_OBJC_WEAK\=YES
    export CLANG_MODULES_BUILD_SESSION_FILE\=/Users/aadityasingh/Library/Developer/Xcode/DerivedData/ModuleCache.noindex/Session.modulevalidation
    export CLANG_PROFILE_DATA_DIRECTORY\=/Users/aadityasingh/Library/Developer/Xcode/DerivedData/Chatlio-erkyzdeecsohoaggpwbjdvavzqfv/Build/ProfileData
    export CLANG_WARN_BLOCK_CAPTURE_AUTORELEASING\=YES
    export CLANG_WARN_BOOL_CONVERSION\=YES
    export CLANG_WARN_COMMA\=YES
    export CLANG_WARN_CONSTANT_CONVERSION\=YES
    export CLANG_WARN_DEPRECATED_OBJC_IMPLEMENTATIONS\=YES
    export CLANG_WARN_DIRECT_OBJC_ISA_USAGE\=YES_ERROR
    export CLANG_WARN_DOCUMENTATION_COMMENTS\=YES
    export CLANG_WARN_EMPTY_BODY\=YES
    export CLANG_WARN_ENUM_CONVERSION\=YES
    export CLANG_WARN_INFINITE_RECURSION\=YES
    export CLANG_WARN_INT_CONVERSION\=YES
    export CLANG_WARN_NON_LITERAL_NULL_CONVERSION\=YES
    export CLANG_WARN_OBJC_IMPLICIT_RETAIN_SELF\=YES
    export CLANG_WARN_OBJC_LITERAL_CONVERSION\=YES
    export CLANG_WARN_OBJC_ROOT_CLASS\=YES_ERROR
    export CLANG_WARN_QUOTED_INCLUDE_IN_FRAMEWORK_HEADER\=YES
    export CLANG_WARN_RANGE_LOOP_ANALYSIS\=YES
    export CLANG_WARN_STRICT_PROTOTYPES\=YES
    export CLANG_WARN_SUSPICIOUS_MOVE\=YES
    export CLANG_WARN_UNGUARDED_AVAILABILITY\=YES_AGGRESSIVE
    export CLANG_WARN_UNREACHABLE_CODE\=YES
    export CLANG_WARN__DUPLICATE_METHOD_MATCH\=YES
    export CLASSIC_APP_GROUP_IDENTIFIER\=group.im.vector
    export CLASSIC_APP_KEYCHAIN_ACCESS_GROUP_IDENTIFIER\=7J4U792NQT.im.vector.app.keychain.shared
    export CLASSIC_APP_KEYCHAIN_SERVICE_IDENTIFIER\=im.vector.app.encryption-manager-service
    export CLASS_FILE_DIR\=/Users/aadityasingh/Library/Developer/Xcode/DerivedData/Chatlio-erkyzdeecsohoaggpwbjdvavzqfv/Build/Intermediates.noindex/Chatlio.build/Debug-iphonesimulator/Chatlio.build/JavaClasses
    export CLEAN_PRECOMPS\=YES
    export CLONE_HEADERS\=NO
    export CODESIGNING_FOLDER_PATH\=/Users/aadityasingh/Library/Developer/Xcode/DerivedData/Chatlio-erkyzdeecsohoaggpwbjdvavzqfv/Build/Products/Debug-iphonesimulator/Chatlio.app
    export CODE_SIGNING_ALLOWED\=YES
    export CODE_SIGNING_REQUIRED\=YES
    export CODE_SIGN_CONTEXT_CLASS\=XCiPhoneSimulatorCodeSignContext
    export CODE_SIGN_ENTITLEMENTS\=Chatlio/SupportingFiles/Chatlio.entitlements
    export CODE_SIGN_IDENTITY\=iPhone\ Developer
    export CODE_SIGN_INJECT_BASE_ENTITLEMENTS\=YES
    export COLOR_DIAGNOSTICS\=NO
    export COMBINE_HIDPI_IMAGES\=NO
    export COMPILATION_CACHE_CAS_PATH\=/Users/aadityasingh/Library/Developer/Xcode/DerivedData/CompilationCache.noindex
    export COMPILATION_CACHE_KEEP_CAS_DIRECTORY\=YES
    export COMPILER_INDEX_STORE_ENABLE\=Default
    export COMPOSITE_SDK_DIRS\=/Users/aadityasingh/Library/Developer/Xcode/DerivedData/Chatlio-erkyzdeecsohoaggpwbjdvavzqfv/Build/Intermediates.noindex/CompositeSDKs
    export COMPRESS_PNG_FILES\=YES
    export CONFIGURATION\=Debug
    export CONFIGURATION_BUILD_DIR\=/Users/aadityasingh/Library/Developer/Xcode/DerivedData/Chatlio-erkyzdeecsohoaggpwbjdvavzqfv/Build/Products/Debug-iphonesimulator
    export CONFIGURATION_TEMP_DIR\=/Users/aadityasingh/Library/Developer/Xcode/DerivedData/Chatlio-erkyzdeecsohoaggpwbjdvavzqfv/Build/Intermediates.noindex/Chatlio.build/Debug-iphonesimulator
    export CONTENTS_FOLDER_PATH\=Chatlio.app
    export CONTENTS_FOLDER_PATH_SHALLOW_BUNDLE_NO\=Chatlio.app/Contents
    export CONTENTS_FOLDER_PATH_SHALLOW_BUNDLE_YES\=Chatlio.app
    export COPYING_PRESERVES_HFS_DATA\=NO
    export COPY_HEADERS_RUN_UNIFDEF\=NO
    export COPY_PHASE_STRIP\=NO
    export CORRESPONDING_DEVICE_PLATFORM_DIR\=/Applications/Xcode.app/Contents/Developer/Platforms/iPhoneOS.platform
    export CORRESPONDING_DEVICE_PLATFORM_NAME\=iphoneos
    export CORRESPONDING_DEVICE_SDK_DIR\=/Applications/Xcode.app/Contents/Developer/Platforms/iPhoneOS.platform/Developer/SDKs/iPhoneOS26.4.sdk
    export CORRESPONDING_DEVICE_SDK_NAME\=iphoneos26.4
    export CP\=/bin/cp
    export CREATE_INFOPLIST_SECTION_IN_BINARY\=NO
    export CURRENT_ARCH\=undefined_arch
    export CURRENT_PROJECT_VERSION\=1
    export CURRENT_VARIANT\=normal
    export DEAD_CODE_STRIPPING\=YES
    export DEBUGGING_SYMBOLS\=YES
    export DEBUG_INFORMATION_FORMAT\=dwarf-with-dsym
    export DEBUG_INFORMATION_VERSION\=compiler-default
    export DEFAULT_COMPILER\=com.apple.compilers.llvm.clang.1_0
    export DEFAULT_DEXT_INSTALL_PATH\=/System/Library/DriverExtensions
    export DEFAULT_KEXT_INSTALL_PATH\=/System/Library/Extensions
    export DEFINES_MODULE\=NO
    export DEPLOYMENT_LOCATION\=NO
    export DEPLOYMENT_POSTPROCESSING\=NO
    export DEPLOYMENT_TARGET_SETTING_NAME\=IPHONEOS_DEPLOYMENT_TARGET
    export DEPLOYMENT_TARGET_SUGGESTED_VALUES\=12.0\ 12.1\ 12.2\ 12.3\ 12.4\ 13.0\ 13.1\ 13.2\ 13.3\ 13.4\ 13.5\ 13.6\ 14.0\ 14.1\ 14.2\ 14.3\ 14.4\ 14.5\ 14.6\ 14.7\ 15.0\ 15.1\ 15.2\ 15.3\ 15.4\ 15.5\ 15.6\ 16.0\ 16.1\ 16.2\ 16.3\ 16.4\ 16.5\ 16.6\ 17.0\ 17.1\ 17.2\ 17.3\ 17.4\ 17.5\ 17.6\ 18.0\ 18.1\ 18.2\ 18.3\ 18.4\ 18.5\ 18.6\ 26.0\ 26.2\ 26.3\ 26.4
    export DERIVED_FILES_DIR\=/Users/aadityasingh/Library/Developer/Xcode/DerivedData/Chatlio-erkyzdeecsohoaggpwbjdvavzqfv/Build/Intermediates.noindex/Chatlio.build/Debug-iphonesimulator/Chatlio.build/DerivedSources
    export DERIVED_FILE_DIR\=/Users/aadityasingh/Library/Developer/Xcode/DerivedData/Chatlio-erkyzdeecsohoaggpwbjdvavzqfv/Build/Intermediates.noindex/Chatlio.build/Debug-iphonesimulator/Chatlio.build/DerivedSources
    export DERIVED_SOURCES_DIR\=/Users/aadityasingh/Library/Developer/Xcode/DerivedData/Chatlio-erkyzdeecsohoaggpwbjdvavzqfv/Build/Intermediates.noindex/Chatlio.build/Debug-iphonesimulator/Chatlio.build/DerivedSources
    export DEVELOPER_APPLICATIONS_DIR\=/Applications/Xcode.app/Contents/Developer/Applications
    export DEVELOPER_BIN_DIR\=/Applications/Xcode.app/Contents/Developer/usr/bin
    export DEVELOPER_DIR\=/Applications/Xcode.app/Contents/Developer
    export DEVELOPER_FRAMEWORKS_DIR\=/Applications/Xcode.app/Contents/Developer/Library/Frameworks
    export DEVELOPER_FRAMEWORKS_DIR_QUOTED\=/Applications/Xcode.app/Contents/Developer/Library/Frameworks
    export DEVELOPER_LIBRARY_DIR\=/Applications/Xcode.app/Contents/Developer/Library
    export DEVELOPER_SDK_DIR\=/Applications/Xcode.app/Contents/Developer/Platforms/MacOSX.platform/Developer/SDKs
    export DEVELOPER_TOOLS_DIR\=/Applications/Xcode.app/Contents/Developer/Tools
    export DEVELOPER_USR_DIR\=/Applications/Xcode.app/Contents/Developer/usr
    export DEVELOPMENT_ASSET_PATHS\=DevelopmentAssets/Media
    export DEVELOPMENT_LANGUAGE\=en
    export DEVELOPMENT_TEAM\=7J4U792NQT
    export DIAGNOSE_MISSING_TARGET_DEPENDENCIES\=YES
    export DIFF\=/usr/bin/diff
    export DOCUMENTATION_FOLDER_PATH\=Chatlio.app/en.lproj/Documentation
    export DONT_GENERATE_INFOPLIST_FILE\=NO
    export DSTROOT\=/tmp/Chatlio.dst
    export DT_TOOLCHAIN_DIR\=/Applications/Xcode.app/Contents/Developer/Toolchains/XcodeDefault.xctoolchain
    export DUMP_DEPENDENCIES\=NO
    export DUMP_DEPENDENCIES_OUTPUT_PATH\=/Users/aadityasingh/Library/Developer/Xcode/DerivedData/Chatlio-erkyzdeecsohoaggpwbjdvavzqfv/Build/Intermediates.noindex/Chatlio.build/Debug-iphonesimulator/Chatlio.build/Chatlio-BuildDependencyInfo.json
    export DWARF_DSYM_FILE_NAME\=Chatlio.app.dSYM
    export DWARF_DSYM_FILE_SHOULD_ACCOMPANY_PRODUCT\=NO
    export DWARF_DSYM_FOLDER_PATH\=/Users/aadityasingh/Library/Developer/Xcode/DerivedData/Chatlio-erkyzdeecsohoaggpwbjdvavzqfv/Build/Products/Debug-iphonesimulator
    export DYNAMIC_LIBRARY_EXTENSION\=dylib
    export EAGER_COMPILATION_ALLOW_SCRIPTS\=NO
    export EAGER_LINKING\=NO
    export EFFECTIVE_PLATFORM_NAME\=-iphonesimulator
    export EFFECTIVE_SWIFT_VERSION\=5
    export EMBEDDED_CONTENT_CONTAINS_SWIFT\=NO
    export EMBED_ASSET_PACKS_IN_PRODUCT_BUNDLE\=NO
    export EMBED_PACKAGE_RESOURCE_BUNDLE_NAMES\=\ DTCoreText_DTCoreText\ Emojibase_Emojibase\ PostHog_PostHog\ Kingfisher_Kingfisher\ EmbeddedElementCall_EmbeddedElementCall\ DeviceKit_DeviceKit\ CompoundDesignTokens_CompoundDesignTokens
    export ENABLE_APP_SANDBOX\=NO
    export ENABLE_BITCODE\=NO
    export ENABLE_CODE_COVERAGE\=YES
    export ENABLE_COHORT_ARCHS\=NO
    export ENABLE_CPLUSPLUS_BOUNDS_SAFE_BUFFERS\=NO
    export ENABLE_C_BOUNDS_SAFETY\=NO
    export ENABLE_DEBUG_DYLIB\=YES
    export ENABLE_DEFAULT_HEADER_SEARCH_PATHS\=YES
    export ENABLE_DEFAULT_SEARCH_PATHS\=YES
    export ENABLE_ENHANCED_SECURITY\=NO
    export ENABLE_HARDENED_RUNTIME\=NO
    export ENABLE_HEADER_DEPENDENCIES\=YES
    export ENABLE_INCOMING_NETWORK_CONNECTIONS\=NO
    export ENABLE_ON_DEMAND_RESOURCES\=YES
    export ENABLE_OUTGOING_NETWORK_CONNECTIONS\=NO
    export ENABLE_POINTER_AUTHENTICATION\=NO
    export ENABLE_PREVIEWS\=NO
    export ENABLE_RESOURCE_ACCESS_AUDIO_INPUT\=NO
    export ENABLE_RESOURCE_ACCESS_BLUETOOTH\=NO
    export ENABLE_RESOURCE_ACCESS_CALENDARS\=NO
    export ENABLE_RESOURCE_ACCESS_CAMERA\=NO
    export ENABLE_RESOURCE_ACCESS_CONTACTS\=NO
    export ENABLE_RESOURCE_ACCESS_LOCATION\=NO
    export ENABLE_RESOURCE_ACCESS_PHOTO_LIBRARY\=NO
    export ENABLE_RESOURCE_ACCESS_PRINTING\=NO
    export ENABLE_RESOURCE_ACCESS_USB\=NO
    export ENABLE_SDK_IMPORTS\=NO
    export ENABLE_SECURITY_COMPILER_WARNINGS\=NO
    export ENABLE_STRICT_OBJC_MSGSEND\=YES
    export ENABLE_TESTABILITY\=YES
    export ENABLE_TESTING_SEARCH_PATHS\=NO
    export ENABLE_USER_SCRIPT_SANDBOXING\=NO
    export ENABLE_XOJIT_PREVIEWS\=YES
    export ENFORCE_VALID_ARCHS\=YES
    export ENTITLEMENTS_ALLOWED\=NO
    export ENTITLEMENTS_DESTINATION\=__entitlements
    export ENTITLEMENTS_REQUIRED\=NO
    export EXCLUDED_INSTALLSRC_SUBDIRECTORY_PATTERNS\=.DS_Store\ .svn\ .git\ .hg\ CVS
    export EXCLUDED_RECURSIVE_SEARCH_PATH_SUBDIRECTORIES\=\*.nib\ \*.lproj\ \*.framework\ \*.gch\ \*.xcode\*\ \*.xcassets\ \*.icon\ \(\*\)\ .DS_Store\ CVS\ .svn\ .git\ .hg\ \*.pbproj\ \*.pbxproj
    export EXECUTABLES_FOLDER_PATH\=Chatlio.app/Executables
    export EXECUTABLE_BLANK_INJECTION_DYLIB_PATH\=Chatlio.app/__preview.dylib
    export EXECUTABLE_DEBUG_DYLIB_INSTALL_NAME\=@rpath/Chatlio.debug.dylib
    export EXECUTABLE_DEBUG_DYLIB_PATH\=Chatlio.app/Chatlio.debug.dylib
    export EXECUTABLE_FOLDER_PATH\=Chatlio.app
    export EXECUTABLE_FOLDER_PATH_SHALLOW_BUNDLE_NO\=Chatlio.app/MacOS
    export EXECUTABLE_FOLDER_PATH_SHALLOW_BUNDLE_YES\=Chatlio.app
    export EXECUTABLE_NAME\=Chatlio
    export EXECUTABLE_PATH\=Chatlio.app/Chatlio
    export EXPANDED_CODE_SIGN_IDENTITY\=-
    export EXPANDED_CODE_SIGN_IDENTITY_NAME\=Sign\ to\ Run\ Locally
    export EXTENSIONS_FOLDER_PATH\=Chatlio.app/Extensions
    export FILE_LIST\=/Users/aadityasingh/Library/Developer/Xcode/DerivedData/Chatlio-erkyzdeecsohoaggpwbjdvavzqfv/Build/Intermediates.noindex/Chatlio.build/Debug-iphonesimulator/Chatlio.build/Objects/LinkFileList
    export FIXED_FILES_DIR\=/Users/aadityasingh/Library/Developer/Xcode/DerivedData/Chatlio-erkyzdeecsohoaggpwbjdvavzqfv/Build/Intermediates.noindex/Chatlio.build/Debug-iphonesimulator/Chatlio.build/FixedFiles
    export FRAMEWORKS_FOLDER_PATH\=Chatlio.app/Frameworks
    export FRAMEWORK_FLAG_PREFIX\=-framework
    export FRAMEWORK_SEARCH_PATHS\=/Users/aadityasingh/Library/Developer/Xcode/DerivedData/Chatlio-erkyzdeecsohoaggpwbjdvavzqfv/Build/Products/Debug-iphonesimulator/PackageFrameworks\ /Users/aadityasingh/Library/Developer/Xcode/DerivedData/Chatlio-erkyzdeecsohoaggpwbjdvavzqfv/Build/Products/Debug-iphonesimulator/PackageFrameworks\ /Users/aadityasingh/Library/Developer/Xcode/DerivedData/Chatlio-erkyzdeecsohoaggpwbjdvavzqfv/Build/Products/Debug-iphonesimulator/PackageFrameworks\ /Users/aadityasingh/Library/Developer/Xcode/DerivedData/Chatlio-erkyzdeecsohoaggpwbjdvavzqfv/Build/Products/Debug-iphonesimulator/PackageFrameworks\ /Users/aadityasingh/Library/Developer/Xcode/DerivedData/Chatlio-erkyzdeecsohoaggpwbjdvavzqfv/Build/Products/Debug-iphonesimulator/PackageFrameworks\ /Users/aadityasingh/Library/Developer/Xcode/DerivedData/Chatlio-erkyzdeecsohoaggpwbjdvavzqfv/Build/Products/Debug-iphonesimulator/PackageFrameworks\ /Users/aadityasingh/Library/Developer/Xcode/DerivedData/Chatlio-erkyzdeecsohoaggpwbjdvavzqfv/Build/Products/Debug-iphonesimulator/PackageFrameworks\ /Users/aadityasingh/Library/Developer/Xcode/DerivedData/Chatlio-erkyzdeecsohoaggpwbjdvavzqfv/Build/Products/Debug-iphonesimulator/PackageFrameworks\ /Users/aadityasingh/Library/Developer/Xcode/DerivedData/Chatlio-erkyzdeecsohoaggpwbjdvavzqfv/Build/Products/Debug-iphonesimulator/PackageFrameworks\ /Users/aadityasingh/Library/Developer/Xcode/DerivedData/Chatlio-erkyzdeecsohoaggpwbjdvavzqfv/Build/Products/Debug-iphonesimulator/PackageFrameworks\ /Users/aadityasingh/Library/Developer/Xcode/DerivedData/Chatlio-erkyzdeecsohoaggpwbjdvavzqfv/Build/Products/Debug-iphonesimulator/PackageFrameworks\ /Users/aadityasingh/Library/Developer/Xcode/DerivedData/Chatlio-erkyzdeecsohoaggpwbjdvavzqfv/Build/Products/Debug-iphonesimulator/PackageFrameworks\ /Users/aadityasingh/Library/Developer/Xcode/DerivedData/Chatlio-erkyzdeecsohoaggpwbjdvavzqfv/Build/Products/Debug-iphonesimulator/PackageFrameworks\ /Users/aadityasingh/Library/Developer/Xcode/DerivedData/Chatlio-erkyzdeecsohoaggpwbjdvavzqfv/Build/Products/Debug-iphonesimulator/PackageFrameworks\ /Users/aadityasingh/Library/Developer/Xcode/DerivedData/Chatlio-erkyzdeecsohoaggpwbjdvavzqfv/Build/Products/Debug-iphonesimulator/PackageFrameworks\ /Users/aadityasingh/Library/Developer/Xcode/DerivedData/Chatlio-erkyzdeecsohoaggpwbjdvavzqfv/Build/Products/Debug-iphonesimulator/PackageFrameworks\ /Users/aadityasingh/Library/Developer/Xcode/DerivedData/Chatlio-erkyzdeecsohoaggpwbjdvavzqfv/Build/Products/Debug-iphonesimulator/PackageFrameworks\ /Users/aadityasingh/Library/Developer/Xcode/DerivedData/Chatlio-erkyzdeecsohoaggpwbjdvavzqfv/Build/Products/Debug-iphonesimulator/PackageFrameworks\ /Users/aadityasingh/Library/Developer/Xcode/DerivedData/Chatlio-erkyzdeecsohoaggpwbjdvavzqfv/Build/Products/Debug-iphonesimulator/PackageFrameworks\ /Users/aadityasingh/Library/Developer/Xcode/DerivedData/Chatlio-erkyzdeecsohoaggpwbjdvavzqfv/Build/Products/Debug-iphonesimulator/PackageFrameworks\ /Users/aadityasingh/Library/Developer/Xcode/DerivedData/Chatlio-erkyzdeecsohoaggpwbjdvavzqfv/Build/Products/Debug-iphonesimulator/PackageFrameworks\ /Users/aadityasingh/Library/Developer/Xcode/DerivedData/Chatlio-erkyzdeecsohoaggpwbjdvavzqfv/Build/Products/Debug-iphonesimulator/PackageFrameworks\ /Users/aadityasingh/Library/Developer/Xcode/DerivedData/Chatlio-erkyzdeecsohoaggpwbjdvavzqfv/Build/Products/Debug-iphonesimulator/PackageFrameworks\ /Users/aadityasingh/Library/Developer/Xcode/DerivedData/Chatlio-erkyzdeecsohoaggpwbjdvavzqfv/Build/Products/Debug-iphonesimulator/PackageFrameworks\ /Users/aadityasingh/Library/Developer/Xcode/DerivedData/Chatlio-erkyzdeecsohoaggpwbjdvavzqfv/Build/Products/Debug-iphonesimulator/PackageFrameworks\ /Users/aadityasingh/Library/Developer/Xcode/DerivedData/Chatlio-erkyzdeecsohoaggpwbjdvavzqfv/Build/Products/Debug-iphonesimulator/PackageFrameworks\ /Users/aadityasingh/Library/Developer/Xcode/DerivedData/Chatlio-erkyzdeecsohoaggpwbjdvavzqfv/Build/Products/Debug-iphonesimulator/PackageFrameworks\ /Users/aadityasingh/Library/Developer/Xcode/DerivedData/Chatlio-erkyzdeecsohoaggpwbjdvavzqfv/Build/Products/Debug-iphonesimulator/PackageFrameworks\ /Users/aadityasingh/Library/Developer/Xcode/DerivedData/Chatlio-erkyzdeecsohoaggpwbjdvavzqfv/Build/Products/Debug-iphonesimulator/PackageFrameworks\ /Users/aadityasingh/Library/Developer/Xcode/DerivedData/Chatlio-erkyzdeecsohoaggpwbjdvavzqfv/Build/Products/Debug-iphonesimulator/PackageFrameworks\ /Users/aadityasingh/Library/Developer/Xcode/DerivedData/Chatlio-erkyzdeecsohoaggpwbjdvavzqfv/Build/Products/Debug-iphonesimulator/PackageFrameworks\ /Users/aadityasingh/Library/Developer/Xcode/DerivedData/Chatlio-erkyzdeecsohoaggpwbjdvavzqfv/Build/Products/Debug-iphonesimulator/PackageFrameworks\ /Users/aadityasingh/Library/Developer/Xcode/DerivedData/Chatlio-erkyzdeecsohoaggpwbjdvavzqfv/Build/Products/Debug-iphonesimulator/PackageFrameworks\ /Users/aadityasingh/Library/Developer/Xcode/DerivedData/Chatlio-erkyzdeecsohoaggpwbjdvavzqfv/Build/Products/Debug-iphonesimulator/PackageFrameworks\ /Users/aadityasingh/Library/Developer/Xcode/DerivedData/Chatlio-erkyzdeecsohoaggpwbjdvavzqfv/Build/Products/Debug-iphonesimulator/PackageFrameworks\ /Users/aadityasingh/Library/Developer/Xcode/DerivedData/Chatlio-erkyzdeecsohoaggpwbjdvavzqfv/Build/Products/Debug-iphonesimulator/PackageFrameworks\ /Users/aadityasingh/Library/Developer/Xcode/DerivedData/Chatlio-erkyzdeecsohoaggpwbjdvavzqfv/Build/Products/Debug-iphonesimulator/PackageFrameworks\ /Users/aadityasingh/Library/Developer/Xcode/DerivedData/Chatlio-erkyzdeecsohoaggpwbjdvavzqfv/Build/Products/Debug-iphonesimulator/PackageFrameworks\ /Users/aadityasingh/Library/Developer/Xcode/DerivedData/Chatlio-erkyzdeecsohoaggpwbjdvavzqfv/Build/Products/Debug-iphonesimulator/PackageFrameworks\ /Users/aadityasingh/Library/Developer/Xcode/DerivedData/Chatlio-erkyzdeecsohoaggpwbjdvavzqfv/Build/Products/Debug-iphonesimulator/PackageFrameworks\ /Users/aadityasingh/Library/Developer/Xcode/DerivedData/Chatlio-erkyzdeecsohoaggpwbjdvavzqfv/Build/Products/Debug-iphonesimulator/PackageFrameworks\ /Users/aadityasingh/Library/Developer/Xcode/DerivedData/Chatlio-erkyzdeecsohoaggpwbjdvavzqfv/Build/Products/Debug-iphonesimulator/PackageFrameworks\ /Users/aadityasingh/Library/Developer/Xcode/DerivedData/Chatlio-erkyzdeecsohoaggpwbjdvavzqfv/Build/Products/Debug-iphonesimulator/PackageFrameworks\ /Users/aadityasingh/Library/Developer/Xcode/DerivedData/Chatlio-erkyzdeecsohoaggpwbjdvavzqfv/Build/Products/Debug-iphonesimulator/PackageFrameworks\ /Users/aadityasingh/Library/Developer/Xcode/DerivedData/Chatlio-erkyzdeecsohoaggpwbjdvavzqfv/Build/Products/Debug-iphonesimulator/PackageFrameworks\ /Users/aadityasingh/Library/Developer/Xcode/DerivedData/Chatlio-erkyzdeecsohoaggpwbjdvavzqfv/Build/Products/Debug-iphonesimulator/PackageFrameworks\ /Users/aadityasingh/Library/Developer/Xcode/DerivedData/Chatlio-erkyzdeecsohoaggpwbjdvavzqfv/Build/Products/Debug-iphonesimulator/PackageFrameworks\ /Users/aadityasingh/Library/Developer/Xcode/DerivedData/Chatlio-erkyzdeecsohoaggpwbjdvavzqfv/Build/Products/Debug-iphonesimulator\ 
    export FRAMEWORK_VERSION\=A
    export FULL_PRODUCT_NAME\=Chatlio.app
    export FUSE_BUILD_PHASES\=YES
    export FUSE_BUILD_SCRIPT_PHASES\=NO
    export GCC3_VERSION\=3.3
    export GCC_C_LANGUAGE_STANDARD\=gnu11
    export GCC_DYNAMIC_NO_PIC\=NO
    export GCC_INLINES_ARE_PRIVATE_EXTERN\=YES
    export GCC_NO_COMMON_BLOCKS\=YES
    export GCC_OBJC_LEGACY_DISPATCH\=YES
    export GCC_OPTIMIZATION_LEVEL\=0
    export GCC_PFE_FILE_C_DIALECTS\=c\ objective-c\ c++\ objective-c++
    export GCC_PREPROCESSOR_DEFINITIONS\=\ DEBUG\=1
    export GCC_SYMBOLS_PRIVATE_EXTERN\=NO
    export GCC_TREAT_WARNINGS_AS_ERRORS\=NO
    export GCC_VERSION\=com.apple.compilers.llvm.clang.1_0
    export GCC_VERSION_IDENTIFIER\=com_apple_compilers_llvm_clang_1_0
    export GCC_WARN_64_TO_32_BIT_CONVERSION\=YES
    export GCC_WARN_ABOUT_RETURN_TYPE\=YES_ERROR
    export GCC_WARN_UNDECLARED_SELECTOR\=YES
    export GCC_WARN_UNINITIALIZED_AUTOS\=YES_AGGRESSIVE
    export GCC_WARN_UNUSED_FUNCTION\=YES
    export GCC_WARN_UNUSED_VARIABLE\=YES
    export GENERATED_MODULEMAP_DIR\=/Users/aadityasingh/Library/Developer/Xcode/DerivedData/Chatlio-erkyzdeecsohoaggpwbjdvavzqfv/Build/Intermediates.noindex/GeneratedModuleMaps-iphonesimulator
    export GENERATE_INFOPLIST_FILE\=NO
    export GENERATE_INTERMEDIATE_TEXT_BASED_STUBS\=YES
    export GENERATE_PKGINFO_FILE\=YES
    export GENERATE_PRELINK_OBJECT_FILE\=NO
    export GENERATE_PROFILING_CODE\=NO
    export GENERATE_TEXT_BASED_STUBS\=NO
    export GID\=20
    export GROUP\=staff
    export HEADERMAP_INCLUDES_FLAT_ENTRIES_FOR_TARGET_BEING_BUILT\=YES
    export HEADERMAP_INCLUDES_FRAMEWORK_ENTRIES_FOR_ALL_PRODUCT_TYPES\=YES
    export HEADERMAP_INCLUDES_FRAMEWORK_ENTRIES_FOR_TARGETS_NOT_BEING_BUILT\=YES
    export HEADERMAP_INCLUDES_NONPUBLIC_NONPRIVATE_HEADERS\=YES
    export HEADERMAP_INCLUDES_PROJECT_HEADERS\=YES
    export HEADERMAP_USES_FRAMEWORK_PREFIX_ENTRIES\=YES
    export HEADERMAP_USES_VFS\=NO
    export HEADER_SEARCH_PATHS\=/Users/aadityasingh/Library/Developer/Xcode/DerivedData/Chatlio-erkyzdeecsohoaggpwbjdvavzqfv/SourcePackages/checkouts/swift-numerics/Sources/_NumericsShims/include\ /Users/aadityasingh/Library/Developer/Xcode/DerivedData/Chatlio-erkyzdeecsohoaggpwbjdvavzqfv/SourcePackages/checkouts/posthog-ios/vendor/libwebp/.\ /Users/aadityasingh/Library/Developer/Xcode/DerivedData/Chatlio-erkyzdeecsohoaggpwbjdvavzqfv/SourcePackages/checkouts/GZIP/GZIP/Sources\ /Users/aadityasingh/Library/Developer/Xcode/DerivedData/Chatlio-erkyzdeecsohoaggpwbjdvavzqfv/SourcePackages/checkouts/sentry-cocoa/Sources/SentrySwiftUI/SentryInternal\ /Users/aadityasingh/Library/Developer/Xcode/DerivedData/Chatlio-erkyzdeecsohoaggpwbjdvavzqfv/SourcePackages/checkouts/DTFoundation/Core/include\ /Users/aadityasingh/Library/Developer/Xcode/DerivedData/Chatlio-erkyzdeecsohoaggpwbjdvavzqfv/SourcePackages/checkouts/DTCoreText/Core/include\ /Users/aadityasingh/Library/Developer/Xcode/DerivedData/Chatlio-erkyzdeecsohoaggpwbjdvavzqfv/SourcePackages/checkouts/matrix-rich-text-editor-swift/Sources/DTCoreTextExtended/include\ /Users/aadityasingh/Library/Developer/Xcode/DerivedData/Chatlio-erkyzdeecsohoaggpwbjdvavzqfv/SourcePackages/checkouts/swift-ogg/Sources/SupportingFiles/Dependencies/Copustools/include\ /Users/aadityasingh/Library/Developer/Xcode/DerivedData/Chatlio-erkyzdeecsohoaggpwbjdvavzqfv/SourcePackages/checkouts/swift-atomics/Sources/_AtomicsShims/include\ /Users/aadityasingh/Library/Developer/Xcode/DerivedData/Chatlio-erkyzdeecsohoaggpwbjdvavzqfv/Build/Products/Debug-iphonesimulator/include\ 
    export HOME\=/Users/aadityasingh
    export HOST_ARCH\=arm64
    export HOST_PLATFORM\=macosx
    export ICONV\=/usr/bin/iconv
    export IMPLICIT_DEPENDENCY_DOMAIN\=default
    export INDEX_STORE_COMPRESS\=NO
    export INDEX_STORE_ONLY_PROJECT_FILES\=NO
    export INFOPLIST_ENABLE_CFBUNDLEICONS_MERGE\=YES
    export INFOPLIST_EXPAND_BUILD_SETTINGS\=YES
    export INFOPLIST_FILE\=Chatlio/SupportingFiles/Info.plist
    export INFOPLIST_OUTPUT_FORMAT\=binary
    export INFOPLIST_PATH\=Chatlio.app/Info.plist
    export INFOPLIST_PREPROCESS\=NO
    export INFOSTRINGS_PATH\=Chatlio.app/en.lproj/InfoPlist.strings
    export INLINE_PRIVATE_FRAMEWORKS\=NO
    export INSTALLAPI_IGNORE_SKIP_INSTALL\=YES
    export INSTALLHDRS_COPY_PHASE\=NO
    export INSTALLHDRS_SCRIPT_PHASE\=NO
    export INSTALL_DIR\=/tmp/Chatlio.dst/Applications
    export INSTALL_GROUP\=staff
    export INSTALL_MODE_FLAG\=u+w,go-w,a+rX
    export INSTALL_OWNER\=aadityasingh
    export INSTALL_PATH\=/Applications
    export INSTALL_ROOT\=/tmp/Chatlio.dst
    export IPHONEOS_DEPLOYMENT_TARGET\=17.0
    export IS_UNOPTIMIZED_BUILD\=YES
    export JAVAC_DEFAULT_FLAGS\=-J-Xms64m\ -J-XX:NewSize\=4M\ -J-Dfile.encoding\=UTF8
    export JAVA_APP_STUB\=/System/Library/Frameworks/JavaVM.framework/Resources/MacOS/JavaApplicationStub
    export JAVA_ARCHIVE_CLASSES\=YES
    export JAVA_ARCHIVE_TYPE\=JAR
    export JAVA_COMPILER\=/usr/bin/javac
    export JAVA_FOLDER_PATH\=Chatlio.app/Java
    export JAVA_FRAMEWORK_RESOURCES_DIRS\=Resources
    export JAVA_JAR_FLAGS\=cv
    export JAVA_SOURCE_SUBDIR\=.
    export JAVA_USE_DEPENDENCIES\=YES
    export JAVA_ZIP_FLAGS\=-urg
    export JIKES_DEFAULT_FLAGS\=+E\ +OLDCSO
    export KEEP_PRIVATE_EXTERNS\=NO
    export KEYCHAIN_ACCESS_GROUP_IDENTIFIER\=7J4U792NQT.im.word.skin.chatlio
    export LD_DEPENDENCY_INFO_FILE\=/Users/aadityasingh/Library/Developer/Xcode/DerivedData/Chatlio-erkyzdeecsohoaggpwbjdvavzqfv/Build/Intermediates.noindex/Chatlio.build/Debug-iphonesimulator/Chatlio.build/Objects-normal/undefined_arch/Chatlio_dependency_info.dat
    export LD_ENTITLEMENTS_SECTION\=/Users/aadityasingh/Library/Developer/Xcode/DerivedData/Chatlio-erkyzdeecsohoaggpwbjdvavzqfv/Build/Intermediates.noindex/Chatlio.build/Debug-iphonesimulator/Chatlio.build/Chatlio.app-Simulated.xcent
    export LD_ENTITLEMENTS_SECTION_DER\=/Users/aadityasingh/Library/Developer/Xcode/DerivedData/Chatlio-erkyzdeecsohoaggpwbjdvavzqfv/Build/Intermediates.noindex/Chatlio.build/Debug-iphonesimulator/Chatlio.build/Chatlio.app-Simulated.xcent.der
    export LD_EXPORT_SYMBOLS\=YES
    export LD_GENERATE_MAP_FILE\=NO
    export LD_MAP_FILE_PATH\=/Users/aadityasingh/Library/Developer/Xcode/DerivedData/Chatlio-erkyzdeecsohoaggpwbjdvavzqfv/Build/Intermediates.noindex/Chatlio.build/Debug-iphonesimulator/Chatlio.build/Chatlio-LinkMap-normal-undefined_arch.txt
    export LD_NO_PIE\=NO
    export LD_QUOTE_LINKER_ARGUMENTS_FOR_COMPILER_DRIVER\=YES
    export LD_RUNPATH_SEARCH_PATHS\=/Users/aadityasingh/Library/Developer/Xcode/DerivedData/Chatlio-erkyzdeecsohoaggpwbjdvavzqfv/Build/Products/Debug-iphonesimulator/PackageFrameworks\ /Users/aadityasingh/Library/Developer/Xcode/DerivedData/Chatlio-erkyzdeecsohoaggpwbjdvavzqfv/Build/Products/Debug-iphonesimulator/PackageFrameworks\ /Users/aadityasingh/Library/Developer/Xcode/DerivedData/Chatlio-erkyzdeecsohoaggpwbjdvavzqfv/Build/Products/Debug-iphonesimulator/PackageFrameworks\ /Users/aadityasingh/Library/Developer/Xcode/DerivedData/Chatlio-erkyzdeecsohoaggpwbjdvavzqfv/Build/Products/Debug-iphonesimulator/PackageFrameworks\ /Users/aadityasingh/Library/Developer/Xcode/DerivedData/Chatlio-erkyzdeecsohoaggpwbjdvavzqfv/Build/Products/Debug-iphonesimulator/PackageFrameworks\ /Users/aadityasingh/Library/Developer/Xcode/DerivedData/Chatlio-erkyzdeecsohoaggpwbjdvavzqfv/Build/Products/Debug-iphonesimulator/PackageFrameworks\ /Users/aadityasingh/Library/Developer/Xcode/DerivedData/Chatlio-erkyzdeecsohoaggpwbjdvavzqfv/Build/Products/Debug-iphonesimulator/PackageFrameworks\ /Users/aadityasingh/Library/Developer/Xcode/DerivedData/Chatlio-erkyzdeecsohoaggpwbjdvavzqfv/Build/Products/Debug-iphonesimulator/PackageFrameworks\ /Users/aadityasingh/Library/Developer/Xcode/DerivedData/Chatlio-erkyzdeecsohoaggpwbjdvavzqfv/Build/Products/Debug-iphonesimulator/PackageFrameworks\ /Users/aadityasingh/Library/Developer/Xcode/DerivedData/Chatlio-erkyzdeecsohoaggpwbjdvavzqfv/Build/Products/Debug-iphonesimulator/PackageFrameworks\ /Users/aadityasingh/Library/Developer/Xcode/DerivedData/Chatlio-erkyzdeecsohoaggpwbjdvavzqfv/Build/Products/Debug-iphonesimulator/PackageFrameworks\ /Users/aadityasingh/Library/Developer/Xcode/DerivedData/Chatlio-erkyzdeecsohoaggpwbjdvavzqfv/Build/Products/Debug-iphonesimulator/PackageFrameworks\ /Users/aadityasingh/Library/Developer/Xcode/DerivedData/Chatlio-erkyzdeecsohoaggpwbjdvavzqfv/Build/Products/Debug-iphonesimulator/PackageFrameworks\ /Users/aadityasingh/Library/Developer/Xcode/DerivedData/Chatlio-erkyzdeecsohoaggpwbjdvavzqfv/Build/Products/Debug-iphonesimulator/PackageFrameworks\ /Users/aadityasingh/Library/Developer/Xcode/DerivedData/Chatlio-erkyzdeecsohoaggpwbjdvavzqfv/Build/Products/Debug-iphonesimulator/PackageFrameworks\ /Users/aadityasingh/Library/Developer/Xcode/DerivedData/Chatlio-erkyzdeecsohoaggpwbjdvavzqfv/Build/Products/Debug-iphonesimulator/PackageFrameworks\ /Users/aadityasingh/Library/Developer/Xcode/DerivedData/Chatlio-erkyzdeecsohoaggpwbjdvavzqfv/Build/Products/Debug-iphonesimulator/PackageFrameworks\ /Users/aadityasingh/Library/Developer/Xcode/DerivedData/Chatlio-erkyzdeecsohoaggpwbjdvavzqfv/Build/Products/Debug-iphonesimulator/PackageFrameworks\ /Users/aadityasingh/Library/Developer/Xcode/DerivedData/Chatlio-erkyzdeecsohoaggpwbjdvavzqfv/Build/Products/Debug-iphonesimulator/PackageFrameworks\ /Users/aadityasingh/Library/Developer/Xcode/DerivedData/Chatlio-erkyzdeecsohoaggpwbjdvavzqfv/Build/Products/Debug-iphonesimulator/PackageFrameworks\ /Users/aadityasingh/Library/Developer/Xcode/DerivedData/Chatlio-erkyzdeecsohoaggpwbjdvavzqfv/Build/Products/Debug-iphonesimulator/PackageFrameworks\ /Users/aadityasingh/Library/Developer/Xcode/DerivedData/Chatlio-erkyzdeecsohoaggpwbjdvavzqfv/Build/Products/Debug-iphonesimulator/PackageFrameworks\ /Users/aadityasingh/Library/Developer/Xcode/DerivedData/Chatlio-erkyzdeecsohoaggpwbjdvavzqfv/Build/Products/Debug-iphonesimulator/PackageFrameworks\ /Users/aadityasingh/Library/Developer/Xcode/DerivedData/Chatlio-erkyzdeecsohoaggpwbjdvavzqfv/Build/Products/Debug-iphonesimulator/PackageFrameworks\ /Users/aadityasingh/Library/Developer/Xcode/DerivedData/Chatlio-erkyzdeecsohoaggpwbjdvavzqfv/Build/Products/Debug-iphonesimulator/PackageFrameworks\ /Users/aadityasingh/Library/Developer/Xcode/DerivedData/Chatlio-erkyzdeecsohoaggpwbjdvavzqfv/Build/Products/Debug-iphonesimulator/PackageFrameworks\ /Users/aadityasingh/Library/Developer/Xcode/DerivedData/Chatlio-erkyzdeecsohoaggpwbjdvavzqfv/Build/Products/Debug-iphonesimulator/PackageFrameworks\ /Users/aadityasingh/Library/Developer/Xcode/DerivedData/Chatlio-erkyzdeecsohoaggpwbjdvavzqfv/Build/Products/Debug-iphonesimulator/PackageFrameworks\ /Users/aadityasingh/Library/Developer/Xcode/DerivedData/Chatlio-erkyzdeecsohoaggpwbjdvavzqfv/Build/Products/Debug-iphonesimulator/PackageFrameworks\ /Users/aadityasingh/Library/Developer/Xcode/DerivedData/Chatlio-erkyzdeecsohoaggpwbjdvavzqfv/Build/Products/Debug-iphonesimulator/PackageFrameworks\ /Users/aadityasingh/Library/Developer/Xcode/DerivedData/Chatlio-erkyzdeecsohoaggpwbjdvavzqfv/Build/Products/Debug-iphonesimulator/PackageFrameworks\ /Users/aadityasingh/Library/Developer/Xcode/DerivedData/Chatlio-erkyzdeecsohoaggpwbjdvavzqfv/Build/Products/Debug-iphonesimulator/PackageFrameworks\ /Users/aadityasingh/Library/Developer/Xcode/DerivedData/Chatlio-erkyzdeecsohoaggpwbjdvavzqfv/Build/Products/Debug-iphonesimulator/PackageFrameworks\ /Users/aadityasingh/Library/Developer/Xcode/DerivedData/Chatlio-erkyzdeecsohoaggpwbjdvavzqfv/Build/Products/Debug-iphonesimulator/PackageFrameworks\ /Users/aadityasingh/Library/Developer/Xcode/DerivedData/Chatlio-erkyzdeecsohoaggpwbjdvavzqfv/Build/Products/Debug-iphonesimulator/PackageFrameworks\ /Users/aadityasingh/Library/Developer/Xcode/DerivedData/Chatlio-erkyzdeecsohoaggpwbjdvavzqfv/Build/Products/Debug-iphonesimulator/PackageFrameworks\ /Users/aadityasingh/Library/Developer/Xcode/DerivedData/Chatlio-erkyzdeecsohoaggpwbjdvavzqfv/Build/Products/Debug-iphonesimulator/PackageFrameworks\ /Users/aadityasingh/Library/Developer/Xcode/DerivedData/Chatlio-erkyzdeecsohoaggpwbjdvavzqfv/Build/Products/Debug-iphonesimulator/PackageFrameworks\ /Users/aadityasingh/Library/Developer/Xcode/DerivedData/Chatlio-erkyzdeecsohoaggpwbjdvavzqfv/Build/Products/Debug-iphonesimulator/PackageFrameworks\ /Users/aadityasingh/Library/Developer/Xcode/DerivedData/Chatlio-erkyzdeecsohoaggpwbjdvavzqfv/Build/Products/Debug-iphonesimulator/PackageFrameworks\ /Users/aadityasingh/Library/Developer/Xcode/DerivedData/Chatlio-erkyzdeecsohoaggpwbjdvavzqfv/Build/Products/Debug-iphonesimulator/PackageFrameworks\ /Users/aadityasingh/Library/Developer/Xcode/DerivedData/Chatlio-erkyzdeecsohoaggpwbjdvavzqfv/Build/Products/Debug-iphonesimulator/PackageFrameworks\ /Users/aadityasingh/Library/Developer/Xcode/DerivedData/Chatlio-erkyzdeecsohoaggpwbjdvavzqfv/Build/Products/Debug-iphonesimulator/PackageFrameworks\ /Users/aadityasingh/Library/Developer/Xcode/DerivedData/Chatlio-erkyzdeecsohoaggpwbjdvavzqfv/Build/Products/Debug-iphonesimulator/PackageFrameworks\ /Users/aadityasingh/Library/Developer/Xcode/DerivedData/Chatlio-erkyzdeecsohoaggpwbjdvavzqfv/Build/Products/Debug-iphonesimulator/PackageFrameworks\ /Users/aadityasingh/Library/Developer/Xcode/DerivedData/Chatlio-erkyzdeecsohoaggpwbjdvavzqfv/Build/Products/Debug-iphonesimulator/PackageFrameworks\ /Users/aadityasingh/Library/Developer/Xcode/DerivedData/Chatlio-erkyzdeecsohoaggpwbjdvavzqfv/Build/Products/Debug-iphonesimulator/PackageFrameworks\ \ @executable_path/Frameworks
    export LD_RUNPATH_SEARCH_PATHS_YES\=@loader_path/../Frameworks
    export LD_SHARED_CACHE_ELIGIBLE\=Automatic
    export LD_WARN_DUPLICATE_LIBRARIES\=NO
    export LD_WARN_UNUSED_DYLIBS\=NO
    export LEGACY_DEVELOPER_DIR\=/Applications/Xcode.app/Contents/PlugIns/Xcode3Core.ideplugin/Contents/SharedSupport/Developer
    export LEX\=lex
    export LIBRARY_DEXT_INSTALL_PATH\=/Library/DriverExtensions
    export LIBRARY_FLAG_NOSPACE\=YES
    export LIBRARY_FLAG_PREFIX\=-l
    export LIBRARY_KEXT_INSTALL_PATH\=/Library/Extensions
    export LIBRARY_SEARCH_PATHS\=/Users/aadityasingh/Library/Developer/Xcode/DerivedData/Chatlio-erkyzdeecsohoaggpwbjdvavzqfv/Build/Products/Debug-iphonesimulator\ 
    export LINKER_DISPLAYS_MANGLED_NAMES\=NO
    export LINK_FILE_LIST_normal_arm64\=/Users/aadityasingh/Library/Developer/Xcode/DerivedData/Chatlio-erkyzdeecsohoaggpwbjdvavzqfv/Build/Intermediates.noindex/Chatlio.build/Debug-iphonesimulator/Chatlio.build/Objects-normal/arm64/Chatlio.LinkFileList
    export LINK_OBJC_RUNTIME\=YES
    export LINK_WITH_STANDARD_LIBRARIES\=YES
    export LLVM_TARGET_TRIPLE_OS_VERSION\=ios17.0
    export LLVM_TARGET_TRIPLE_SUFFIX\=-simulator
    export LLVM_TARGET_TRIPLE_VENDOR\=apple
    export LM_AUX_CONST_METADATA_LIST_PATH_normal_arm64\=/Users/aadityasingh/Library/Developer/Xcode/DerivedData/Chatlio-erkyzdeecsohoaggpwbjdvavzqfv/Build/Intermediates.noindex/Chatlio.build/Debug-iphonesimulator/Chatlio.build/Objects-normal/arm64/Chatlio.SwiftConstValuesFileList
    export LOCALIZATION_EXPORT_SUPPORTED\=YES
    export LOCALIZATION_PREFERS_STRING_CATALOGS\=NO
    export LOCALIZED_RESOURCES_FOLDER_PATH\=Chatlio.app/en.lproj
    export LOCALIZED_STRING_CODE_COMMENTS\=NO
    export LOCALIZED_STRING_MACRO_NAMES\=NSLocalizedString\ CFCopyLocalizedString
    export LOCALIZED_STRING_SWIFTUI_SUPPORT\=YES
    export LOCAL_ADMIN_APPS_DIR\=/Applications/Utilities
    export LOCAL_APPS_DIR\=/Applications
    export LOCAL_DEVELOPER_DIR\=/Library/Developer
    export LOCAL_LIBRARY_DIR\=/Library
    export LOCROOT\=/Users/aadityasingh/Documents/Development/element-x-ios
    export LOCSYMROOT\=/Users/aadityasingh/Documents/Development/element-x-ios
    export MACH_O_TYPE\=mh_execute
    export MAC_OS_X_PRODUCT_BUILD_VERSION\=25E253
    export MAC_OS_X_VERSION_ACTUAL\=260401
    export MAC_OS_X_VERSION_MAJOR\=260000
    export MAC_OS_X_VERSION_MINOR\=260400
    export MAKE_MERGEABLE\=NO
    export MARKETING_VERSION\=1.0.0
    export MERGEABLE_LIBRARY\=NO
    export MERGED_BINARY_TYPE\=none
    export MERGE_LINKED_LIBRARIES\=NO
    export METAL_LIBRARY_FILE_BASE\=default
    export METAL_LIBRARY_OUTPUT_DIR\=/Users/aadityasingh/Library/Developer/Xcode/DerivedData/Chatlio-erkyzdeecsohoaggpwbjdvavzqfv/Build/Products/Debug-iphonesimulator/Chatlio.app
    export MODULES_FOLDER_PATH\=Chatlio.app/Modules
    export MODULE_CACHE_DIR\=/Users/aadityasingh/Library/Developer/Xcode/DerivedData/ModuleCache.noindex
    export MTL_ENABLE_DEBUG_INFO\=INCLUDE_SOURCE
    export MTL_FAST_MATH\=YES
    export NATIVE_ARCH\=arm64
    export NATIVE_ARCH_32_BIT\=arm
    export NATIVE_ARCH_64_BIT\=arm64
    export NATIVE_ARCH_ACTUAL\=arm64
    export NO_COMMON\=YES
    export OBJC_ABI_VERSION\=2
    export OBJECT_FILE_DIR\=/Users/aadityasingh/Library/Developer/Xcode/DerivedData/Chatlio-erkyzdeecsohoaggpwbjdvavzqfv/Build/Intermediates.noindex/Chatlio.build/Debug-iphonesimulator/Chatlio.build/Objects
    export OBJECT_FILE_DIR_normal\=/Users/aadityasingh/Library/Developer/Xcode/DerivedData/Chatlio-erkyzdeecsohoaggpwbjdvavzqfv/Build/Intermediates.noindex/Chatlio.build/Debug-iphonesimulator/Chatlio.build/Objects-normal
    export OBJROOT\=/Users/aadityasingh/Library/Developer/Xcode/DerivedData/Chatlio-erkyzdeecsohoaggpwbjdvavzqfv/Build/Intermediates.noindex
    export ONLY_ACTIVE_ARCH\=YES
    export OS\=MACOS
    export OSAC\=/usr/bin/osacompile
    export OTHER_CFLAGS\=-fmodule-map-file\=/Users/aadityasingh/Library/Developer/Xcode/DerivedData/Chatlio-erkyzdeecsohoaggpwbjdvavzqfv/Build/Intermediates.noindex/GeneratedModuleMaps-iphonesimulator/MatrixRustSDK.modulemap\ -fmodule-map-file\=/Users/aadityasingh/Library/Developer/Xcode/DerivedData/Chatlio-erkyzdeecsohoaggpwbjdvavzqfv/Build/Intermediates.noindex/GeneratedModuleMaps-iphonesimulator/CompoundDesignTokens.modulemap\ -fmodule-map-file\=/Users/aadityasingh/Library/Developer/Xcode/DerivedData/Chatlio-erkyzdeecsohoaggpwbjdvavzqfv/Build/Intermediates.noindex/GeneratedModuleMaps-iphonesimulator/SwiftUIIntrospect.modulemap\ -fmodule-map-file\=/Users/aadityasingh/Library/Developer/Xcode/DerivedData/Chatlio-erkyzdeecsohoaggpwbjdvavzqfv/Build/Intermediates.noindex/GeneratedModuleMaps-iphonesimulator/SFSafeSymbols.modulemap\ -fmodule-map-file\=/Users/aadityasingh/Library/Developer/Xcode/DerivedData/Chatlio-erkyzdeecsohoaggpwbjdvavzqfv/Build/Intermediates.noindex/GeneratedModuleMaps-iphonesimulator/Compound.modulemap\ -fmodule-map-file\=/Users/aadityasingh/Library/Developer/Xcode/DerivedData/Chatlio-erkyzdeecsohoaggpwbjdvavzqfv/Build/Intermediates.noindex/GeneratedModuleMaps-iphonesimulator/RealModule.modulemap\ -fmodule-map-file\=/Users/aadityasingh/Library/Developer/Xcode/DerivedData/Chatlio-erkyzdeecsohoaggpwbjdvavzqfv/Build/Intermediates.noindex/GeneratedModuleMaps-iphonesimulator/Algorithms.modulemap\ -fmodule-map-file\=/Users/aadityasingh/Library/Developer/Xcode/DerivedData/Chatlio-erkyzdeecsohoaggpwbjdvavzqfv/Build/Intermediates.noindex/GeneratedModuleMaps-iphonesimulator/AsyncAlgorithms.modulemap\ -fmodule-map-file\=/Users/aadityasingh/Library/Developer/Xcode/DerivedData/Chatlio-erkyzdeecsohoaggpwbjdvavzqfv/Build/Intermediates.noindex/GeneratedModuleMaps-iphonesimulator/AnalyticsEvents.modulemap\ -fmodule-map-file\=/Users/aadityasingh/Library/Developer/Xcode/DerivedData/Chatlio-erkyzdeecsohoaggpwbjdvavzqfv/Build/Intermediates.noindex/GeneratedModuleMaps-iphonesimulator/_RopeModule.modulemap\ -fmodule-map-file\=/Users/aadityasingh/Library/Developer/Xcode/DerivedData/Chatlio-erkyzdeecsohoaggpwbjdvavzqfv/Build/Intermediates.noindex/GeneratedModuleMaps-iphonesimulator/OrderedCollections.modulemap\ -fmodule-map-file\=/Users/aadityasingh/Library/Developer/Xcode/DerivedData/Chatlio-erkyzdeecsohoaggpwbjdvavzqfv/Build/Intermediates.noindex/GeneratedModuleMaps-iphonesimulator/HeapModule.modulemap\ -fmodule-map-file\=/Users/aadityasingh/Library/Developer/Xcode/DerivedData/Chatlio-erkyzdeecsohoaggpwbjdvavzqfv/Build/Intermediates.noindex/GeneratedModuleMaps-iphonesimulator/HashTreeCollections.modulemap\ -fmodule-map-file\=/Users/aadityasingh/Library/Developer/Xcode/DerivedData/Chatlio-erkyzdeecsohoaggpwbjdvavzqfv/Build/Intermediates.noindex/GeneratedModuleMaps-iphonesimulator/DequeModule.modulemap\ -fmodule-map-file\=/Users/aadityasingh/Library/Developer/Xcode/DerivedData/Chatlio-erkyzdeecsohoaggpwbjdvavzqfv/Build/Intermediates.noindex/GeneratedModuleMaps-iphonesimulator/BitCollections.modulemap\ -fmodule-map-file\=/Users/aadityasingh/Library/Developer/Xcode/DerivedData/Chatlio-erkyzdeecsohoaggpwbjdvavzqfv/Build/Intermediates.noindex/GeneratedModuleMaps-iphonesimulator/InternalCollectionsUtilities.modulemap\ -fmodule-map-file\=/Users/aadityasingh/Library/Developer/Xcode/DerivedData/Chatlio-erkyzdeecsohoaggpwbjdvavzqfv/Build/Intermediates.noindex/GeneratedModuleMaps-iphonesimulator/Collections.modulemap\ -fmodule-map-file\=/Users/aadityasingh/Library/Developer/Xcode/DerivedData/Chatlio-erkyzdeecsohoaggpwbjdvavzqfv/Build/Intermediates.noindex/GeneratedModuleMaps-iphonesimulator/DeviceKit.modulemap\ -fmodule-map-file\=/Users/aadityasingh/Library/Developer/Xcode/DerivedData/Chatlio-erkyzdeecsohoaggpwbjdvavzqfv/Build/Intermediates.noindex/GeneratedModuleMaps-iphonesimulator/EmbeddedElementCall.modulemap\ -fmodule-map-file\=/Users/aadityasingh/Library/Developer/Xcode/DerivedData/Chatlio-erkyzdeecsohoaggpwbjdvavzqfv/Build/Intermediates.noindex/GeneratedModuleMaps-iphonesimulator/KeychainAccess.modulemap\ -fmodule-map-file\=/Users/aadityasingh/Library/Developer/Xcode/DerivedData/Chatlio-erkyzdeecsohoaggpwbjdvavzqfv/Build/Intermediates.noindex/GeneratedModuleMaps-iphonesimulator/Kingfisher.modulemap\ -fmodule-map-file\=/Users/aadityasingh/Library/Developer/Xcode/DerivedData/Chatlio-erkyzdeecsohoaggpwbjdvavzqfv/Build/Intermediates.noindex/GeneratedModuleMaps-iphonesimulator/KZFileWatchers.modulemap\ -fmodule-map-file\=/Users/aadityasingh/Library/Developer/Xcode/DerivedData/Chatlio-erkyzdeecsohoaggpwbjdvavzqfv/Build/Intermediates.noindex/GeneratedModuleMaps-iphonesimulator/LoremSwiftum.modulemap\ -fmodule-map-file\=/Users/aadityasingh/Library/Developer/Xcode/DerivedData/Chatlio-erkyzdeecsohoaggpwbjdvavzqfv/Build/Intermediates.noindex/GeneratedModuleMaps-iphonesimulator/LRUCache.modulemap\ -fmodule-map-file\=/Users/aadityasingh/Library/Developer/Xcode/DerivedData/Chatlio-erkyzdeecsohoaggpwbjdvavzqfv/Build/Intermediates.noindex/GeneratedModuleMaps-iphonesimulator/phlibwebp.modulemap\ -fmodule-map-file\=/Users/aadityasingh/Library/Developer/Xcode/DerivedData/Chatlio-erkyzdeecsohoaggpwbjdvavzqfv/Build/Intermediates.noindex/GeneratedModuleMaps-iphonesimulator/PostHog.modulemap\ -fmodule-map-file\=/Users/aadityasingh/Library/Developer/Xcode/DerivedData/Chatlio-erkyzdeecsohoaggpwbjdvavzqfv/Build/Intermediates.noindex/GeneratedModuleMaps-iphonesimulator/SwiftState.modulemap\ -fmodule-map-file\=/Users/aadityasingh/Library/Developer/Xcode/DerivedData/Chatlio-erkyzdeecsohoaggpwbjdvavzqfv/Build/Intermediates.noindex/GeneratedModuleMaps-iphonesimulator/GZIP.modulemap\ -fmodule-map-file\=/Users/aadityasingh/Library/Developer/Xcode/DerivedData/Chatlio-erkyzdeecsohoaggpwbjdvavzqfv/Build/Intermediates.noindex/GeneratedModuleMaps-iphonesimulator/SentryInternal.modulemap\ -fmodule-map-file\=/Users/aadityasingh/Library/Developer/Xcode/DerivedData/Chatlio-erkyzdeecsohoaggpwbjdvavzqfv/Build/Intermediates.noindex/GeneratedModuleMaps-iphonesimulator/SentryCppHelper.modulemap\ -fmodule-map-file\=/Users/aadityasingh/Library/Developer/Xcode/DerivedData/Chatlio-erkyzdeecsohoaggpwbjdvavzqfv/Build/Intermediates.noindex/GeneratedModuleMaps-iphonesimulator/SentrySwiftUI.modulemap\ -fmodule-map-file\=/Users/aadityasingh/Library/Developer/Xcode/DerivedData/Chatlio-erkyzdeecsohoaggpwbjdvavzqfv/Build/Intermediates.noindex/GeneratedModuleMaps-iphonesimulator/Version.modulemap\ -fmodule-map-file\=/Users/aadityasingh/Library/Developer/Xcode/DerivedData/Chatlio-erkyzdeecsohoaggpwbjdvavzqfv/Build/Intermediates.noindex/GeneratedModuleMaps-iphonesimulator/Emojibase.modulemap\ -fmodule-map-file\=/Users/aadityasingh/Library/Developer/Xcode/DerivedData/Chatlio-erkyzdeecsohoaggpwbjdvavzqfv/Build/Intermediates.noindex/GeneratedModuleMaps-iphonesimulator/DTFoundation.modulemap\ -fmodule-map-file\=/Users/aadityasingh/Library/Developer/Xcode/DerivedData/Chatlio-erkyzdeecsohoaggpwbjdvavzqfv/Build/Intermediates.noindex/GeneratedModuleMaps-iphonesimulator/DTCoreText.modulemap\ -fmodule-map-file\=/Users/aadityasingh/Library/Developer/Xcode/DerivedData/Chatlio-erkyzdeecsohoaggpwbjdvavzqfv/Build/Intermediates.noindex/GeneratedModuleMaps-iphonesimulator/HTMLParser.modulemap\ -fmodule-map-file\=/Users/aadityasingh/Library/Developer/Xcode/DerivedData/Chatlio-erkyzdeecsohoaggpwbjdvavzqfv/Build/Intermediates.noindex/GeneratedModuleMaps-iphonesimulator/DTCoreTextExtended.modulemap\ -fmodule-map-file\=/Users/aadityasingh/Library/Developer/Xcode/DerivedData/Chatlio-erkyzdeecsohoaggpwbjdvavzqfv/Build/Intermediates.noindex/GeneratedModuleMaps-iphonesimulator/WysiwygComposer.modulemap\ -fmodule-map-file\=/Users/aadityasingh/Library/Developer/Xcode/DerivedData/Chatlio-erkyzdeecsohoaggpwbjdvavzqfv/Build/Intermediates.noindex/GeneratedModuleMaps-iphonesimulator/SwiftOGG.modulemap\ -fmodule-map-file\=/Users/aadityasingh/Library/Developer/Xcode/DerivedData/Chatlio-erkyzdeecsohoaggpwbjdvavzqfv/Build/Intermediates.noindex/GeneratedModuleMaps-iphonesimulator/Atomics.modulemap\ -fmodule-map-file\=/Users/aadityasingh/Library/Developer/Xcode/DerivedData/Chatlio-erkyzdeecsohoaggpwbjdvavzqfv/Build/Intermediates.noindex/GeneratedModuleMaps-iphonesimulator/SwiftSoup.modulemap\ -fmodule-map-file\=/Users/aadityasingh/Library/Developer/Xcode/DerivedData/Chatlio-erkyzdeecsohoaggpwbjdvavzqfv/Build/Intermediates.noindex/GeneratedModuleMaps-iphonesimulator/Flow.modulemap\ -fmodule-map-file\=/Users/aadityasingh/Library/Developer/Xcode/DerivedData/Chatlio-erkyzdeecsohoaggpwbjdvavzqfv/Build/Intermediates.noindex/GeneratedModuleMaps-iphonesimulator/DSWaveformImage.modulemap\ -fmodule-map-file\=/Users/aadityasingh/Library/Developer/Xcode/DerivedData/Chatlio-erkyzdeecsohoaggpwbjdvavzqfv/Build/Intermediates.noindex/GeneratedModuleMaps-iphonesimulator/DSWaveformImageViews.modulemap\ 
    export OTHER_CPLUSPLUSFLAGS\=-fmodule-map-file\=/Users/aadityasingh/Library/Developer/Xcode/DerivedData/Chatlio-erkyzdeecsohoaggpwbjdvavzqfv/Build/Intermediates.noindex/GeneratedModuleMaps-iphonesimulator/MatrixRustSDK.modulemap\ -fmodule-map-file\=/Users/aadityasingh/Library/Developer/Xcode/DerivedData/Chatlio-erkyzdeecsohoaggpwbjdvavzqfv/Build/Intermediates.noindex/GeneratedModuleMaps-iphonesimulator/CompoundDesignTokens.modulemap\ -fmodule-map-file\=/Users/aadityasingh/Library/Developer/Xcode/DerivedData/Chatlio-erkyzdeecsohoaggpwbjdvavzqfv/Build/Intermediates.noindex/GeneratedModuleMaps-iphonesimulator/SwiftUIIntrospect.modulemap\ -fmodule-map-file\=/Users/aadityasingh/Library/Developer/Xcode/DerivedData/Chatlio-erkyzdeecsohoaggpwbjdvavzqfv/Build/Intermediates.noindex/GeneratedModuleMaps-iphonesimulator/SFSafeSymbols.modulemap\ -fmodule-map-file\=/Users/aadityasingh/Library/Developer/Xcode/DerivedData/Chatlio-erkyzdeecsohoaggpwbjdvavzqfv/Build/Intermediates.noindex/GeneratedModuleMaps-iphonesimulator/Compound.modulemap\ -fmodule-map-file\=/Users/aadityasingh/Library/Developer/Xcode/DerivedData/Chatlio-erkyzdeecsohoaggpwbjdvavzqfv/Build/Intermediates.noindex/GeneratedModuleMaps-iphonesimulator/RealModule.modulemap\ -fmodule-map-file\=/Users/aadityasingh/Library/Developer/Xcode/DerivedData/Chatlio-erkyzdeecsohoaggpwbjdvavzqfv/Build/Intermediates.noindex/GeneratedModuleMaps-iphonesimulator/Algorithms.modulemap\ -fmodule-map-file\=/Users/aadityasingh/Library/Developer/Xcode/DerivedData/Chatlio-erkyzdeecsohoaggpwbjdvavzqfv/Build/Intermediates.noindex/GeneratedModuleMaps-iphonesimulator/AsyncAlgorithms.modulemap\ -fmodule-map-file\=/Users/aadityasingh/Library/Developer/Xcode/DerivedData/Chatlio-erkyzdeecsohoaggpwbjdvavzqfv/Build/Intermediates.noindex/GeneratedModuleMaps-iphonesimulator/AnalyticsEvents.modulemap\ -fmodule-map-file\=/Users/aadityasingh/Library/Developer/Xcode/DerivedData/Chatlio-erkyzdeecsohoaggpwbjdvavzqfv/Build/Intermediates.noindex/GeneratedModuleMaps-iphonesimulator/_RopeModule.modulemap\ -fmodule-map-file\=/Users/aadityasingh/Library/Developer/Xcode/DerivedData/Chatlio-erkyzdeecsohoaggpwbjdvavzqfv/Build/Intermediates.noindex/GeneratedModuleMaps-iphonesimulator/OrderedCollections.modulemap\ -fmodule-map-file\=/Users/aadityasingh/Library/Developer/Xcode/DerivedData/Chatlio-erkyzdeecsohoaggpwbjdvavzqfv/Build/Intermediates.noindex/GeneratedModuleMaps-iphonesimulator/HeapModule.modulemap\ -fmodule-map-file\=/Users/aadityasingh/Library/Developer/Xcode/DerivedData/Chatlio-erkyzdeecsohoaggpwbjdvavzqfv/Build/Intermediates.noindex/GeneratedModuleMaps-iphonesimulator/HashTreeCollections.modulemap\ -fmodule-map-file\=/Users/aadityasingh/Library/Developer/Xcode/DerivedData/Chatlio-erkyzdeecsohoaggpwbjdvavzqfv/Build/Intermediates.noindex/GeneratedModuleMaps-iphonesimulator/DequeModule.modulemap\ -fmodule-map-file\=/Users/aadityasingh/Library/Developer/Xcode/DerivedData/Chatlio-erkyzdeecsohoaggpwbjdvavzqfv/Build/Intermediates.noindex/GeneratedModuleMaps-iphonesimulator/BitCollections.modulemap\ -fmodule-map-file\=/Users/aadityasingh/Library/Developer/Xcode/DerivedData/Chatlio-erkyzdeecsohoaggpwbjdvavzqfv/Build/Intermediates.noindex/GeneratedModuleMaps-iphonesimulator/InternalCollectionsUtilities.modulemap\ -fmodule-map-file\=/Users/aadityasingh/Library/Developer/Xcode/DerivedData/Chatlio-erkyzdeecsohoaggpwbjdvavzqfv/Build/Intermediates.noindex/GeneratedModuleMaps-iphonesimulator/Collections.modulemap\ -fmodule-map-file\=/Users/aadityasingh/Library/Developer/Xcode/DerivedData/Chatlio-erkyzdeecsohoaggpwbjdvavzqfv/Build/Intermediates.noindex/GeneratedModuleMaps-iphonesimulator/DeviceKit.modulemap\ -fmodule-map-file\=/Users/aadityasingh/Library/Developer/Xcode/DerivedData/Chatlio-erkyzdeecsohoaggpwbjdvavzqfv/Build/Intermediates.noindex/GeneratedModuleMaps-iphonesimulator/EmbeddedElementCall.modulemap\ -fmodule-map-file\=/Users/aadityasingh/Library/Developer/Xcode/DerivedData/Chatlio-erkyzdeecsohoaggpwbjdvavzqfv/Build/Intermediates.noindex/GeneratedModuleMaps-iphonesimulator/KeychainAccess.modulemap\ -fmodule-map-file\=/Users/aadityasingh/Library/Developer/Xcode/DerivedData/Chatlio-erkyzdeecsohoaggpwbjdvavzqfv/Build/Intermediates.noindex/GeneratedModuleMaps-iphonesimulator/Kingfisher.modulemap\ -fmodule-map-file\=/Users/aadityasingh/Library/Developer/Xcode/DerivedData/Chatlio-erkyzdeecsohoaggpwbjdvavzqfv/Build/Intermediates.noindex/GeneratedModuleMaps-iphonesimulator/KZFileWatchers.modulemap\ -fmodule-map-file\=/Users/aadityasingh/Library/Developer/Xcode/DerivedData/Chatlio-erkyzdeecsohoaggpwbjdvavzqfv/Build/Intermediates.noindex/GeneratedModuleMaps-iphonesimulator/LoremSwiftum.modulemap\ -fmodule-map-file\=/Users/aadityasingh/Library/Developer/Xcode/DerivedData/Chatlio-erkyzdeecsohoaggpwbjdvavzqfv/Build/Intermediates.noindex/GeneratedModuleMaps-iphonesimulator/LRUCache.modulemap\ -fmodule-map-file\=/Users/aadityasingh/Library/Developer/Xcode/DerivedData/Chatlio-erkyzdeecsohoaggpwbjdvavzqfv/Build/Intermediates.noindex/GeneratedModuleMaps-iphonesimulator/phlibwebp.modulemap\ -fmodule-map-file\=/Users/aadityasingh/Library/Developer/Xcode/DerivedData/Chatlio-erkyzdeecsohoaggpwbjdvavzqfv/Build/Intermediates.noindex/GeneratedModuleMaps-iphonesimulator/PostHog.modulemap\ -fmodule-map-file\=/Users/aadityasingh/Library/Developer/Xcode/DerivedData/Chatlio-erkyzdeecsohoaggpwbjdvavzqfv/Build/Intermediates.noindex/GeneratedModuleMaps-iphonesimulator/SwiftState.modulemap\ -fmodule-map-file\=/Users/aadityasingh/Library/Developer/Xcode/DerivedData/Chatlio-erkyzdeecsohoaggpwbjdvavzqfv/Build/Intermediates.noindex/GeneratedModuleMaps-iphonesimulator/GZIP.modulemap\ -fmodule-map-file\=/Users/aadityasingh/Library/Developer/Xcode/DerivedData/Chatlio-erkyzdeecsohoaggpwbjdvavzqfv/Build/Intermediates.noindex/GeneratedModuleMaps-iphonesimulator/SentryInternal.modulemap\ -fmodule-map-file\=/Users/aadityasingh/Library/Developer/Xcode/DerivedData/Chatlio-erkyzdeecsohoaggpwbjdvavzqfv/Build/Intermediates.noindex/GeneratedModuleMaps-iphonesimulator/SentryCppHelper.modulemap\ -fmodule-map-file\=/Users/aadityasingh/Library/Developer/Xcode/DerivedData/Chatlio-erkyzdeecsohoaggpwbjdvavzqfv/Build/Intermediates.noindex/GeneratedModuleMaps-iphonesimulator/SentrySwiftUI.modulemap\ -fmodule-map-file\=/Users/aadityasingh/Library/Developer/Xcode/DerivedData/Chatlio-erkyzdeecsohoaggpwbjdvavzqfv/Build/Intermediates.noindex/GeneratedModuleMaps-iphonesimulator/Version.modulemap\ -fmodule-map-file\=/Users/aadityasingh/Library/Developer/Xcode/DerivedData/Chatlio-erkyzdeecsohoaggpwbjdvavzqfv/Build/Intermediates.noindex/GeneratedModuleMaps-iphonesimulator/Emojibase.modulemap\ -fmodule-map-file\=/Users/aadityasingh/Library/Developer/Xcode/DerivedData/Chatlio-erkyzdeecsohoaggpwbjdvavzqfv/Build/Intermediates.noindex/GeneratedModuleMaps-iphonesimulator/DTFoundation.modulemap\ -fmodule-map-file\=/Users/aadityasingh/Library/Developer/Xcode/DerivedData/Chatlio-erkyzdeecsohoaggpwbjdvavzqfv/Build/Intermediates.noindex/GeneratedModuleMaps-iphonesimulator/DTCoreText.modulemap\ -fmodule-map-file\=/Users/aadityasingh/Library/Developer/Xcode/DerivedData/Chatlio-erkyzdeecsohoaggpwbjdvavzqfv/Build/Intermediates.noindex/GeneratedModuleMaps-iphonesimulator/HTMLParser.modulemap\ -fmodule-map-file\=/Users/aadityasingh/Library/Developer/Xcode/DerivedData/Chatlio-erkyzdeecsohoaggpwbjdvavzqfv/Build/Intermediates.noindex/GeneratedModuleMaps-iphonesimulator/DTCoreTextExtended.modulemap\ -fmodule-map-file\=/Users/aadityasingh/Library/Developer/Xcode/DerivedData/Chatlio-erkyzdeecsohoaggpwbjdvavzqfv/Build/Intermediates.noindex/GeneratedModuleMaps-iphonesimulator/WysiwygComposer.modulemap\ -fmodule-map-file\=/Users/aadityasingh/Library/Developer/Xcode/DerivedData/Chatlio-erkyzdeecsohoaggpwbjdvavzqfv/Build/Intermediates.noindex/GeneratedModuleMaps-iphonesimulator/SwiftOGG.modulemap\ -fmodule-map-file\=/Users/aadityasingh/Library/Developer/Xcode/DerivedData/Chatlio-erkyzdeecsohoaggpwbjdvavzqfv/Build/Intermediates.noindex/GeneratedModuleMaps-iphonesimulator/Atomics.modulemap\ -fmodule-map-file\=/Users/aadityasingh/Library/Developer/Xcode/DerivedData/Chatlio-erkyzdeecsohoaggpwbjdvavzqfv/Build/Intermediates.noindex/GeneratedModuleMaps-iphonesimulator/SwiftSoup.modulemap\ -fmodule-map-file\=/Users/aadityasingh/Library/Developer/Xcode/DerivedData/Chatlio-erkyzdeecsohoaggpwbjdvavzqfv/Build/Intermediates.noindex/GeneratedModuleMaps-iphonesimulator/Flow.modulemap\ -fmodule-map-file\=/Users/aadityasingh/Library/Developer/Xcode/DerivedData/Chatlio-erkyzdeecsohoaggpwbjdvavzqfv/Build/Intermediates.noindex/GeneratedModuleMaps-iphonesimulator/DSWaveformImage.modulemap\ -fmodule-map-file\=/Users/aadityasingh/Library/Developer/Xcode/DerivedData/Chatlio-erkyzdeecsohoaggpwbjdvavzqfv/Build/Intermediates.noindex/GeneratedModuleMaps-iphonesimulator/DSWaveformImageViews.modulemap\ 
    export OTHER_LDFLAGS\=-Wl,-no_warn_duplicate_libraries\ -Wl,-no_warn_duplicate_libraries\ -Wl,-no_warn_duplicate_libraries\ -Wl,-no_warn_duplicate_libraries\ -Wl,-no_warn_duplicate_libraries\ -Wl,-no_warn_duplicate_libraries\ -Wl,-no_warn_duplicate_libraries\ -Wl,-no_warn_duplicate_libraries\ -Wl,-no_warn_duplicate_libraries\ -Wl,-no_warn_duplicate_libraries\ -Wl,-no_warn_duplicate_libraries\ -Wl,-no_warn_duplicate_libraries\ -Wl,-no_warn_duplicate_libraries\ -Wl,-no_warn_duplicate_libraries\ -Wl,-no_warn_duplicate_libraries\ -Wl,-no_warn_duplicate_libraries\ -Wl,-no_warn_duplicate_libraries\ -Wl,-no_warn_duplicate_libraries\ -Wl,-no_warn_duplicate_libraries\ -Wl,-no_warn_duplicate_libraries\ -Wl,-no_warn_duplicate_libraries\ -Wl,-no_warn_duplicate_libraries\ -Wl,-no_warn_duplicate_libraries\ -Wl,-no_warn_duplicate_libraries\ -Wl,-no_warn_duplicate_libraries\ -Wl,-no_warn_duplicate_libraries\ -Wl,-no_warn_duplicate_libraries\ -Wl,-no_warn_duplicate_libraries\ -Wl,-no_warn_duplicate_libraries\ -Wl,-no_warn_duplicate_libraries\ -Wl,-no_warn_duplicate_libraries\ -Wl,-no_warn_duplicate_libraries\ -Wl,-no_warn_duplicate_libraries\ -Wl,-no_warn_duplicate_libraries\ -Wl,-no_warn_duplicate_libraries\ -Wl,-no_warn_duplicate_libraries\ -Wl,-no_warn_duplicate_libraries\ -Wl,-no_warn_duplicate_libraries\ -Wl,-no_warn_duplicate_libraries\ -Wl,-no_warn_duplicate_libraries\ -Wl,-no_warn_duplicate_libraries\ -Wl,-no_warn_duplicate_libraries\ -Wl,-no_warn_duplicate_libraries\ -Wl,-no_warn_duplicate_libraries\ -Wl,-no_warn_duplicate_libraries\ -Wl,-no_warn_duplicate_libraries\ -Wl,-no_warn_duplicate_libraries\ \ -framework\ Sentry\ -lc++
    export OTHER_SWIFT_FLAGS\=-Xcc\ -fmodule-map-file\=/Users/aadityasingh/Library/Developer/Xcode/DerivedData/Chatlio-erkyzdeecsohoaggpwbjdvavzqfv/Build/Intermediates.noindex/GeneratedModuleMaps-iphonesimulator/phlibwebp.modulemap\ -Xcc\ -fmodule-map-file\=/Users/aadityasingh/Library/Developer/Xcode/DerivedData/Chatlio-erkyzdeecsohoaggpwbjdvavzqfv/Build/Intermediates.noindex/GeneratedModuleMaps-iphonesimulator/GZIP.modulemap\ -Xcc\ -fmodule-map-file\=/Users/aadityasingh/Library/Developer/Xcode/DerivedData/Chatlio-erkyzdeecsohoaggpwbjdvavzqfv/Build/Intermediates.noindex/GeneratedModuleMaps-iphonesimulator/SentryInternal.modulemap\ -Xcc\ -fmodule-map-file\=/Users/aadityasingh/Library/Developer/Xcode/DerivedData/Chatlio-erkyzdeecsohoaggpwbjdvavzqfv/Build/Intermediates.noindex/GeneratedModuleMaps-iphonesimulator/DTFoundation.modulemap\ -Xcc\ -fmodule-map-file\=/Users/aadityasingh/Library/Developer/Xcode/DerivedData/Chatlio-erkyzdeecsohoaggpwbjdvavzqfv/Build/Intermediates.noindex/GeneratedModuleMaps-iphonesimulator/DTCoreText.modulemap\ -Xcc\ -fmodule-map-file\=/Users/aadityasingh/Library/Developer/Xcode/DerivedData/Chatlio-erkyzdeecsohoaggpwbjdvavzqfv/Build/Intermediates.noindex/GeneratedModuleMaps-iphonesimulator/DTCoreTextExtended.modulemap\ -DIS_MAIN_APP
    export PACKAGE_TYPE\=com.apple.package-type.wrapper.application
    export PASCAL_STRINGS\=YES
    export PATH\=/Applications/Xcode.app/Contents/SharedFrameworks/SwiftBuild.framework/Versions/A/PlugIns/SWBBuildService.bundle/Contents/PlugIns/SWBUniversalPlatformPlugin.bundle/Contents/Frameworks/SWBUniversalPlatform.framework/Resources:/Applications/Xcode.app/Contents/Developer/Toolchains/XcodeDefault.xctoolchain/usr/bin:/Applications/Xcode.app/Contents/Developer/Toolchains/XcodeDefault.xctoolchain/usr/local/bin:/Applications/Xcode.app/Contents/Developer/Toolchains/XcodeDefault.xctoolchain/usr/libexec:/Applications/Xcode.app/Contents/Developer/Platforms/iPhoneSimulator.platform/usr/bin:/Applications/Xcode.app/Contents/Developer/Platforms/iPhoneSimulator.platform/usr/local/bin:/Applications/Xcode.app/Contents/Developer/Platforms/iPhoneSimulator.platform/Developer/usr/bin:/Applications/Xcode.app/Contents/Developer/Platforms/iPhoneSimulator.platform/Developer/usr/local/bin:/Applications/Xcode.app/Contents/Developer/usr/bin:/Applications/Xcode.app/Contents/Developer/usr/local/bin:/Users/aadityasingh/Documents/flutter/bin:/Users/aadityasingh/.antigravity/antigravity/bin:/Users/aadityasingh/.local/bin:/Users/aadityasingh/Library/pnpm:/usr/local/bin:/System/Cryptexes/App/usr/bin:/usr/bin:/bin:/usr/sbin:/sbin:/var/run/com.apple.security.cryptexd/codex.system/bootstrap/usr/local/bin:/var/run/com.apple.security.cryptexd/codex.system/bootstrap/usr/bin:/var/run/com.apple.security.cryptexd/codex.system/bootstrap/usr/appleinternal/bin:/opt/pkg/env/active/bin:/opt/pmk/env/global/bin:/Library/Apple/usr/bin:/Library/TeX/texbin:/opt/homebrew/bin:/Users/aadityasingh/Library/Android/sdk/platform-tools
    export PATH_PREFIXES_EXCLUDED_FROM_HEADER_DEPENDENCIES\=/usr/include\ /usr/local/include\ /System/Library/Frameworks\ /System/Library/PrivateFrameworks\ /Applications/Xcode.app/Contents/Developer/Headers\ /Applications/Xcode.app/Contents/Developer/SDKs\ /Applications/Xcode.app/Contents/Developer/Platforms
    export PBDEVELOPMENTPLIST_PATH\=Chatlio.app/pbdevelopment.plist
    export PER_ARCH_MODULE_FILE_DIR\=/Users/aadityasingh/Library/Developer/Xcode/DerivedData/Chatlio-erkyzdeecsohoaggpwbjdvavzqfv/Build/Intermediates.noindex/Chatlio.build/Debug-iphonesimulator/Chatlio.build/Objects-normal/undefined_arch
    export PER_ARCH_OBJECT_FILE_DIR\=/Users/aadityasingh/Library/Developer/Xcode/DerivedData/Chatlio-erkyzdeecsohoaggpwbjdvavzqfv/Build/Intermediates.noindex/Chatlio.build/Debug-iphonesimulator/Chatlio.build/Objects-normal/undefined_arch
    export PER_VARIANT_OBJECT_FILE_DIR\=/Users/aadityasingh/Library/Developer/Xcode/DerivedData/Chatlio-erkyzdeecsohoaggpwbjdvavzqfv/Build/Intermediates.noindex/Chatlio.build/Debug-iphonesimulator/Chatlio.build/Objects-normal
    export PILLS_UT_TYPE_IDENTIFIER\=im.word.skin.chatlio.pills
    export PKGINFO_FILE_PATH\=/Users/aadityasingh/Library/Developer/Xcode/DerivedData/Chatlio-erkyzdeecsohoaggpwbjdvavzqfv/Build/Intermediates.noindex/Chatlio.build/Debug-iphonesimulator/Chatlio.build/PkgInfo
    export PKGINFO_PATH\=Chatlio.app/PkgInfo
    export PLATFORM_DEVELOPER_APPLICATIONS_DIR\=/Applications/Xcode.app/Contents/Developer/Platforms/iPhoneSimulator.platform/Developer/Applications
    export PLATFORM_DEVELOPER_BIN_DIR\=/Applications/Xcode.app/Contents/Developer/Platforms/iPhoneSimulator.platform/Developer/usr/bin
    export PLATFORM_DEVELOPER_LIBRARY_DIR\=/Applications/Xcode.app/Contents/Developer/Platforms/iPhoneSimulator.platform/Developer/Library
    export PLATFORM_DEVELOPER_SDK_DIR\=/Applications/Xcode.app/Contents/Developer/Platforms/iPhoneSimulator.platform/Developer/SDKs
    export PLATFORM_DEVELOPER_TOOLS_DIR\=/Applications/Xcode.app/Contents/Developer/Platforms/iPhoneSimulator.platform/Developer/Tools
    export PLATFORM_DEVELOPER_USR_DIR\=/Applications/Xcode.app/Contents/Developer/Platforms/iPhoneSimulator.platform/Developer/usr
    export PLATFORM_DIR\=/Applications/Xcode.app/Contents/Developer/Platforms/iPhoneSimulator.platform
    export PLATFORM_DISPLAY_NAME\=iOS\ Simulator
    export PLATFORM_FAMILY_NAME\=iOS
    export PLATFORM_NAME\=iphonesimulator
    export PLATFORM_PREFERRED_ARCH\=x86_64
    export PLATFORM_PRODUCT_BUILD_VERSION\=23E252
    export PLATFORM_REQUIRES_SWIFT_AUTOLINK_EXTRACT\=NO
    export PLATFORM_REQUIRES_SWIFT_MODULEWRAP\=NO
    export PLATFORM_USES_DSYMS\=YES
    export PLIST_FILE_OUTPUT_FORMAT\=binary
    export PLUGINS_FOLDER_PATH\=Chatlio.app/PlugIns
    export PRECOMPS_INCLUDE_HEADERS_FROM_BUILT_PRODUCTS_DIR\=YES
    export PRECOMP_DESTINATION_DIR\=/Users/aadityasingh/Library/Developer/Xcode/DerivedData/Chatlio-erkyzdeecsohoaggpwbjdvavzqfv/Build/Intermediates.noindex/Chatlio.build/Debug-iphonesimulator/Chatlio.build/PrefixHeaders
    export PRIVATE_HEADERS_FOLDER_PATH\=Chatlio.app/PrivateHeaders
    export PROCESSED_INFOPLIST_PATH\=/Users/aadityasingh/Library/Developer/Xcode/DerivedData/Chatlio-erkyzdeecsohoaggpwbjdvavzqfv/Build/Intermediates.noindex/Chatlio.build/Debug-iphonesimulator/Chatlio.build/Objects-normal/undefined_arch/Processed-Info.plist
    export PRODUCTION_APP_NAME\=Chatlio
    export PRODUCT_BUNDLE_IDENTIFIER\=im.word.skin.chatlio
    export PRODUCT_BUNDLE_PACKAGE_TYPE\=APPL
    export PRODUCT_MODULE_NAME\=Chatlio
    export PRODUCT_NAME\=Chatlio
    export PRODUCT_SETTINGS_PATH\=/Users/aadityasingh/Documents/Development/element-x-ios/Chatlio/SupportingFiles/Info.plist
    export PRODUCT_TYPE\=com.apple.product-type.application
    export PROFILING_CODE\=NO
    export PROJECT\=Chatlio
    export PROJECT_DERIVED_FILE_DIR\=/Users/aadityasingh/Library/Developer/Xcode/DerivedData/Chatlio-erkyzdeecsohoaggpwbjdvavzqfv/Build/Intermediates.noindex/Chatlio.build/DerivedSources
    export PROJECT_DIR\=/Users/aadityasingh/Documents/Development/element-x-ios
    export PROJECT_FILE_PATH\=/Users/aadityasingh/Documents/Development/element-x-ios/Chatlio.xcodeproj
    export PROJECT_GUID\=c0c2b8f6bf95e401ab7a73c0cdfb87e2
    export PROJECT_NAME\=Chatlio
    export PROJECT_TEMP_DIR\=/Users/aadityasingh/Library/Developer/Xcode/DerivedData/Chatlio-erkyzdeecsohoaggpwbjdvavzqfv/Build/Intermediates.noindex/Chatlio.build
    export PROJECT_TEMP_ROOT\=/Users/aadityasingh/Library/Developer/Xcode/DerivedData/Chatlio-erkyzdeecsohoaggpwbjdvavzqfv/Build/Intermediates.noindex
    export PROVISIONING_PROFILE_REQUIRED\=NO
    export PROVISIONING_PROFILE_REQUIRED_YES_YES\=YES
    export PROVISIONING_PROFILE_SUPPORTED\=YES
    export PUBLIC_HEADERS_FOLDER_PATH\=Chatlio.app/Headers
    export RECOMMENDED_IPHONEOS_DEPLOYMENT_TARGET\=15.0
    export RECURSIVE_SEARCH_PATHS_FOLLOW_SYMLINKS\=YES
    export REMOVE_CVS_FROM_RESOURCES\=YES
    export REMOVE_GIT_FROM_RESOURCES\=YES
    export REMOVE_HEADERS_FROM_EMBEDDED_BUNDLES\=YES
    export REMOVE_HG_FROM_RESOURCES\=YES
    export REMOVE_STATIC_EXECUTABLES_FROM_EMBEDDED_BUNDLES\=YES
    export REMOVE_SVN_FROM_RESOURCES\=YES
    export RESCHEDULE_INDEPENDENT_HEADERS_PHASES\=YES
    export REZ_COLLECTOR_DIR\=/Users/aadityasingh/Library/Developer/Xcode/DerivedData/Chatlio-erkyzdeecsohoaggpwbjdvavzqfv/Build/Intermediates.noindex/Chatlio.build/Debug-iphonesimulator/Chatlio.build/ResourceManagerResources
    export REZ_OBJECTS_DIR\=/Users/aadityasingh/Library/Developer/Xcode/DerivedData/Chatlio-erkyzdeecsohoaggpwbjdvavzqfv/Build/Intermediates.noindex/Chatlio.build/Debug-iphonesimulator/Chatlio.build/ResourceManagerResources/Objects
    export REZ_SEARCH_PATHS\=/Users/aadityasingh/Library/Developer/Xcode/DerivedData/Chatlio-erkyzdeecsohoaggpwbjdvavzqfv/Build/Products/Debug-iphonesimulator\ 
    export RPATH_ORIGIN\=@loader_path
    export RUNTIME_EXCEPTION_ALLOW_DYLD_ENVIRONMENT_VARIABLES\=NO
    export RUNTIME_EXCEPTION_ALLOW_JIT\=NO
    export RUNTIME_EXCEPTION_ALLOW_UNSIGNED_EXECUTABLE_MEMORY\=NO
    export RUNTIME_EXCEPTION_DEBUGGING_TOOL\=NO
    export RUNTIME_EXCEPTION_DISABLE_EXECUTABLE_PAGE_PROTECTION\=NO
    export RUNTIME_EXCEPTION_DISABLE_LIBRARY_VALIDATION\=NO
    export SCANNING_PCM_KEEP_CACHE_DIRECTORY\=YES
    export SCAN_ALL_SOURCE_FILES_FOR_INCLUDES\=NO
    export SCRIPTS_FOLDER_PATH\=Chatlio.app/Scripts
    export SCRIPT_INPUT_FILE_COUNT\=0
    export SCRIPT_INPUT_FILE_LIST_COUNT\=0
    export SCRIPT_OUTPUT_FILE_COUNT\=0
    export SCRIPT_OUTPUT_FILE_LIST_COUNT\=0
    export SDKROOT\=/Applications/Xcode.app/Contents/Developer/Platforms/iPhoneSimulator.platform/Developer/SDKs/iPhoneSimulator26.4.sdk
    export SDK_DIR\=/Applications/Xcode.app/Contents/Developer/Platforms/iPhoneSimulator.platform/Developer/SDKs/iPhoneSimulator26.4.sdk
    export SDK_DIR_iphonesimulator\=/Applications/Xcode.app/Contents/Developer/Platforms/iPhoneSimulator.platform/Developer/SDKs/iPhoneSimulator26.4.sdk
    export SDK_DIR_iphonesimulator26_4\=/Applications/Xcode.app/Contents/Developer/Platforms/iPhoneSimulator.platform/Developer/SDKs/iPhoneSimulator26.4.sdk
    export SDK_NAME\=iphonesimulator26.4
    export SDK_NAMES\=iphonesimulator26.4
    export SDK_PRODUCT_BUILD_VERSION\=23E252
    export SDK_STAT_CACHE_DIR\=/Users/aadityasingh/Library/Developer/Xcode/DerivedData
    export SDK_STAT_CACHE_ENABLE\=YES
    export SDK_STAT_CACHE_PATH\=/Users/aadityasingh/Library/Developer/Xcode/DerivedData/SDKStatCaches.noindex/iphonesimulator26.4-23E252-686eebb5dc1d8ecb277353a59184f4aa.sdkstatcache
    export SDK_VERSION\=26.4
    export SDK_VERSION_ACTUAL\=260400
    export SDK_VERSION_MAJOR\=260000
    export SDK_VERSION_MINOR\=260400
    export SED\=/usr/bin/sed
    export SEPARATE_STRIP\=NO
    export SEPARATE_SYMBOL_EDIT\=NO
    export SET_DIR_MODE_OWNER_GROUP\=YES
    export SET_FILE_MODE_OWNER_GROUP\=NO
    export SHALLOW_BUNDLE\=YES
    export SHALLOW_BUNDLE_TRIPLE\=ios-simulator
    export SHALLOW_BUNDLE_ios_macabi\=NO
    export SHALLOW_BUNDLE_macos\=NO
    export SHARED_DERIVED_FILE_DIR\=/Users/aadityasingh/Library/Developer/Xcode/DerivedData/Chatlio-erkyzdeecsohoaggpwbjdvavzqfv/Build/Products/Debug-iphonesimulator/DerivedSources
    export SHARED_FRAMEWORKS_FOLDER_PATH\=Chatlio.app/SharedFrameworks
    export SHARED_PRECOMPS_DIR\=/Users/aadityasingh/Library/Developer/Xcode/DerivedData/Chatlio-erkyzdeecsohoaggpwbjdvavzqfv/Build/Intermediates.noindex/PrecompiledHeaders
    export SHARED_SUPPORT_FOLDER_PATH\=Chatlio.app/SharedSupport
    export SKIP_INSTALL\=NO
    export SKIP_MERGEABLE_LIBRARY_BUNDLE_HOOK\=NO
    export SOURCE_ROOT\=/Users/aadityasingh/Documents/Development/element-x-ios
    export SRCROOT\=/Users/aadityasingh/Documents/Development/element-x-ios
    export STRINGSDATA_DIR\=/Users/aadityasingh/Library/Developer/Xcode/DerivedData/Chatlio-erkyzdeecsohoaggpwbjdvavzqfv/Build/Intermediates.noindex/Chatlio.build/Debug-iphonesimulator/Chatlio.build/Objects-normal/undefined_arch
    export STRINGSDATA_ROOT\=/Users/aadityasingh/Library/Developer/Xcode/DerivedData/Chatlio-erkyzdeecsohoaggpwbjdvavzqfv/Build/Intermediates.noindex/Chatlio.build/Debug-iphonesimulator/Chatlio.build
    export STRINGS_FILE_INFOPLIST_RENAME\=YES
    export STRINGS_FILE_OUTPUT_ENCODING\=binary
    export STRING_CATALOG_GENERATE_SYMBOLS\=NO
    export STRIP_BITCODE_FROM_COPIED_FILES\=NO
    export STRIP_INSTALLED_PRODUCT\=NO
    export STRIP_STYLE\=all
    export STRIP_SWIFT_SYMBOLS\=YES
    export SUPPORTED_DEVICE_FAMILIES\=1,2
    export SUPPORTED_PLATFORMS\=iphoneos\ iphonesimulator
    export SUPPORTS_MACCATALYST\=NO
    export SUPPORTS_ON_DEMAND_RESOURCES\=YES
    export SUPPORTS_TEXT_BASED_API\=NO
    export SUPPRESS_WARNINGS\=NO
    export SWIFT_ACTIVE_COMPILATION_CONDITIONS\=DEBUG
    export SWIFT_EMIT_CONST_VALUE_PROTOCOLS\=AnyResolverProviding\ AppEntity\ AppEnum\ AppExtension\ AppIntent\ AppIntentsPackage\ AppShortcutProviding\ AppShortcutsProvider\ AppUnionValue\ AppUnionValueCasesProviding\ DynamicOptionsProvider\ EntityQuery\ ExtensionPointDefining\ IntentValueQuery\ Resolver\ TransientEntity\ _AssistantIntentsProvider\ _GenerativeFunctionExtractable\ _IntentValueRepresentable
    export SWIFT_EMIT_LOC_STRINGS\=NO
    export SWIFT_ENABLE_EXPLICIT_MODULES\=YES
    export SWIFT_OBJC_BRIDGING_HEADER\=Chatlio/SupportingFiles/Chatlio-Bridging-Header.h
    export SWIFT_OBJC_INTERFACE_HEADER_NAME\=GeneratedInterface-Swift.h
    export SWIFT_OPTIMIZATION_LEVEL\=-Onone
    export SWIFT_PLATFORM_TARGET_PREFIX\=ios
    export SWIFT_RESPONSE_FILE_PATH_normal_arm64\=/Users/aadityasingh/Library/Developer/Xcode/DerivedData/Chatlio-erkyzdeecsohoaggpwbjdvavzqfv/Build/Intermediates.noindex/Chatlio.build/Debug-iphonesimulator/Chatlio.build/Objects-normal/arm64/Chatlio.SwiftFileList
    export SWIFT_VERSION\=5.0
    export SYMROOT\=/Users/aadityasingh/Library/Developer/Xcode/DerivedData/Chatlio-erkyzdeecsohoaggpwbjdvavzqfv/Build/Products
    export SYSTEM_ADMIN_APPS_DIR\=/Applications/Utilities
    export SYSTEM_APPS_DIR\=/Applications
    export SYSTEM_CORE_SERVICES_DIR\=/System/Library/CoreServices
    export SYSTEM_DEMOS_DIR\=/Applications/Extras
    export SYSTEM_DEVELOPER_APPS_DIR\=/Applications/Xcode.app/Contents/Developer/Applications
    export SYSTEM_DEVELOPER_BIN_DIR\=/Applications/Xcode.app/Contents/Developer/usr/bin
    export SYSTEM_DEVELOPER_DEMOS_DIR\=/Applications/Xcode.app/Contents/Developer/Applications/Utilities/Built\ Examples
    export SYSTEM_DEVELOPER_DIR\=/Applications/Xcode.app/Contents/Developer
    export SYSTEM_DEVELOPER_DOC_DIR\=/Applications/Xcode.app/Contents/Developer/ADC\ Reference\ Library
    export SYSTEM_DEVELOPER_GRAPHICS_TOOLS_DIR\=/Applications/Xcode.app/Contents/Developer/Applications/Graphics\ Tools
    export SYSTEM_DEVELOPER_JAVA_TOOLS_DIR\=/Applications/Xcode.app/Contents/Developer/Applications/Java\ Tools
    export SYSTEM_DEVELOPER_PERFORMANCE_TOOLS_DIR\=/Applications/Xcode.app/Contents/Developer/Applications/Performance\ Tools
    export SYSTEM_DEVELOPER_RELEASENOTES_DIR\=/Applications/Xcode.app/Contents/Developer/ADC\ Reference\ Library/releasenotes
    export SYSTEM_DEVELOPER_TOOLS\=/Applications/Xcode.app/Contents/Developer/Tools
    export SYSTEM_DEVELOPER_TOOLS_DOC_DIR\=/Applications/Xcode.app/Contents/Developer/ADC\ Reference\ Library/documentation/DeveloperTools
    export SYSTEM_DEVELOPER_TOOLS_RELEASENOTES_DIR\=/Applications/Xcode.app/Contents/Developer/ADC\ Reference\ Library/releasenotes/DeveloperTools
    export SYSTEM_DEVELOPER_USR_DIR\=/Applications/Xcode.app/Contents/Developer/usr
    export SYSTEM_DEVELOPER_UTILITIES_DIR\=/Applications/Xcode.app/Contents/Developer/Applications/Utilities
    export SYSTEM_DEXT_INSTALL_PATH\=/System/Library/DriverExtensions
    export SYSTEM_DOCUMENTATION_DIR\=/Library/Documentation
    export SYSTEM_EXTENSIONS_FOLDER_PATH\=Chatlio.app/SystemExtensions
    export SYSTEM_EXTENSIONS_FOLDER_PATH_SHALLOW_BUNDLE_NO\=Chatlio.app/Library/SystemExtensions
    export SYSTEM_EXTENSIONS_FOLDER_PATH_SHALLOW_BUNDLE_YES\=Chatlio.app/SystemExtensions
    export SYSTEM_KEXT_INSTALL_PATH\=/System/Library/Extensions
    export SYSTEM_LIBRARY_DIR\=/System/Library
    export TAPI_DEMANGLE\=YES
    export TAPI_ENABLE_PROJECT_HEADERS\=NO
    export TAPI_LANGUAGE\=objective-c
    export TAPI_LANGUAGE_STANDARD\=compiler-default
    export TAPI_USE_SRCROOT\=YES
    export TAPI_VERIFY_MODE\=Pedantic
    export TARGETED_DEVICE_FAMILY\=1,2
    export TARGETNAME\=Chatlio
    export TARGET_BUILD_DIR\=/Users/aadityasingh/Library/Developer/Xcode/DerivedData/Chatlio-erkyzdeecsohoaggpwbjdvavzqfv/Build/Products/Debug-iphonesimulator
    export TARGET_DEVICE_IDENTIFIER\=9A61A3BE-6F25-4DF4-9709-C0BF9F4EFE59
    export TARGET_DEVICE_MODEL\=iPad15,7
    export TARGET_DEVICE_OS_VERSION\=26.4.1
    export TARGET_DEVICE_PLATFORM_NAME\=iphonesimulator
    export TARGET_NAME\=Chatlio
    export TARGET_TEMP_DIR\=/Users/aadityasingh/Library/Developer/Xcode/DerivedData/Chatlio-erkyzdeecsohoaggpwbjdvavzqfv/Build/Intermediates.noindex/Chatlio.build/Debug-iphonesimulator/Chatlio.build
    export TEMP_DIR\=/Users/aadityasingh/Library/Developer/Xcode/DerivedData/Chatlio-erkyzdeecsohoaggpwbjdvavzqfv/Build/Intermediates.noindex/Chatlio.build/Debug-iphonesimulator/Chatlio.build
    export TEMP_FILES_DIR\=/Users/aadityasingh/Library/Developer/Xcode/DerivedData/Chatlio-erkyzdeecsohoaggpwbjdvavzqfv/Build/Intermediates.noindex/Chatlio.build/Debug-iphonesimulator/Chatlio.build
    export TEMP_FILE_DIR\=/Users/aadityasingh/Library/Developer/Xcode/DerivedData/Chatlio-erkyzdeecsohoaggpwbjdvavzqfv/Build/Intermediates.noindex/Chatlio.build/Debug-iphonesimulator/Chatlio.build
    export TEMP_ROOT\=/Users/aadityasingh/Library/Developer/Xcode/DerivedData/Chatlio-erkyzdeecsohoaggpwbjdvavzqfv/Build/Intermediates.noindex
    export TEMP_SANDBOX_DIR\=/Users/aadityasingh/Library/Developer/Xcode/DerivedData/Chatlio-erkyzdeecsohoaggpwbjdvavzqfv/Build/Intermediates.noindex/TemporaryTaskSandboxes
    export TEST_FRAMEWORK_SEARCH_PATHS\=\ /Applications/Xcode.app/Contents/Developer/Platforms/iPhoneSimulator.platform/Developer/Library/Frameworks\ /Applications/Xcode.app/Contents/Developer/Platforms/iPhoneSimulator.platform/Developer/SDKs/iPhoneSimulator26.4.sdk/Developer/Library/Frameworks
    export TEST_LIBRARY_SEARCH_PATHS\=\ /Applications/Xcode.app/Contents/Developer/Platforms/iPhoneSimulator.platform/Developer/usr/lib
    export TOOLCHAINS\=com.apple.dt.toolchain.XcodeDefault
    export TOOLCHAIN_DIR\=/Applications/Xcode.app/Contents/Developer/Toolchains/XcodeDefault.xctoolchain
    export TREAT_MISSING_BASELINES_AS_TEST_FAILURES\=NO
    export TREAT_MISSING_SCRIPT_PHASE_OUTPUTS_AS_ERRORS\=NO
    export TeamIdentifierPrefix\=7J4U792NQT.
    export UID\=501
    export UNINSTALLED_PRODUCTS_DIR\=/Users/aadityasingh/Library/Developer/Xcode/DerivedData/Chatlio-erkyzdeecsohoaggpwbjdvavzqfv/Build/Intermediates.noindex/UninstalledProducts
    export UNLOCALIZED_RESOURCES_FOLDER_PATH\=Chatlio.app
    export UNLOCALIZED_RESOURCES_FOLDER_PATH_SHALLOW_BUNDLE_NO\=Chatlio.app/Resources
    export UNLOCALIZED_RESOURCES_FOLDER_PATH_SHALLOW_BUNDLE_YES\=Chatlio.app
    export UNSTRIPPED_PRODUCT\=NO
    export USER\=aadityasingh
    export USER_APPS_DIR\=/Users/aadityasingh/Applications
    export USER_LIBRARY_DIR\=/Users/aadityasingh/Library
    export USE_DYNAMIC_NO_PIC\=YES
    export USE_HEADERMAP\=YES
    export USE_HEADER_SYMLINKS\=NO
    export VALIDATE_DEVELOPMENT_ASSET_PATHS\=YES_ERROR
    export VALIDATE_PRODUCT\=NO
    export VALID_ARCHS\=arm64\ x86_64
    export VERBOSE_PBXCP\=NO
    export VERSIONPLIST_PATH\=Chatlio.app/version.plist
    export VERSION_INFO_BUILDER\=aadityasingh
    export VERSION_INFO_FILE\=Chatlio_vers.c
    export VERSION_INFO_STRING\=\"@\(\#\)PROGRAM:Chatlio\ \ PROJECT:Chatlio-1\"
    export WORKSPACE_DIR\=/Users/aadityasingh/Documents/Development/element-x-ios/Chatlio.xcodeproj
    export WRAPPER_EXTENSION\=app
    export WRAPPER_NAME\=Chatlio.app
    export WRAPPER_SUFFIX\=.app
    export WRAP_ASSET_PACKS_IN_SEPARATE_DIRECTORIES\=NO
    export XCODE_APP_SUPPORT_DIR\=/Applications/Xcode.app/Contents/Developer/Library/Xcode
    export XCODE_PRODUCT_BUILD_VERSION\=17E202
    export XCODE_VERSION_ACTUAL\=2641
    export XCODE_VERSION_MAJOR\=2600
    export XCODE_VERSION_MINOR\=2640
    export XPCSERVICES_FOLDER_PATH\=Chatlio.app/XPCServices
    export YACC\=yacc
    export _DISCOVER_COMMAND_LINE_LINKER_INPUTS\=YES
    export _DISCOVER_COMMAND_LINE_LINKER_INPUTS_INCLUDE_WL\=YES
    export _LD_MULTIARCH\=YES
    export _WRAPPER_CONTENTS_DIR_SHALLOW_BUNDLE_NO\=/Contents
    export _WRAPPER_PARENT_PATH_SHALLOW_BUNDLE_NO\=/..
    export _WRAPPER_RESOURCES_DIR_SHALLOW_BUNDLE_NO\=/Resources
    export __DIAGNOSE_DEPRECATED_ARCHS\=YES
    export __IS_NOT_MACOS\=YES
    export __IS_NOT_MACOS_macosx\=NO
    export __IS_NOT_SIMULATOR\=NO
    export __IS_NOT_SIMULATOR_simulator\=NO
    export __ORIGINAL_SDK_DEFINED_LLVM_TARGET_TRIPLE_SYS\=ios
    export arch\=undefined_arch
    export variant\=normal
    /bin/sh -c /Users/aadityasingh/Library/Developer/Xcode/DerivedData/Chatlio-erkyzdeecsohoaggpwbjdvavzqfv/Build/Intermediates.noindex/Chatlio.build/Debug-iphonesimulator/Chatlio.build/Script-AA642C01FFF0E2F0BE584867.sh
Executing configuration file Tools/SwiftGen/swiftgen-config.yml
Not writing the file as content is unchanged
Not writing the file as content is unchanged
Not writing the file as content is unchanged

ValidateDevelopmentAssets /Users/aadityasingh/Library/Developer/Xcode/DerivedData/Chatlio-erkyzdeecsohoaggpwbjdvavzqfv/Build/Intermediates.noindex/Chatlio.build/Debug-iphonesimulator/Chatlio.build (in target 'Chatlio' from project 'Chatlio')
    cd /Users/aadityasingh/Documents/Development/element-x-ios
    builtin-validate-development-assets --validate YES_ERROR /Users/aadityasingh/Documents/Development/element-x-ios/DevelopmentAssets/Media

Copy /Users/aadityasingh/Library/Developer/Xcode/DerivedData/Chatlio-erkyzdeecsohoaggpwbjdvavzqfv/Build/Products/Debug-iphonesimulator/Chatlio.app/DeviceKit_DeviceKit.bundle /Users/aadityasingh/Library/Developer/Xcode/DerivedData/Chatlio-erkyzdeecsohoaggpwbjdvavzqfv/Build/Products/Debug-iphonesimulator/DeviceKit_DeviceKit.bundle (in target 'Chatlio' from project 'Chatlio')
    cd /Users/aadityasingh/Documents/Development/element-x-ios
    builtin-copy -exclude .DS_Store -exclude CVS -exclude .svn -exclude .git -exclude .hg -resolve-src-symlinks /Users/aadityasingh/Library/Developer/Xcode/DerivedData/Chatlio-erkyzdeecsohoaggpwbjdvavzqfv/Build/Products/Debug-iphonesimulator/DeviceKit_DeviceKit.bundle /Users/aadityasingh/Library/Developer/Xcode/DerivedData/Chatlio-erkyzdeecsohoaggpwbjdvavzqfv/Build/Products/Debug-iphonesimulator/Chatlio.app

Copy /Users/aadityasingh/Library/Developer/Xcode/DerivedData/Chatlio-erkyzdeecsohoaggpwbjdvavzqfv/Build/Products/Debug-iphonesimulator/Chatlio.app/EmbeddedElementCall_EmbeddedElementCall.bundle /Users/aadityasingh/Library/Developer/Xcode/DerivedData/Chatlio-erkyzdeecsohoaggpwbjdvavzqfv/Build/Products/Debug-iphonesimulator/EmbeddedElementCall_EmbeddedElementCall.bundle (in target 'Chatlio' from project 'Chatlio')
    cd /Users/aadityasingh/Documents/Development/element-x-ios
    builtin-copy -exclude .DS_Store -exclude CVS -exclude .svn -exclude .git -exclude .hg -resolve-src-symlinks /Users/aadityasingh/Library/Developer/Xcode/DerivedData/Chatlio-erkyzdeecsohoaggpwbjdvavzqfv/Build/Products/Debug-iphonesimulator/EmbeddedElementCall_EmbeddedElementCall.bundle /Users/aadityasingh/Library/Developer/Xcode/DerivedData/Chatlio-erkyzdeecsohoaggpwbjdvavzqfv/Build/Products/Debug-iphonesimulator/Chatlio.app

Copy /Users/aadityasingh/Library/Developer/Xcode/DerivedData/Chatlio-erkyzdeecsohoaggpwbjdvavzqfv/Build/Products/Debug-iphonesimulator/Chatlio.app/Emojibase_Emojibase.bundle /Users/aadityasingh/Library/Developer/Xcode/DerivedData/Chatlio-erkyzdeecsohoaggpwbjdvavzqfv/Build/Products/Debug-iphonesimulator/Emojibase_Emojibase.bundle (in target 'Chatlio' from project 'Chatlio')
    cd /Users/aadityasingh/Documents/Development/element-x-ios
    builtin-copy -exclude .DS_Store -exclude CVS -exclude .svn -exclude .git -exclude .hg -resolve-src-symlinks /Users/aadityasingh/Library/Developer/Xcode/DerivedData/Chatlio-erkyzdeecsohoaggpwbjdvavzqfv/Build/Products/Debug-iphonesimulator/Emojibase_Emojibase.bundle /Users/aadityasingh/Library/Developer/Xcode/DerivedData/Chatlio-erkyzdeecsohoaggpwbjdvavzqfv/Build/Products/Debug-iphonesimulator/Chatlio.app

Copy /Users/aadityasingh/Library/Developer/Xcode/DerivedData/Chatlio-erkyzdeecsohoaggpwbjdvavzqfv/Build/Products/Debug-iphonesimulator/Chatlio.app/Kingfisher_Kingfisher.bundle /Users/aadityasingh/Library/Developer/Xcode/DerivedData/Chatlio-erkyzdeecsohoaggpwbjdvavzqfv/Build/Products/Debug-iphonesimulator/Kingfisher_Kingfisher.bundle (in target 'Chatlio' from project 'Chatlio')
    cd /Users/aadityasingh/Documents/Development/element-x-ios
    builtin-copy -exclude .DS_Store -exclude CVS -exclude .svn -exclude .git -exclude .hg -resolve-src-symlinks /Users/aadityasingh/Library/Developer/Xcode/DerivedData/Chatlio-erkyzdeecsohoaggpwbjdvavzqfv/Build/Products/Debug-iphonesimulator/Kingfisher_Kingfisher.bundle /Users/aadityasingh/Library/Developer/Xcode/DerivedData/Chatlio-erkyzdeecsohoaggpwbjdvavzqfv/Build/Products/Debug-iphonesimulator/Chatlio.app

Copy /Users/aadityasingh/Library/Developer/Xcode/DerivedData/Chatlio-erkyzdeecsohoaggpwbjdvavzqfv/Build/Products/Debug-iphonesimulator/Chatlio.app/PostHog_PostHog.bundle /Users/aadityasingh/Library/Developer/Xcode/DerivedData/Chatlio-erkyzdeecsohoaggpwbjdvavzqfv/Build/Products/Debug-iphonesimulator/PostHog_PostHog.bundle (in target 'Chatlio' from project 'Chatlio')
    cd /Users/aadityasingh/Documents/Development/element-x-ios
    builtin-copy -exclude .DS_Store -exclude CVS -exclude .svn -exclude .git -exclude .hg -resolve-src-symlinks /Users/aadityasingh/Library/Developer/Xcode/DerivedData/Chatlio-erkyzdeecsohoaggpwbjdvavzqfv/Build/Products/Debug-iphonesimulator/PostHog_PostHog.bundle /Users/aadityasingh/Library/Developer/Xcode/DerivedData/Chatlio-erkyzdeecsohoaggpwbjdvavzqfv/Build/Products/Debug-iphonesimulator/Chatlio.app

Copy /Users/aadityasingh/Library/Developer/Xcode/DerivedData/Chatlio-erkyzdeecsohoaggpwbjdvavzqfv/Build/Products/Debug-iphonesimulator/Chatlio.app/Frameworks/MapLibre.framework /Users/aadityasingh/Library/Developer/Xcode/DerivedData/Chatlio-erkyzdeecsohoaggpwbjdvavzqfv/SourcePackages/artifacts/maplibre-gl-native-distribution/MapLibre/MapLibre.xcframework/ios-arm64_x86_64-simulator/MapLibre.framework (in target 'Chatlio' from project 'Chatlio')
    cd /Users/aadityasingh/Documents/Development/element-x-ios
    builtin-copy -exclude .DS_Store -exclude CVS -exclude .svn -exclude .git -exclude .hg -exclude Headers -exclude PrivateHeaders -exclude Modules -exclude \*.tbd -resolve-src-symlinks -remove-static-executable /Users/aadityasingh/Library/Developer/Xcode/DerivedData/Chatlio-erkyzdeecsohoaggpwbjdvavzqfv/SourcePackages/artifacts/maplibre-gl-native-distribution/MapLibre/MapLibre.xcframework/ios-arm64_x86_64-simulator/MapLibre.framework /Users/aadityasingh/Library/Developer/Xcode/DerivedData/Chatlio-erkyzdeecsohoaggpwbjdvavzqfv/Build/Products/Debug-iphonesimulator/Chatlio.app/Frameworks

Copy /Users/aadityasingh/Library/Developer/Xcode/DerivedData/Chatlio-erkyzdeecsohoaggpwbjdvavzqfv/Build/Products/Debug-iphonesimulator/Chatlio.app/Frameworks/YbridOgg.framework /Users/aadityasingh/Library/Developer/Xcode/DerivedData/Chatlio-erkyzdeecsohoaggpwbjdvavzqfv/SourcePackages/artifacts/ogg-swift/YbridOgg/YbridOgg.xcframework/ios-arm64_i386_x86_64-simulator/YbridOgg.framework (in target 'Chatlio' from project 'Chatlio')
    cd /Users/aadityasingh/Documents/Development/element-x-ios
    builtin-copy -exclude .DS_Store -exclude CVS -exclude .svn -exclude .git -exclude .hg -exclude Headers -exclude PrivateHeaders -exclude Modules -exclude \*.tbd -resolve-src-symlinks -remove-static-executable /Users/aadityasingh/Library/Developer/Xcode/DerivedData/Chatlio-erkyzdeecsohoaggpwbjdvavzqfv/SourcePackages/artifacts/ogg-swift/YbridOgg/YbridOgg.xcframework/ios-arm64_i386_x86_64-simulator/YbridOgg.framework /Users/aadityasingh/Library/Developer/Xcode/DerivedData/Chatlio-erkyzdeecsohoaggpwbjdvavzqfv/Build/Products/Debug-iphonesimulator/Chatlio.app/Frameworks

Copy /Users/aadityasingh/Library/Developer/Xcode/DerivedData/Chatlio-erkyzdeecsohoaggpwbjdvavzqfv/Build/Products/Debug-iphonesimulator/Chatlio.app/Frameworks/Sentry.framework /Users/aadityasingh/Library/Developer/Xcode/DerivedData/Chatlio-erkyzdeecsohoaggpwbjdvavzqfv/SourcePackages/artifacts/sentry-cocoa/Sentry/Sentry.xcframework/ios-arm64_x86_64-simulator/Sentry.framework (in target 'Chatlio' from project 'Chatlio')
    cd /Users/aadityasingh/Documents/Development/element-x-ios
    builtin-copy -exclude .DS_Store -exclude CVS -exclude .svn -exclude .git -exclude .hg -exclude Headers -exclude PrivateHeaders -exclude Modules -exclude \*.tbd -resolve-src-symlinks -remove-static-executable /Users/aadityasingh/Library/Developer/Xcode/DerivedData/Chatlio-erkyzdeecsohoaggpwbjdvavzqfv/SourcePackages/artifacts/sentry-cocoa/Sentry/Sentry.xcframework/ios-arm64_x86_64-simulator/Sentry.framework /Users/aadityasingh/Library/Developer/Xcode/DerivedData/Chatlio-erkyzdeecsohoaggpwbjdvavzqfv/Build/Products/Debug-iphonesimulator/Chatlio.app/Frameworks
note: Injecting stub binary into codeless framework (in target 'Chatlio' from project 'Chatlio')
    /Applications/Xcode.app/Contents/Developer/Toolchains/XcodeDefault.xctoolchain/usr/bin/clang -isysroot /Applications/Xcode.app/Contents/Developer/Platforms/iPhoneSimulator.platform/Developer/SDKs/iPhoneSimulator26.4.sdk -x c -c /dev/null -target arm64-apple-ios100.0-simulator -o /private/var/folders/_t/vvs65kln6v17b8_zbbg6qz5r0000gn/T/swbuild.tmp.imezlFWe/Data.noindex/arm64-apple.o
    /Applications/Xcode.app/Contents/Developer/Toolchains/XcodeDefault.xctoolchain/usr/bin/clang -isysroot /Applications/Xcode.app/Contents/Developer/Platforms/iPhoneSimulator.platform/Developer/SDKs/iPhoneSimulator26.4.sdk -dynamiclib -Xlinker -adhoc_codesign -target arm64-apple-ios100.0-simulator -o /private/var/folders/_t/vvs65kln6v17b8_zbbg6qz5r0000gn/T/swbuild.tmp.imezlFWe/Data.noindex/arm64-apple /private/var/folders/_t/vvs65kln6v17b8_zbbg6qz5r0000gn/T/swbuild.tmp.imezlFWe/Data.noindex/arm64-apple.o
    /Applications/Xcode.app/Contents/Developer/Toolchains/XcodeDefault.xctoolchain/usr/bin/lipo -create -output /Users/aadityasingh/Library/Developer/Xcode/DerivedData/Chatlio-erkyzdeecsohoaggpwbjdvavzqfv/Build/Products/Debug-iphonesimulator/Chatlio.app/Frameworks/Sentry.framework/Sentry /private/var/folders/_t/vvs65kln6v17b8_zbbg6qz5r0000gn/T/swbuild.tmp.imezlFWe/Data.noindex/arm64-apple

Copy /Users/aadityasingh/Library/Developer/Xcode/DerivedData/Chatlio-erkyzdeecsohoaggpwbjdvavzqfv/Build/Products/Debug-iphonesimulator/Chatlio.app/DTCoreText_DTCoreText.bundle /Users/aadityasingh/Library/Developer/Xcode/DerivedData/Chatlio-erkyzdeecsohoaggpwbjdvavzqfv/Build/Products/Debug-iphonesimulator/DTCoreText_DTCoreText.bundle (in target 'Chatlio' from project 'Chatlio')
    cd /Users/aadityasingh/Documents/Development/element-x-ios
    builtin-copy -exclude .DS_Store -exclude CVS -exclude .svn -exclude .git -exclude .hg -resolve-src-symlinks /Users/aadityasingh/Library/Developer/Xcode/DerivedData/Chatlio-erkyzdeecsohoaggpwbjdvavzqfv/Build/Products/Debug-iphonesimulator/DTCoreText_DTCoreText.bundle /Users/aadityasingh/Library/Developer/Xcode/DerivedData/Chatlio-erkyzdeecsohoaggpwbjdvavzqfv/Build/Products/Debug-iphonesimulator/Chatlio.app

Copy /Users/aadityasingh/Library/Developer/Xcode/DerivedData/Chatlio-erkyzdeecsohoaggpwbjdvavzqfv/Build/Products/Debug-iphonesimulator/Chatlio.app/Frameworks/YbridOpus.framework /Users/aadityasingh/Library/Developer/Xcode/DerivedData/Chatlio-erkyzdeecsohoaggpwbjdvavzqfv/SourcePackages/artifacts/opus-swift/YbridOpus/YbridOpus.xcframework/ios-arm64_i386_x86_64-simulator/YbridOpus.framework (in target 'Chatlio' from project 'Chatlio')
    cd /Users/aadityasingh/Documents/Development/element-x-ios
    builtin-copy -exclude .DS_Store -exclude CVS -exclude .svn -exclude .git -exclude .hg -exclude Headers -exclude PrivateHeaders -exclude Modules -exclude \*.tbd -resolve-src-symlinks -remove-static-executable /Users/aadityasingh/Library/Developer/Xcode/DerivedData/Chatlio-erkyzdeecsohoaggpwbjdvavzqfv/SourcePackages/artifacts/opus-swift/YbridOpus/YbridOpus.xcframework/ios-arm64_i386_x86_64-simulator/YbridOpus.framework /Users/aadityasingh/Library/Developer/Xcode/DerivedData/Chatlio-erkyzdeecsohoaggpwbjdvavzqfv/Build/Products/Debug-iphonesimulator/Chatlio.app/Frameworks

Copy /Users/aadityasingh/Library/Developer/Xcode/DerivedData/Chatlio-erkyzdeecsohoaggpwbjdvavzqfv/Build/Products/Debug-iphonesimulator/Chatlio.app/CompoundDesignTokens_CompoundDesignTokens.bundle /Users/aadityasingh/Library/Developer/Xcode/DerivedData/Chatlio-erkyzdeecsohoaggpwbjdvavzqfv/Build/Products/Debug-iphonesimulator/CompoundDesignTokens_CompoundDesignTokens.bundle (in target 'Chatlio' from project 'Chatlio')
    cd /Users/aadityasingh/Documents/Development/element-x-ios
    builtin-copy -exclude .DS_Store -exclude CVS -exclude .svn -exclude .git -exclude .hg -resolve-src-symlinks /Users/aadityasingh/Library/Developer/Xcode/DerivedData/Chatlio-erkyzdeecsohoaggpwbjdvavzqfv/Build/Products/Debug-iphonesimulator/CompoundDesignTokens_CompoundDesignTokens.bundle /Users/aadityasingh/Library/Developer/Xcode/DerivedData/Chatlio-erkyzdeecsohoaggpwbjdvavzqfv/Build/Products/Debug-iphonesimulator/Chatlio.app

CodeSign /Users/aadityasingh/Library/Developer/Xcode/DerivedData/Chatlio-erkyzdeecsohoaggpwbjdvavzqfv/Build/Products/Debug-iphonesimulator/Chatlio.app/Frameworks/YbridOgg.framework (in target 'Chatlio' from project 'Chatlio')
    cd /Users/aadityasingh/Documents/Development/element-x-ios
    
    Signing Identity:     "Sign to Run Locally"
    
    /usr/bin/codesign --force --sign - --timestamp\=none --preserve-metadata\=identifier,entitlements,flags --generate-entitlement-der /Users/aadityasingh/Library/Developer/Xcode/DerivedData/Chatlio-erkyzdeecsohoaggpwbjdvavzqfv/Build/Products/Debug-iphonesimulator/Chatlio.app/Frameworks/YbridOgg.framework
/Users/aadityasingh/Library/Developer/Xcode/DerivedData/Chatlio-erkyzdeecsohoaggpwbjdvavzqfv/Build/Products/Debug-iphonesimulator/Chatlio.app/Frameworks/YbridOgg.framework: replacing existing signature

CodeSign /Users/aadityasingh/Library/Developer/Xcode/DerivedData/Chatlio-erkyzdeecsohoaggpwbjdvavzqfv/Build/Products/Debug-iphonesimulator/Chatlio.app/Frameworks/YbridOpus.framework (in target 'Chatlio' from project 'Chatlio')
    cd /Users/aadityasingh/Documents/Development/element-x-ios
    
    Signing Identity:     "Sign to Run Locally"
    
    /usr/bin/codesign --force --sign - --timestamp\=none --preserve-metadata\=identifier,entitlements,flags --generate-entitlement-der /Users/aadityasingh/Library/Developer/Xcode/DerivedData/Chatlio-erkyzdeecsohoaggpwbjdvavzqfv/Build/Products/Debug-iphonesimulator/Chatlio.app/Frameworks/YbridOpus.framework
/Users/aadityasingh/Library/Developer/Xcode/DerivedData/Chatlio-erkyzdeecsohoaggpwbjdvavzqfv/Build/Products/Debug-iphonesimulator/Chatlio.app/Frameworks/YbridOpus.framework: replacing existing signature

CodeSign /Users/aadityasingh/Library/Developer/Xcode/DerivedData/Chatlio-erkyzdeecsohoaggpwbjdvavzqfv/Build/Products/Debug-iphonesimulator/Chatlio.app/Frameworks/MapLibre.framework (in target 'Chatlio' from project 'Chatlio')
    cd /Users/aadityasingh/Documents/Development/element-x-ios
    
    Signing Identity:     "Sign to Run Locally"
    
    /usr/bin/codesign --force --sign - --timestamp\=none --preserve-metadata\=identifier,entitlements,flags --generate-entitlement-der /Users/aadityasingh/Library/Developer/Xcode/DerivedData/Chatlio-erkyzdeecsohoaggpwbjdvavzqfv/Build/Products/Debug-iphonesimulator/Chatlio.app/Frameworks/MapLibre.framework
/Users/aadityasingh/Library/Developer/Xcode/DerivedData/Chatlio-erkyzdeecsohoaggpwbjdvavzqfv/Build/Products/Debug-iphonesimulator/Chatlio.app/Frameworks/MapLibre.framework: replacing existing signature

CodeSign /Users/aadityasingh/Library/Developer/Xcode/DerivedData/Chatlio-erkyzdeecsohoaggpwbjdvavzqfv/Build/Products/Debug-iphonesimulator/Chatlio.app/Frameworks/Sentry.framework (in target 'Chatlio' from project 'Chatlio')
    cd /Users/aadityasingh/Documents/Development/element-x-ios
    
    Signing Identity:     "Sign to Run Locally"
    
    /usr/bin/codesign --force --sign - --timestamp\=none --preserve-metadata\=identifier,entitlements,flags --generate-entitlement-der /Users/aadityasingh/Library/Developer/Xcode/DerivedData/Chatlio-erkyzdeecsohoaggpwbjdvavzqfv/Build/Products/Debug-iphonesimulator/Chatlio.app/Frameworks/Sentry.framework

PhaseScriptExecution 🧙\ Sourcery\ -\ Generate\ mocks /Users/aadityasingh/Library/Developer/Xcode/DerivedData/Chatlio-erkyzdeecsohoaggpwbjdvavzqfv/Build/Intermediates.noindex/Chatlio.build/Debug-iphonesimulator/Chatlio.build/Script-E6FCCA4375F6A467A3585034.sh (in target 'Chatlio' from project 'Chatlio')
    cd /Users/aadityasingh/Documents/Development/element-x-ios
    export ACTION\=build
    export AD_HOC_CODE_SIGNING_ALLOWED\=YES
    export AGGREGATE_TRACKED_DOMAINS\=YES
    export ALLOW_BUILD_REQUEST_OVERRIDES\=NO
    export ALLOW_TARGET_PLATFORM_SPECIALIZATION\=NO
    export ALTERNATE_GROUP\=staff
    export ALTERNATE_MODE\=u+w,go-w,a+rX
    export ALTERNATE_OWNER\=aadityasingh
    export ALTERNATIVE_DISTRIBUTION_WEB\=NO
    export ALWAYS_EMBED_SWIFT_STANDARD_LIBRARIES\=NO
    export ALWAYS_SEARCH_USER_PATHS\=NO
    export ALWAYS_USE_SEPARATE_HEADERMAPS\=NO
    export APPLICATION_EXTENSION_API_ONLY\=NO
    export APPLY_RULES_IN_COPY_FILES\=NO
    export APPLY_RULES_IN_COPY_HEADERS\=NO
    export APP_DISPLAY_NAME\=Chatlio
    export APP_GROUP_IDENTIFIER\=group.word.skin
    export APP_NAME\=Chatlio
    export APP_SHORTCUTS_ENABLE_FLEXIBLE_MATCHING\=YES
    export ARCHS\=arm64
    export ARCHS_BASE\=arm64
    export ARCHS_STANDARD\=arm64\ x86_64
    export ARCHS_STANDARD_32_64_BIT\=arm64\ x86_64
    export ARCHS_STANDARD_64_BIT\=arm64\ x86_64
    export ARCHS_STANDARD_INCLUDING_64_BIT\=arm64\ x86_64
    export ARCHS_UNIVERSAL_IPHONE_OS\=arm64\ x86_64
    export ASSETCATALOG_COMPILER_APPICON_NAME\=AppIcon
    export ASSETCATALOG_COMPILER_GLOBAL_ACCENT_COLOR_NAME\=colors/accent-color
    export ASSETCATALOG_FILTER_FOR_DEVICE_MODEL\=iPad15,7
    export ASSETCATALOG_FILTER_FOR_DEVICE_OS_VERSION\=26.4.1
    export ASSETCATALOG_FILTER_FOR_THINNING_DEVICE_CONFIGURATION\=iPad15,7
    export AUTOMATICALLY_MERGE_DEPENDENCIES\=NO
    export AUTOMATION_APPLE_EVENTS\=NO
    export AVAILABLE_PLATFORMS\=android\ appletvos\ appletvsimulator\ driverkit\ freebsd\ iphoneos\ iphonesimulator\ linux\ macosx\ none\ openbsd\ qnx\ watchos\ watchsimulator\ webassembly\ xros\ xrsimulator
    export AppIdentifierPrefix\=7J4U792NQT.
    export BASE_BUNDLE_IDENTIFIER\=im.word.skin.chatlio
    export BUILD_ACTIVE_RESOURCES_ONLY\=YES
    export BUILD_COMPONENTS\=headers\ build
    export BUILD_DIR\=/Users/aadityasingh/Library/Developer/Xcode/DerivedData/Chatlio-erkyzdeecsohoaggpwbjdvavzqfv/Build/Products
    export BUILD_LIBRARY_FOR_DISTRIBUTION\=NO
    export BUILD_ONLY_KNOWN_LOCALIZATIONS\=NO
    export BUILD_ROOT\=/Users/aadityasingh/Library/Developer/Xcode/DerivedData/Chatlio-erkyzdeecsohoaggpwbjdvavzqfv/Build/Products
    export BUILD_STYLE\=
    export BUILD_VARIANTS\=normal
    export BUILT_PRODUCTS_DIR\=/Users/aadityasingh/Library/Developer/Xcode/DerivedData/Chatlio-erkyzdeecsohoaggpwbjdvavzqfv/Build/Products/Debug-iphonesimulator
    export BUNDLE_CONTENTS_FOLDER_PATH_deep\=Contents/
    export BUNDLE_EXECUTABLE_FOLDER_NAME_deep\=MacOS
    export BUNDLE_EXTENSIONS_FOLDER_PATH\=Extensions
    export BUNDLE_FORMAT\=shallow
    export BUNDLE_FRAMEWORKS_FOLDER_PATH\=Frameworks
    export BUNDLE_PLUGINS_FOLDER_PATH\=PlugIns
    export BUNDLE_PRIVATE_HEADERS_FOLDER_PATH\=PrivateHeaders
    export BUNDLE_PUBLIC_HEADERS_FOLDER_PATH\=Headers
    export CACHE_ROOT\=/var/folders/_t/vvs65kln6v17b8_zbbg6qz5r0000gn/C/com.apple.DeveloperTools/26.4.1-17E202/Xcode
    export CCHROOT\=/var/folders/_t/vvs65kln6v17b8_zbbg6qz5r0000gn/C/com.apple.DeveloperTools/26.4.1-17E202/Xcode
    export CHMOD\=/bin/chmod
    export CHOWN\=chown
    export CLANG_ANALYZER_LOCALIZABILITY_NONLOCALIZED\=YES
    export CLANG_ANALYZER_NONNULL\=YES
    export CLANG_ANALYZER_NUMBER_OBJECT_CONVERSION\=YES_AGGRESSIVE
    export CLANG_CACHE_FINE_GRAINED_OUTPUTS\=YES
    export CLANG_COVERAGE_MAPPING\=YES
    export CLANG_CXX_LANGUAGE_STANDARD\=gnu++14
    export CLANG_CXX_LIBRARY\=libc++
    export CLANG_ENABLE_EXPLICIT_MODULES\=YES
    export CLANG_ENABLE_MODULES\=YES
    export CLANG_ENABLE_OBJC_ARC\=YES
    export CLANG_ENABLE_OBJC_WEAK\=YES
    export CLANG_MODULES_BUILD_SESSION_FILE\=/Users/aadityasingh/Library/Developer/Xcode/DerivedData/ModuleCache.noindex/Session.modulevalidation
    export CLANG_PROFILE_DATA_DIRECTORY\=/Users/aadityasingh/Library/Developer/Xcode/DerivedData/Chatlio-erkyzdeecsohoaggpwbjdvavzqfv/Build/ProfileData
    export CLANG_WARN_BLOCK_CAPTURE_AUTORELEASING\=YES
    export CLANG_WARN_BOOL_CONVERSION\=YES
    export CLANG_WARN_COMMA\=YES
    export CLANG_WARN_CONSTANT_CONVERSION\=YES
    export CLANG_WARN_DEPRECATED_OBJC_IMPLEMENTATIONS\=YES
    export CLANG_WARN_DIRECT_OBJC_ISA_USAGE\=YES_ERROR
    export CLANG_WARN_DOCUMENTATION_COMMENTS\=YES
    export CLANG_WARN_EMPTY_BODY\=YES
    export CLANG_WARN_ENUM_CONVERSION\=YES
    export CLANG_WARN_INFINITE_RECURSION\=YES
    export CLANG_WARN_INT_CONVERSION\=YES
    export CLANG_WARN_NON_LITERAL_NULL_CONVERSION\=YES
    export CLANG_WARN_OBJC_IMPLICIT_RETAIN_SELF\=YES
    export CLANG_WARN_OBJC_LITERAL_CONVERSION\=YES
    export CLANG_WARN_OBJC_ROOT_CLASS\=YES_ERROR
    export CLANG_WARN_QUOTED_INCLUDE_IN_FRAMEWORK_HEADER\=YES
    export CLANG_WARN_RANGE_LOOP_ANALYSIS\=YES
    export CLANG_WARN_STRICT_PROTOTYPES\=YES
    export CLANG_WARN_SUSPICIOUS_MOVE\=YES
    export CLANG_WARN_UNGUARDED_AVAILABILITY\=YES_AGGRESSIVE
    export CLANG_WARN_UNREACHABLE_CODE\=YES
    export CLANG_WARN__DUPLICATE_METHOD_MATCH\=YES
    export CLASSIC_APP_GROUP_IDENTIFIER\=group.im.vector
    export CLASSIC_APP_KEYCHAIN_ACCESS_GROUP_IDENTIFIER\=7J4U792NQT.im.vector.app.keychain.shared
    export CLASSIC_APP_KEYCHAIN_SERVICE_IDENTIFIER\=im.vector.app.encryption-manager-service
    export CLASS_FILE_DIR\=/Users/aadityasingh/Library/Developer/Xcode/DerivedData/Chatlio-erkyzdeecsohoaggpwbjdvavzqfv/Build/Intermediates.noindex/Chatlio.build/Debug-iphonesimulator/Chatlio.build/JavaClasses
    export CLEAN_PRECOMPS\=YES
    export CLONE_HEADERS\=NO
    export CODESIGNING_FOLDER_PATH\=/Users/aadityasingh/Library/Developer/Xcode/DerivedData/Chatlio-erkyzdeecsohoaggpwbjdvavzqfv/Build/Products/Debug-iphonesimulator/Chatlio.app
    export CODE_SIGNING_ALLOWED\=YES
    export CODE_SIGNING_REQUIRED\=YES
    export CODE_SIGN_CONTEXT_CLASS\=XCiPhoneSimulatorCodeSignContext
    export CODE_SIGN_ENTITLEMENTS\=Chatlio/SupportingFiles/Chatlio.entitlements
    export CODE_SIGN_IDENTITY\=iPhone\ Developer
    export CODE_SIGN_INJECT_BASE_ENTITLEMENTS\=YES
    export COLOR_DIAGNOSTICS\=NO
    export COMBINE_HIDPI_IMAGES\=NO
    export COMPILATION_CACHE_CAS_PATH\=/Users/aadityasingh/Library/Developer/Xcode/DerivedData/CompilationCache.noindex
    export COMPILATION_CACHE_KEEP_CAS_DIRECTORY\=YES
    export COMPILER_INDEX_STORE_ENABLE\=Default
    export COMPOSITE_SDK_DIRS\=/Users/aadityasingh/Library/Developer/Xcode/DerivedData/Chatlio-erkyzdeecsohoaggpwbjdvavzqfv/Build/Intermediates.noindex/CompositeSDKs
    export COMPRESS_PNG_FILES\=YES
    export CONFIGURATION\=Debug
    export CONFIGURATION_BUILD_DIR\=/Users/aadityasingh/Library/Developer/Xcode/DerivedData/Chatlio-erkyzdeecsohoaggpwbjdvavzqfv/Build/Products/Debug-iphonesimulator
    export CONFIGURATION_TEMP_DIR\=/Users/aadityasingh/Library/Developer/Xcode/DerivedData/Chatlio-erkyzdeecsohoaggpwbjdvavzqfv/Build/Intermediates.noindex/Chatlio.build/Debug-iphonesimulator
    export CONTENTS_FOLDER_PATH\=Chatlio.app
    export CONTENTS_FOLDER_PATH_SHALLOW_BUNDLE_NO\=Chatlio.app/Contents
    export CONTENTS_FOLDER_PATH_SHALLOW_BUNDLE_YES\=Chatlio.app
    export COPYING_PRESERVES_HFS_DATA\=NO
    export COPY_HEADERS_RUN_UNIFDEF\=NO
    export COPY_PHASE_STRIP\=NO
    export CORRESPONDING_DEVICE_PLATFORM_DIR\=/Applications/Xcode.app/Contents/Developer/Platforms/iPhoneOS.platform
    export CORRESPONDING_DEVICE_PLATFORM_NAME\=iphoneos
    export CORRESPONDING_DEVICE_SDK_DIR\=/Applications/Xcode.app/Contents/Developer/Platforms/iPhoneOS.platform/Developer/SDKs/iPhoneOS26.4.sdk
    export CORRESPONDING_DEVICE_SDK_NAME\=iphoneos26.4
    export CP\=/bin/cp
    export CREATE_INFOPLIST_SECTION_IN_BINARY\=NO
    export CURRENT_ARCH\=undefined_arch
    export CURRENT_PROJECT_VERSION\=1
    export CURRENT_VARIANT\=normal
    export DEAD_CODE_STRIPPING\=YES
    export DEBUGGING_SYMBOLS\=YES
    export DEBUG_INFORMATION_FORMAT\=dwarf-with-dsym
    export DEBUG_INFORMATION_VERSION\=compiler-default
    export DEFAULT_COMPILER\=com.apple.compilers.llvm.clang.1_0
    export DEFAULT_DEXT_INSTALL_PATH\=/System/Library/DriverExtensions
    export DEFAULT_KEXT_INSTALL_PATH\=/System/Library/Extensions
    export DEFINES_MODULE\=NO
    export DEPLOYMENT_LOCATION\=NO
    export DEPLOYMENT_POSTPROCESSING\=NO
    export DEPLOYMENT_TARGET_SETTING_NAME\=IPHONEOS_DEPLOYMENT_TARGET
    export DEPLOYMENT_TARGET_SUGGESTED_VALUES\=12.0\ 12.1\ 12.2\ 12.3\ 12.4\ 13.0\ 13.1\ 13.2\ 13.3\ 13.4\ 13.5\ 13.6\ 14.0\ 14.1\ 14.2\ 14.3\ 14.4\ 14.5\ 14.6\ 14.7\ 15.0\ 15.1\ 15.2\ 15.3\ 15.4\ 15.5\ 15.6\ 16.0\ 16.1\ 16.2\ 16.3\ 16.4\ 16.5\ 16.6\ 17.0\ 17.1\ 17.2\ 17.3\ 17.4\ 17.5\ 17.6\ 18.0\ 18.1\ 18.2\ 18.3\ 18.4\ 18.5\ 18.6\ 26.0\ 26.2\ 26.3\ 26.4
    export DERIVED_FILES_DIR\=/Users/aadityasingh/Library/Developer/Xcode/DerivedData/Chatlio-erkyzdeecsohoaggpwbjdvavzqfv/Build/Intermediates.noindex/Chatlio.build/Debug-iphonesimulator/Chatlio.build/DerivedSources
    export DERIVED_FILE_DIR\=/Users/aadityasingh/Library/Developer/Xcode/DerivedData/Chatlio-erkyzdeecsohoaggpwbjdvavzqfv/Build/Intermediates.noindex/Chatlio.build/Debug-iphonesimulator/Chatlio.build/DerivedSources
    export DERIVED_SOURCES_DIR\=/Users/aadityasingh/Library/Developer/Xcode/DerivedData/Chatlio-erkyzdeecsohoaggpwbjdvavzqfv/Build/Intermediates.noindex/Chatlio.build/Debug-iphonesimulator/Chatlio.build/DerivedSources
    export DEVELOPER_APPLICATIONS_DIR\=/Applications/Xcode.app/Contents/Developer/Applications
    export DEVELOPER_BIN_DIR\=/Applications/Xcode.app/Contents/Developer/usr/bin
    export DEVELOPER_DIR\=/Applications/Xcode.app/Contents/Developer
    export DEVELOPER_FRAMEWORKS_DIR\=/Applications/Xcode.app/Contents/Developer/Library/Frameworks
    export DEVELOPER_FRAMEWORKS_DIR_QUOTED\=/Applications/Xcode.app/Contents/Developer/Library/Frameworks
    export DEVELOPER_LIBRARY_DIR\=/Applications/Xcode.app/Contents/Developer/Library
    export DEVELOPER_SDK_DIR\=/Applications/Xcode.app/Contents/Developer/Platforms/MacOSX.platform/Developer/SDKs
    export DEVELOPER_TOOLS_DIR\=/Applications/Xcode.app/Contents/Developer/Tools
    export DEVELOPER_USR_DIR\=/Applications/Xcode.app/Contents/Developer/usr
    export DEVELOPMENT_ASSET_PATHS\=DevelopmentAssets/Media
    export DEVELOPMENT_LANGUAGE\=en
    export DEVELOPMENT_TEAM\=7J4U792NQT
    export DIAGNOSE_MISSING_TARGET_DEPENDENCIES\=YES
    export DIFF\=/usr/bin/diff
    export DOCUMENTATION_FOLDER_PATH\=Chatlio.app/en.lproj/Documentation
    export DONT_GENERATE_INFOPLIST_FILE\=NO
    export DSTROOT\=/tmp/Chatlio.dst
    export DT_TOOLCHAIN_DIR\=/Applications/Xcode.app/Contents/Developer/Toolchains/XcodeDefault.xctoolchain
    export DUMP_DEPENDENCIES\=NO
    export DUMP_DEPENDENCIES_OUTPUT_PATH\=/Users/aadityasingh/Library/Developer/Xcode/DerivedData/Chatlio-erkyzdeecsohoaggpwbjdvavzqfv/Build/Intermediates.noindex/Chatlio.build/Debug-iphonesimulator/Chatlio.build/Chatlio-BuildDependencyInfo.json
    export DWARF_DSYM_FILE_NAME\=Chatlio.app.dSYM
    export DWARF_DSYM_FILE_SHOULD_ACCOMPANY_PRODUCT\=NO
    export DWARF_DSYM_FOLDER_PATH\=/Users/aadityasingh/Library/Developer/Xcode/DerivedData/Chatlio-erkyzdeecsohoaggpwbjdvavzqfv/Build/Products/Debug-iphonesimulator
    export DYNAMIC_LIBRARY_EXTENSION\=dylib
    export EAGER_COMPILATION_ALLOW_SCRIPTS\=NO
    export EAGER_LINKING\=NO
    export EFFECTIVE_PLATFORM_NAME\=-iphonesimulator
    export EFFECTIVE_SWIFT_VERSION\=5
    export EMBEDDED_CONTENT_CONTAINS_SWIFT\=NO
    export EMBED_ASSET_PACKS_IN_PRODUCT_BUNDLE\=NO
    export EMBED_PACKAGE_RESOURCE_BUNDLE_NAMES\=\ DTCoreText_DTCoreText\ Emojibase_Emojibase\ PostHog_PostHog\ Kingfisher_Kingfisher\ EmbeddedElementCall_EmbeddedElementCall\ DeviceKit_DeviceKit\ CompoundDesignTokens_CompoundDesignTokens
    export ENABLE_APP_SANDBOX\=NO
    export ENABLE_BITCODE\=NO
    export ENABLE_CODE_COVERAGE\=YES
    export ENABLE_COHORT_ARCHS\=NO
    export ENABLE_CPLUSPLUS_BOUNDS_SAFE_BUFFERS\=NO
    export ENABLE_C_BOUNDS_SAFETY\=NO
    export ENABLE_DEBUG_DYLIB\=YES
    export ENABLE_DEFAULT_HEADER_SEARCH_PATHS\=YES
    export ENABLE_DEFAULT_SEARCH_PATHS\=YES
    export ENABLE_ENHANCED_SECURITY\=NO
    export ENABLE_HARDENED_RUNTIME\=NO
    export ENABLE_HEADER_DEPENDENCIES\=YES
    export ENABLE_INCOMING_NETWORK_CONNECTIONS\=NO
    export ENABLE_ON_DEMAND_RESOURCES\=YES
    export ENABLE_OUTGOING_NETWORK_CONNECTIONS\=NO
    export ENABLE_POINTER_AUTHENTICATION\=NO
    export ENABLE_PREVIEWS\=NO
    export ENABLE_RESOURCE_ACCESS_AUDIO_INPUT\=NO
    export ENABLE_RESOURCE_ACCESS_BLUETOOTH\=NO
    export ENABLE_RESOURCE_ACCESS_CALENDARS\=NO
    export ENABLE_RESOURCE_ACCESS_CAMERA\=NO
    export ENABLE_RESOURCE_ACCESS_CONTACTS\=NO
    export ENABLE_RESOURCE_ACCESS_LOCATION\=NO
    export ENABLE_RESOURCE_ACCESS_PHOTO_LIBRARY\=NO
    export ENABLE_RESOURCE_ACCESS_PRINTING\=NO
    export ENABLE_RESOURCE_ACCESS_USB\=NO
    export ENABLE_SDK_IMPORTS\=NO
    export ENABLE_SECURITY_COMPILER_WARNINGS\=NO
    export ENABLE_STRICT_OBJC_MSGSEND\=YES
    export ENABLE_TESTABILITY\=YES
    export ENABLE_TESTING_SEARCH_PATHS\=NO
    export ENABLE_USER_SCRIPT_SANDBOXING\=NO
    export ENABLE_XOJIT_PREVIEWS\=YES
    export ENFORCE_VALID_ARCHS\=YES
    export ENTITLEMENTS_ALLOWED\=NO
    export ENTITLEMENTS_DESTINATION\=__entitlements
    export ENTITLEMENTS_REQUIRED\=NO
    export EXCLUDED_INSTALLSRC_SUBDIRECTORY_PATTERNS\=.DS_Store\ .svn\ .git\ .hg\ CVS
    export EXCLUDED_RECURSIVE_SEARCH_PATH_SUBDIRECTORIES\=\*.nib\ \*.lproj\ \*.framework\ \*.gch\ \*.xcode\*\ \*.xcassets\ \*.icon\ \(\*\)\ .DS_Store\ CVS\ .svn\ .git\ .hg\ \*.pbproj\ \*.pbxproj
    export EXECUTABLES_FOLDER_PATH\=Chatlio.app/Executables
    export EXECUTABLE_BLANK_INJECTION_DYLIB_PATH\=Chatlio.app/__preview.dylib
    export EXECUTABLE_DEBUG_DYLIB_INSTALL_NAME\=@rpath/Chatlio.debug.dylib
    export EXECUTABLE_DEBUG_DYLIB_PATH\=Chatlio.app/Chatlio.debug.dylib
    export EXECUTABLE_FOLDER_PATH\=Chatlio.app
    export EXECUTABLE_FOLDER_PATH_SHALLOW_BUNDLE_NO\=Chatlio.app/MacOS
    export EXECUTABLE_FOLDER_PATH_SHALLOW_BUNDLE_YES\=Chatlio.app
    export EXECUTABLE_NAME\=Chatlio
    export EXECUTABLE_PATH\=Chatlio.app/Chatlio
    export EXPANDED_CODE_SIGN_IDENTITY\=-
    export EXPANDED_CODE_SIGN_IDENTITY_NAME\=Sign\ to\ Run\ Locally
    export EXTENSIONS_FOLDER_PATH\=Chatlio.app/Extensions
    export FILE_LIST\=/Users/aadityasingh/Library/Developer/Xcode/DerivedData/Chatlio-erkyzdeecsohoaggpwbjdvavzqfv/Build/Intermediates.noindex/Chatlio.build/Debug-iphonesimulator/Chatlio.build/Objects/LinkFileList
    export FIXED_FILES_DIR\=/Users/aadityasingh/Library/Developer/Xcode/DerivedData/Chatlio-erkyzdeecsohoaggpwbjdvavzqfv/Build/Intermediates.noindex/Chatlio.build/Debug-iphonesimulator/Chatlio.build/FixedFiles
    export FRAMEWORKS_FOLDER_PATH\=Chatlio.app/Frameworks
    export FRAMEWORK_FLAG_PREFIX\=-framework
    export FRAMEWORK_SEARCH_PATHS\=/Users/aadityasingh/Library/Developer/Xcode/DerivedData/Chatlio-erkyzdeecsohoaggpwbjdvavzqfv/Build/Products/Debug-iphonesimulator/PackageFrameworks\ /Users/aadityasingh/Library/Developer/Xcode/DerivedData/Chatlio-erkyzdeecsohoaggpwbjdvavzqfv/Build/Products/Debug-iphonesimulator/PackageFrameworks\ /Users/aadityasingh/Library/Developer/Xcode/DerivedData/Chatlio-erkyzdeecsohoaggpwbjdvavzqfv/Build/Products/Debug-iphonesimulator/PackageFrameworks\ /Users/aadityasingh/Library/Developer/Xcode/DerivedData/Chatlio-erkyzdeecsohoaggpwbjdvavzqfv/Build/Products/Debug-iphonesimulator/PackageFrameworks\ /Users/aadityasingh/Library/Developer/Xcode/DerivedData/Chatlio-erkyzdeecsohoaggpwbjdvavzqfv/Build/Products/Debug-iphonesimulator/PackageFrameworks\ /Users/aadityasingh/Library/Developer/Xcode/DerivedData/Chatlio-erkyzdeecsohoaggpwbjdvavzqfv/Build/Products/Debug-iphonesimulator/PackageFrameworks\ /Users/aadityasingh/Library/Developer/Xcode/DerivedData/Chatlio-erkyzdeecsohoaggpwbjdvavzqfv/Build/Products/Debug-iphonesimulator/PackageFrameworks\ /Users/aadityasingh/Library/Developer/Xcode/DerivedData/Chatlio-erkyzdeecsohoaggpwbjdvavzqfv/Build/Products/Debug-iphonesimulator/PackageFrameworks\ /Users/aadityasingh/Library/Developer/Xcode/DerivedData/Chatlio-erkyzdeecsohoaggpwbjdvavzqfv/Build/Products/Debug-iphonesimulator/PackageFrameworks\ /Users/aadityasingh/Library/Developer/Xcode/DerivedData/Chatlio-erkyzdeecsohoaggpwbjdvavzqfv/Build/Products/Debug-iphonesimulator/PackageFrameworks\ /Users/aadityasingh/Library/Developer/Xcode/DerivedData/Chatlio-erkyzdeecsohoaggpwbjdvavzqfv/Build/Products/Debug-iphonesimulator/PackageFrameworks\ /Users/aadityasingh/Library/Developer/Xcode/DerivedData/Chatlio-erkyzdeecsohoaggpwbjdvavzqfv/Build/Products/Debug-iphonesimulator/PackageFrameworks\ /Users/aadityasingh/Library/Developer/Xcode/DerivedData/Chatlio-erkyzdeecsohoaggpwbjdvavzqfv/Build/Products/Debug-iphonesimulator/PackageFrameworks\ /Users/aadityasingh/Library/Developer/Xcode/DerivedData/Chatlio-erkyzdeecsohoaggpwbjdvavzqfv/Build/Products/Debug-iphonesimulator/PackageFrameworks\ /Users/aadityasingh/Library/Developer/Xcode/DerivedData/Chatlio-erkyzdeecsohoaggpwbjdvavzqfv/Build/Products/Debug-iphonesimulator/PackageFrameworks\ /Users/aadityasingh/Library/Developer/Xcode/DerivedData/Chatlio-erkyzdeecsohoaggpwbjdvavzqfv/Build/Products/Debug-iphonesimulator/PackageFrameworks\ /Users/aadityasingh/Library/Developer/Xcode/DerivedData/Chatlio-erkyzdeecsohoaggpwbjdvavzqfv/Build/Products/Debug-iphonesimulator/PackageFrameworks\ /Users/aadityasingh/Library/Developer/Xcode/DerivedData/Chatlio-erkyzdeecsohoaggpwbjdvavzqfv/Build/Products/Debug-iphonesimulator/PackageFrameworks\ /Users/aadityasingh/Library/Developer/Xcode/DerivedData/Chatlio-erkyzdeecsohoaggpwbjdvavzqfv/Build/Products/Debug-iphonesimulator/PackageFrameworks\ /Users/aadityasingh/Library/Developer/Xcode/DerivedData/Chatlio-erkyzdeecsohoaggpwbjdvavzqfv/Build/Products/Debug-iphonesimulator/PackageFrameworks\ /Users/aadityasingh/Library/Developer/Xcode/DerivedData/Chatlio-erkyzdeecsohoaggpwbjdvavzqfv/Build/Products/Debug-iphonesimulator/PackageFrameworks\ /Users/aadityasingh/Library/Developer/Xcode/DerivedData/Chatlio-erkyzdeecsohoaggpwbjdvavzqfv/Build/Products/Debug-iphonesimulator/PackageFrameworks\ /Users/aadityasingh/Library/Developer/Xcode/DerivedData/Chatlio-erkyzdeecsohoaggpwbjdvavzqfv/Build/Products/Debug-iphonesimulator/PackageFrameworks\ /Users/aadityasingh/Library/Developer/Xcode/DerivedData/Chatlio-erkyzdeecsohoaggpwbjdvavzqfv/Build/Products/Debug-iphonesimulator/PackageFrameworks\ /Users/aadityasingh/Library/Developer/Xcode/DerivedData/Chatlio-erkyzdeecsohoaggpwbjdvavzqfv/Build/Products/Debug-iphonesimulator/PackageFrameworks\ /Users/aadityasingh/Library/Developer/Xcode/DerivedData/Chatlio-erkyzdeecsohoaggpwbjdvavzqfv/Build/Products/Debug-iphonesimulator/PackageFrameworks\ /Users/aadityasingh/Library/Developer/Xcode/DerivedData/Chatlio-erkyzdeecsohoaggpwbjdvavzqfv/Build/Products/Debug-iphonesimulator/PackageFrameworks\ /Users/aadityasingh/Library/Developer/Xcode/DerivedData/Chatlio-erkyzdeecsohoaggpwbjdvavzqfv/Build/Products/Debug-iphonesimulator/PackageFrameworks\ /Users/aadityasingh/Library/Developer/Xcode/DerivedData/Chatlio-erkyzdeecsohoaggpwbjdvavzqfv/Build/Products/Debug-iphonesimulator/PackageFrameworks\ /Users/aadityasingh/Library/Developer/Xcode/DerivedData/Chatlio-erkyzdeecsohoaggpwbjdvavzqfv/Build/Products/Debug-iphonesimulator/PackageFrameworks\ /Users/aadityasingh/Library/Developer/Xcode/DerivedData/Chatlio-erkyzdeecsohoaggpwbjdvavzqfv/Build/Products/Debug-iphonesimulator/PackageFrameworks\ /Users/aadityasingh/Library/Developer/Xcode/DerivedData/Chatlio-erkyzdeecsohoaggpwbjdvavzqfv/Build/Products/Debug-iphonesimulator/PackageFrameworks\ /Users/aadityasingh/Library/Developer/Xcode/DerivedData/Chatlio-erkyzdeecsohoaggpwbjdvavzqfv/Build/Products/Debug-iphonesimulator/PackageFrameworks\ /Users/aadityasingh/Library/Developer/Xcode/DerivedData/Chatlio-erkyzdeecsohoaggpwbjdvavzqfv/Build/Products/Debug-iphonesimulator/PackageFrameworks\ /Users/aadityasingh/Library/Developer/Xcode/DerivedData/Chatlio-erkyzdeecsohoaggpwbjdvavzqfv/Build/Products/Debug-iphonesimulator/PackageFrameworks\ /Users/aadityasingh/Library/Developer/Xcode/DerivedData/Chatlio-erkyzdeecsohoaggpwbjdvavzqfv/Build/Products/Debug-iphonesimulator/PackageFrameworks\ /Users/aadityasingh/Library/Developer/Xcode/DerivedData/Chatlio-erkyzdeecsohoaggpwbjdvavzqfv/Build/Products/Debug-iphonesimulator/PackageFrameworks\ /Users/aadityasingh/Library/Developer/Xcode/DerivedData/Chatlio-erkyzdeecsohoaggpwbjdvavzqfv/Build/Products/Debug-iphonesimulator/PackageFrameworks\ /Users/aadityasingh/Library/Developer/Xcode/DerivedData/Chatlio-erkyzdeecsohoaggpwbjdvavzqfv/Build/Products/Debug-iphonesimulator/PackageFrameworks\ /Users/aadityasingh/Library/Developer/Xcode/DerivedData/Chatlio-erkyzdeecsohoaggpwbjdvavzqfv/Build/Products/Debug-iphonesimulator/PackageFrameworks\ /Users/aadityasingh/Library/Developer/Xcode/DerivedData/Chatlio-erkyzdeecsohoaggpwbjdvavzqfv/Build/Products/Debug-iphonesimulator/PackageFrameworks\ /Users/aadityasingh/Library/Developer/Xcode/DerivedData/Chatlio-erkyzdeecsohoaggpwbjdvavzqfv/Build/Products/Debug-iphonesimulator/PackageFrameworks\ /Users/aadityasingh/Library/Developer/Xcode/DerivedData/Chatlio-erkyzdeecsohoaggpwbjdvavzqfv/Build/Products/Debug-iphonesimulator/PackageFrameworks\ /Users/aadityasingh/Library/Developer/Xcode/DerivedData/Chatlio-erkyzdeecsohoaggpwbjdvavzqfv/Build/Products/Debug-iphonesimulator/PackageFrameworks\ /Users/aadityasingh/Library/Developer/Xcode/DerivedData/Chatlio-erkyzdeecsohoaggpwbjdvavzqfv/Build/Products/Debug-iphonesimulator/PackageFrameworks\ /Users/aadityasingh/Library/Developer/Xcode/DerivedData/Chatlio-erkyzdeecsohoaggpwbjdvavzqfv/Build/Products/Debug-iphonesimulator/PackageFrameworks\ /Users/aadityasingh/Library/Developer/Xcode/DerivedData/Chatlio-erkyzdeecsohoaggpwbjdvavzqfv/Build/Products/Debug-iphonesimulator/PackageFrameworks\ /Users/aadityasingh/Library/Developer/Xcode/DerivedData/Chatlio-erkyzdeecsohoaggpwbjdvavzqfv/Build/Products/Debug-iphonesimulator\ 
    export FRAMEWORK_VERSION\=A
    export FULL_PRODUCT_NAME\=Chatlio.app
    export FUSE_BUILD_PHASES\=YES
    export FUSE_BUILD_SCRIPT_PHASES\=NO
    export GCC3_VERSION\=3.3
    export GCC_C_LANGUAGE_STANDARD\=gnu11
    export GCC_DYNAMIC_NO_PIC\=NO
    export GCC_INLINES_ARE_PRIVATE_EXTERN\=YES
    export GCC_NO_COMMON_BLOCKS\=YES
    export GCC_OBJC_LEGACY_DISPATCH\=YES
    export GCC_OPTIMIZATION_LEVEL\=0
    export GCC_PFE_FILE_C_DIALECTS\=c\ objective-c\ c++\ objective-c++
    export GCC_PREPROCESSOR_DEFINITIONS\=\ DEBUG\=1
    export GCC_SYMBOLS_PRIVATE_EXTERN\=NO
    export GCC_TREAT_WARNINGS_AS_ERRORS\=NO
    export GCC_VERSION\=com.apple.compilers.llvm.clang.1_0
    export GCC_VERSION_IDENTIFIER\=com_apple_compilers_llvm_clang_1_0
    export GCC_WARN_64_TO_32_BIT_CONVERSION\=YES
    export GCC_WARN_ABOUT_RETURN_TYPE\=YES_ERROR
    export GCC_WARN_UNDECLARED_SELECTOR\=YES
    export GCC_WARN_UNINITIALIZED_AUTOS\=YES_AGGRESSIVE
    export GCC_WARN_UNUSED_FUNCTION\=YES
    export GCC_WARN_UNUSED_VARIABLE\=YES
    export GENERATED_MODULEMAP_DIR\=/Users/aadityasingh/Library/Developer/Xcode/DerivedData/Chatlio-erkyzdeecsohoaggpwbjdvavzqfv/Build/Intermediates.noindex/GeneratedModuleMaps-iphonesimulator
    export GENERATE_INFOPLIST_FILE\=NO
    export GENERATE_INTERMEDIATE_TEXT_BASED_STUBS\=YES
    export GENERATE_PKGINFO_FILE\=YES
    export GENERATE_PRELINK_OBJECT_FILE\=NO
    export GENERATE_PROFILING_CODE\=NO
    export GENERATE_TEXT_BASED_STUBS\=NO
    export GID\=20
    export GROUP\=staff
    export HEADERMAP_INCLUDES_FLAT_ENTRIES_FOR_TARGET_BEING_BUILT\=YES
    export HEADERMAP_INCLUDES_FRAMEWORK_ENTRIES_FOR_ALL_PRODUCT_TYPES\=YES
    export HEADERMAP_INCLUDES_FRAMEWORK_ENTRIES_FOR_TARGETS_NOT_BEING_BUILT\=YES
    export HEADERMAP_INCLUDES_NONPUBLIC_NONPRIVATE_HEADERS\=YES
    export HEADERMAP_INCLUDES_PROJECT_HEADERS\=YES
    export HEADERMAP_USES_FRAMEWORK_PREFIX_ENTRIES\=YES
    export HEADERMAP_USES_VFS\=NO
    export HEADER_SEARCH_PATHS\=/Users/aadityasingh/Library/Developer/Xcode/DerivedData/Chatlio-erkyzdeecsohoaggpwbjdvavzqfv/SourcePackages/checkouts/swift-numerics/Sources/_NumericsShims/include\ /Users/aadityasingh/Library/Developer/Xcode/DerivedData/Chatlio-erkyzdeecsohoaggpwbjdvavzqfv/SourcePackages/checkouts/posthog-ios/vendor/libwebp/.\ /Users/aadityasingh/Library/Developer/Xcode/DerivedData/Chatlio-erkyzdeecsohoaggpwbjdvavzqfv/SourcePackages/checkouts/GZIP/GZIP/Sources\ /Users/aadityasingh/Library/Developer/Xcode/DerivedData/Chatlio-erkyzdeecsohoaggpwbjdvavzqfv/SourcePackages/checkouts/sentry-cocoa/Sources/SentrySwiftUI/SentryInternal\ /Users/aadityasingh/Library/Developer/Xcode/DerivedData/Chatlio-erkyzdeecsohoaggpwbjdvavzqfv/SourcePackages/checkouts/DTFoundation/Core/include\ /Users/aadityasingh/Library/Developer/Xcode/DerivedData/Chatlio-erkyzdeecsohoaggpwbjdvavzqfv/SourcePackages/checkouts/DTCoreText/Core/include\ /Users/aadityasingh/Library/Developer/Xcode/DerivedData/Chatlio-erkyzdeecsohoaggpwbjdvavzqfv/SourcePackages/checkouts/matrix-rich-text-editor-swift/Sources/DTCoreTextExtended/include\ /Users/aadityasingh/Library/Developer/Xcode/DerivedData/Chatlio-erkyzdeecsohoaggpwbjdvavzqfv/SourcePackages/checkouts/swift-ogg/Sources/SupportingFiles/Dependencies/Copustools/include\ /Users/aadityasingh/Library/Developer/Xcode/DerivedData/Chatlio-erkyzdeecsohoaggpwbjdvavzqfv/SourcePackages/checkouts/swift-atomics/Sources/_AtomicsShims/include\ /Users/aadityasingh/Library/Developer/Xcode/DerivedData/Chatlio-erkyzdeecsohoaggpwbjdvavzqfv/Build/Products/Debug-iphonesimulator/include\ 
    export HOME\=/Users/aadityasingh
    export HOST_ARCH\=arm64
    export HOST_PLATFORM\=macosx
    export ICONV\=/usr/bin/iconv
    export IMPLICIT_DEPENDENCY_DOMAIN\=default
    export INDEX_STORE_COMPRESS\=NO
    export INDEX_STORE_ONLY_PROJECT_FILES\=NO
    export INFOPLIST_ENABLE_CFBUNDLEICONS_MERGE\=YES
    export INFOPLIST_EXPAND_BUILD_SETTINGS\=YES
    export INFOPLIST_FILE\=Chatlio/SupportingFiles/Info.plist
    export INFOPLIST_OUTPUT_FORMAT\=binary
    export INFOPLIST_PATH\=Chatlio.app/Info.plist
    export INFOPLIST_PREPROCESS\=NO
    export INFOSTRINGS_PATH\=Chatlio.app/en.lproj/InfoPlist.strings
    export INLINE_PRIVATE_FRAMEWORKS\=NO
    export INSTALLAPI_IGNORE_SKIP_INSTALL\=YES
    export INSTALLHDRS_COPY_PHASE\=NO
    export INSTALLHDRS_SCRIPT_PHASE\=NO
    export INSTALL_DIR\=/tmp/Chatlio.dst/Applications
    export INSTALL_GROUP\=staff
    export INSTALL_MODE_FLAG\=u+w,go-w,a+rX
    export INSTALL_OWNER\=aadityasingh
    export INSTALL_PATH\=/Applications
    export INSTALL_ROOT\=/tmp/Chatlio.dst
    export IPHONEOS_DEPLOYMENT_TARGET\=17.0
    export IS_UNOPTIMIZED_BUILD\=YES
    export JAVAC_DEFAULT_FLAGS\=-J-Xms64m\ -J-XX:NewSize\=4M\ -J-Dfile.encoding\=UTF8
    export JAVA_APP_STUB\=/System/Library/Frameworks/JavaVM.framework/Resources/MacOS/JavaApplicationStub
    export JAVA_ARCHIVE_CLASSES\=YES
    export JAVA_ARCHIVE_TYPE\=JAR
    export JAVA_COMPILER\=/usr/bin/javac
    export JAVA_FOLDER_PATH\=Chatlio.app/Java
    export JAVA_FRAMEWORK_RESOURCES_DIRS\=Resources
    export JAVA_JAR_FLAGS\=cv
    export JAVA_SOURCE_SUBDIR\=.
    export JAVA_USE_DEPENDENCIES\=YES
    export JAVA_ZIP_FLAGS\=-urg
    export JIKES_DEFAULT_FLAGS\=+E\ +OLDCSO
    export KEEP_PRIVATE_EXTERNS\=NO
    export KEYCHAIN_ACCESS_GROUP_IDENTIFIER\=7J4U792NQT.im.word.skin.chatlio
    export LD_DEPENDENCY_INFO_FILE\=/Users/aadityasingh/Library/Developer/Xcode/DerivedData/Chatlio-erkyzdeecsohoaggpwbjdvavzqfv/Build/Intermediates.noindex/Chatlio.build/Debug-iphonesimulator/Chatlio.build/Objects-normal/undefined_arch/Chatlio_dependency_info.dat
    export LD_ENTITLEMENTS_SECTION\=/Users/aadityasingh/Library/Developer/Xcode/DerivedData/Chatlio-erkyzdeecsohoaggpwbjdvavzqfv/Build/Intermediates.noindex/Chatlio.build/Debug-iphonesimulator/Chatlio.build/Chatlio.app-Simulated.xcent
    export LD_ENTITLEMENTS_SECTION_DER\=/Users/aadityasingh/Library/Developer/Xcode/DerivedData/Chatlio-erkyzdeecsohoaggpwbjdvavzqfv/Build/Intermediates.noindex/Chatlio.build/Debug-iphonesimulator/Chatlio.build/Chatlio.app-Simulated.xcent.der
    export LD_EXPORT_SYMBOLS\=YES
    export LD_GENERATE_MAP_FILE\=NO
    export LD_MAP_FILE_PATH\=/Users/aadityasingh/Library/Developer/Xcode/DerivedData/Chatlio-erkyzdeecsohoaggpwbjdvavzqfv/Build/Intermediates.noindex/Chatlio.build/Debug-iphonesimulator/Chatlio.build/Chatlio-LinkMap-normal-undefined_arch.txt
    export LD_NO_PIE\=NO
    export LD_QUOTE_LINKER_ARGUMENTS_FOR_COMPILER_DRIVER\=YES
    export LD_RUNPATH_SEARCH_PATHS\=/Users/aadityasingh/Library/Developer/Xcode/DerivedData/Chatlio-erkyzdeecsohoaggpwbjdvavzqfv/Build/Products/Debug-iphonesimulator/PackageFrameworks\ /Users/aadityasingh/Library/Developer/Xcode/DerivedData/Chatlio-erkyzdeecsohoaggpwbjdvavzqfv/Build/Products/Debug-iphonesimulator/PackageFrameworks\ /Users/aadityasingh/Library/Developer/Xcode/DerivedData/Chatlio-erkyzdeecsohoaggpwbjdvavzqfv/Build/Products/Debug-iphonesimulator/PackageFrameworks\ /Users/aadityasingh/Library/Developer/Xcode/DerivedData/Chatlio-erkyzdeecsohoaggpwbjdvavzqfv/Build/Products/Debug-iphonesimulator/PackageFrameworks\ /Users/aadityasingh/Library/Developer/Xcode/DerivedData/Chatlio-erkyzdeecsohoaggpwbjdvavzqfv/Build/Products/Debug-iphonesimulator/PackageFrameworks\ /Users/aadityasingh/Library/Developer/Xcode/DerivedData/Chatlio-erkyzdeecsohoaggpwbjdvavzqfv/Build/Products/Debug-iphonesimulator/PackageFrameworks\ /Users/aadityasingh/Library/Developer/Xcode/DerivedData/Chatlio-erkyzdeecsohoaggpwbjdvavzqfv/Build/Products/Debug-iphonesimulator/PackageFrameworks\ /Users/aadityasingh/Library/Developer/Xcode/DerivedData/Chatlio-erkyzdeecsohoaggpwbjdvavzqfv/Build/Products/Debug-iphonesimulator/PackageFrameworks\ /Users/aadityasingh/Library/Developer/Xcode/DerivedData/Chatlio-erkyzdeecsohoaggpwbjdvavzqfv/Build/Products/Debug-iphonesimulator/PackageFrameworks\ /Users/aadityasingh/Library/Developer/Xcode/DerivedData/Chatlio-erkyzdeecsohoaggpwbjdvavzqfv/Build/Products/Debug-iphonesimulator/PackageFrameworks\ /Users/aadityasingh/Library/Developer/Xcode/DerivedData/Chatlio-erkyzdeecsohoaggpwbjdvavzqfv/Build/Products/Debug-iphonesimulator/PackageFrameworks\ /Users/aadityasingh/Library/Developer/Xcode/DerivedData/Chatlio-erkyzdeecsohoaggpwbjdvavzqfv/Build/Products/Debug-iphonesimulator/PackageFrameworks\ /Users/aadityasingh/Library/Developer/Xcode/DerivedData/Chatlio-erkyzdeecsohoaggpwbjdvavzqfv/Build/Products/Debug-iphonesimulator/PackageFrameworks\ /Users/aadityasingh/Library/Developer/Xcode/DerivedData/Chatlio-erkyzdeecsohoaggpwbjdvavzqfv/Build/Products/Debug-iphonesimulator/PackageFrameworks\ /Users/aadityasingh/Library/Developer/Xcode/DerivedData/Chatlio-erkyzdeecsohoaggpwbjdvavzqfv/Build/Products/Debug-iphonesimulator/PackageFrameworks\ /Users/aadityasingh/Library/Developer/Xcode/DerivedData/Chatlio-erkyzdeecsohoaggpwbjdvavzqfv/Build/Products/Debug-iphonesimulator/PackageFrameworks\ /Users/aadityasingh/Library/Developer/Xcode/DerivedData/Chatlio-erkyzdeecsohoaggpwbjdvavzqfv/Build/Products/Debug-iphonesimulator/PackageFrameworks\ /Users/aadityasingh/Library/Developer/Xcode/DerivedData/Chatlio-erkyzdeecsohoaggpwbjdvavzqfv/Build/Products/Debug-iphonesimulator/PackageFrameworks\ /Users/aadityasingh/Library/Developer/Xcode/DerivedData/Chatlio-erkyzdeecsohoaggpwbjdvavzqfv/Build/Products/Debug-iphonesimulator/PackageFrameworks\ /Users/aadityasingh/Library/Developer/Xcode/DerivedData/Chatlio-erkyzdeecsohoaggpwbjdvavzqfv/Build/Products/Debug-iphonesimulator/PackageFrameworks\ /Users/aadityasingh/Library/Developer/Xcode/DerivedData/Chatlio-erkyzdeecsohoaggpwbjdvavzqfv/Build/Products/Debug-iphonesimulator/PackageFrameworks\ /Users/aadityasingh/Library/Developer/Xcode/DerivedData/Chatlio-erkyzdeecsohoaggpwbjdvavzqfv/Build/Products/Debug-iphonesimulator/PackageFrameworks\ /Users/aadityasingh/Library/Developer/Xcode/DerivedData/Chatlio-erkyzdeecsohoaggpwbjdvavzqfv/Build/Products/Debug-iphonesimulator/PackageFrameworks\ /Users/aadityasingh/Library/Developer/Xcode/DerivedData/Chatlio-erkyzdeecsohoaggpwbjdvavzqfv/Build/Products/Debug-iphonesimulator/PackageFrameworks\ /Users/aadityasingh/Library/Developer/Xcode/DerivedData/Chatlio-erkyzdeecsohoaggpwbjdvavzqfv/Build/Products/Debug-iphonesimulator/PackageFrameworks\ /Users/aadityasingh/Library/Developer/Xcode/DerivedData/Chatlio-erkyzdeecsohoaggpwbjdvavzqfv/Build/Products/Debug-iphonesimulator/PackageFrameworks\ /Users/aadityasingh/Library/Developer/Xcode/DerivedData/Chatlio-erkyzdeecsohoaggpwbjdvavzqfv/Build/Products/Debug-iphonesimulator/PackageFrameworks\ /Users/aadityasingh/Library/Developer/Xcode/DerivedData/Chatlio-erkyzdeecsohoaggpwbjdvavzqfv/Build/Products/Debug-iphonesimulator/PackageFrameworks\ /Users/aadityasingh/Library/Developer/Xcode/DerivedData/Chatlio-erkyzdeecsohoaggpwbjdvavzqfv/Build/Products/Debug-iphonesimulator/PackageFrameworks\ /Users/aadityasingh/Library/Developer/Xcode/DerivedData/Chatlio-erkyzdeecsohoaggpwbjdvavzqfv/Build/Products/Debug-iphonesimulator/PackageFrameworks\ /Users/aadityasingh/Library/Developer/Xcode/DerivedData/Chatlio-erkyzdeecsohoaggpwbjdvavzqfv/Build/Products/Debug-iphonesimulator/PackageFrameworks\ /Users/aadityasingh/Library/Developer/Xcode/DerivedData/Chatlio-erkyzdeecsohoaggpwbjdvavzqfv/Build/Products/Debug-iphonesimulator/PackageFrameworks\ /Users/aadityasingh/Library/Developer/Xcode/DerivedData/Chatlio-erkyzdeecsohoaggpwbjdvavzqfv/Build/Products/Debug-iphonesimulator/PackageFrameworks\ /Users/aadityasingh/Library/Developer/Xcode/DerivedData/Chatlio-erkyzdeecsohoaggpwbjdvavzqfv/Build/Products/Debug-iphonesimulator/PackageFrameworks\ /Users/aadityasingh/Library/Developer/Xcode/DerivedData/Chatlio-erkyzdeecsohoaggpwbjdvavzqfv/Build/Products/Debug-iphonesimulator/PackageFrameworks\ /Users/aadityasingh/Library/Developer/Xcode/DerivedData/Chatlio-erkyzdeecsohoaggpwbjdvavzqfv/Build/Products/Debug-iphonesimulator/PackageFrameworks\ /Users/aadityasingh/Library/Developer/Xcode/DerivedData/Chatlio-erkyzdeecsohoaggpwbjdvavzqfv/Build/Products/Debug-iphonesimulator/PackageFrameworks\ /Users/aadityasingh/Library/Developer/Xcode/DerivedData/Chatlio-erkyzdeecsohoaggpwbjdvavzqfv/Build/Products/Debug-iphonesimulator/PackageFrameworks\ /Users/aadityasingh/Library/Developer/Xcode/DerivedData/Chatlio-erkyzdeecsohoaggpwbjdvavzqfv/Build/Products/Debug-iphonesimulator/PackageFrameworks\ /Users/aadityasingh/Library/Developer/Xcode/DerivedData/Chatlio-erkyzdeecsohoaggpwbjdvavzqfv/Build/Products/Debug-iphonesimulator/PackageFrameworks\ /Users/aadityasingh/Library/Developer/Xcode/DerivedData/Chatlio-erkyzdeecsohoaggpwbjdvavzqfv/Build/Products/Debug-iphonesimulator/PackageFrameworks\ /Users/aadityasingh/Library/Developer/Xcode/DerivedData/Chatlio-erkyzdeecsohoaggpwbjdvavzqfv/Build/Products/Debug-iphonesimulator/PackageFrameworks\ /Users/aadityasingh/Library/Developer/Xcode/DerivedData/Chatlio-erkyzdeecsohoaggpwbjdvavzqfv/Build/Products/Debug-iphonesimulator/PackageFrameworks\ /Users/aadityasingh/Library/Developer/Xcode/DerivedData/Chatlio-erkyzdeecsohoaggpwbjdvavzqfv/Build/Products/Debug-iphonesimulator/PackageFrameworks\ /Users/aadityasingh/Library/Developer/Xcode/DerivedData/Chatlio-erkyzdeecsohoaggpwbjdvavzqfv/Build/Products/Debug-iphonesimulator/PackageFrameworks\ /Users/aadityasingh/Library/Developer/Xcode/DerivedData/Chatlio-erkyzdeecsohoaggpwbjdvavzqfv/Build/Products/Debug-iphonesimulator/PackageFrameworks\ /Users/aadityasingh/Library/Developer/Xcode/DerivedData/Chatlio-erkyzdeecsohoaggpwbjdvavzqfv/Build/Products/Debug-iphonesimulator/PackageFrameworks\ \ @executable_path/Frameworks
    export LD_RUNPATH_SEARCH_PATHS_YES\=@loader_path/../Frameworks
    export LD_SHARED_CACHE_ELIGIBLE\=Automatic
    export LD_WARN_DUPLICATE_LIBRARIES\=NO
    export LD_WARN_UNUSED_DYLIBS\=NO
    export LEGACY_DEVELOPER_DIR\=/Applications/Xcode.app/Contents/PlugIns/Xcode3Core.ideplugin/Contents/SharedSupport/Developer
    export LEX\=lex
    export LIBRARY_DEXT_INSTALL_PATH\=/Library/DriverExtensions
    export LIBRARY_FLAG_NOSPACE\=YES
    export LIBRARY_FLAG_PREFIX\=-l
    export LIBRARY_KEXT_INSTALL_PATH\=/Library/Extensions
    export LIBRARY_SEARCH_PATHS\=/Users/aadityasingh/Library/Developer/Xcode/DerivedData/Chatlio-erkyzdeecsohoaggpwbjdvavzqfv/Build/Products/Debug-iphonesimulator\ 
    export LINKER_DISPLAYS_MANGLED_NAMES\=NO
    export LINK_FILE_LIST_normal_arm64\=/Users/aadityasingh/Library/Developer/Xcode/DerivedData/Chatlio-erkyzdeecsohoaggpwbjdvavzqfv/Build/Intermediates.noindex/Chatlio.build/Debug-iphonesimulator/Chatlio.build/Objects-normal/arm64/Chatlio.LinkFileList
    export LINK_OBJC_RUNTIME\=YES
    export LINK_WITH_STANDARD_LIBRARIES\=YES
    export LLVM_TARGET_TRIPLE_OS_VERSION\=ios17.0
    export LLVM_TARGET_TRIPLE_SUFFIX\=-simulator
    export LLVM_TARGET_TRIPLE_VENDOR\=apple
    export LM_AUX_CONST_METADATA_LIST_PATH_normal_arm64\=/Users/aadityasingh/Library/Developer/Xcode/DerivedData/Chatlio-erkyzdeecsohoaggpwbjdvavzqfv/Build/Intermediates.noindex/Chatlio.build/Debug-iphonesimulator/Chatlio.build/Objects-normal/arm64/Chatlio.SwiftConstValuesFileList
    export LOCALIZATION_EXPORT_SUPPORTED\=YES
    export LOCALIZATION_PREFERS_STRING_CATALOGS\=NO
    export LOCALIZED_RESOURCES_FOLDER_PATH\=Chatlio.app/en.lproj
    export LOCALIZED_STRING_CODE_COMMENTS\=NO
    export LOCALIZED_STRING_MACRO_NAMES\=NSLocalizedString\ CFCopyLocalizedString
    export LOCALIZED_STRING_SWIFTUI_SUPPORT\=YES
    export LOCAL_ADMIN_APPS_DIR\=/Applications/Utilities
    export LOCAL_APPS_DIR\=/Applications
    export LOCAL_DEVELOPER_DIR\=/Library/Developer
    export LOCAL_LIBRARY_DIR\=/Library
    export LOCROOT\=/Users/aadityasingh/Documents/Development/element-x-ios
    export LOCSYMROOT\=/Users/aadityasingh/Documents/Development/element-x-ios
    export MACH_O_TYPE\=mh_execute
    export MAC_OS_X_PRODUCT_BUILD_VERSION\=25E253
    export MAC_OS_X_VERSION_ACTUAL\=260401
    export MAC_OS_X_VERSION_MAJOR\=260000
    export MAC_OS_X_VERSION_MINOR\=260400
    export MAKE_MERGEABLE\=NO
    export MARKETING_VERSION\=1.0.0
    export MERGEABLE_LIBRARY\=NO
    export MERGED_BINARY_TYPE\=none
    export MERGE_LINKED_LIBRARIES\=NO
    export METAL_LIBRARY_FILE_BASE\=default
    export METAL_LIBRARY_OUTPUT_DIR\=/Users/aadityasingh/Library/Developer/Xcode/DerivedData/Chatlio-erkyzdeecsohoaggpwbjdvavzqfv/Build/Products/Debug-iphonesimulator/Chatlio.app
    export MODULES_FOLDER_PATH\=Chatlio.app/Modules
    export MODULE_CACHE_DIR\=/Users/aadityasingh/Library/Developer/Xcode/DerivedData/ModuleCache.noindex
    export MTL_ENABLE_DEBUG_INFO\=INCLUDE_SOURCE
    export MTL_FAST_MATH\=YES
    export NATIVE_ARCH\=arm64
    export NATIVE_ARCH_32_BIT\=arm
    export NATIVE_ARCH_64_BIT\=arm64
    export NATIVE_ARCH_ACTUAL\=arm64
    export NO_COMMON\=YES
    export OBJC_ABI_VERSION\=2
    export OBJECT_FILE_DIR\=/Users/aadityasingh/Library/Developer/Xcode/DerivedData/Chatlio-erkyzdeecsohoaggpwbjdvavzqfv/Build/Intermediates.noindex/Chatlio.build/Debug-iphonesimulator/Chatlio.build/Objects
    export OBJECT_FILE_DIR_normal\=/Users/aadityasingh/Library/Developer/Xcode/DerivedData/Chatlio-erkyzdeecsohoaggpwbjdvavzqfv/Build/Intermediates.noindex/Chatlio.build/Debug-iphonesimulator/Chatlio.build/Objects-normal
    export OBJROOT\=/Users/aadityasingh/Library/Developer/Xcode/DerivedData/Chatlio-erkyzdeecsohoaggpwbjdvavzqfv/Build/Intermediates.noindex
    export ONLY_ACTIVE_ARCH\=YES
    export OS\=MACOS
    export OSAC\=/usr/bin/osacompile
    export OTHER_CFLAGS\=-fmodule-map-file\=/Users/aadityasingh/Library/Developer/Xcode/DerivedData/Chatlio-erkyzdeecsohoaggpwbjdvavzqfv/Build/Intermediates.noindex/GeneratedModuleMaps-iphonesimulator/MatrixRustSDK.modulemap\ -fmodule-map-file\=/Users/aadityasingh/Library/Developer/Xcode/DerivedData/Chatlio-erkyzdeecsohoaggpwbjdvavzqfv/Build/Intermediates.noindex/GeneratedModuleMaps-iphonesimulator/CompoundDesignTokens.modulemap\ -fmodule-map-file\=/Users/aadityasingh/Library/Developer/Xcode/DerivedData/Chatlio-erkyzdeecsohoaggpwbjdvavzqfv/Build/Intermediates.noindex/GeneratedModuleMaps-iphonesimulator/SwiftUIIntrospect.modulemap\ -fmodule-map-file\=/Users/aadityasingh/Library/Developer/Xcode/DerivedData/Chatlio-erkyzdeecsohoaggpwbjdvavzqfv/Build/Intermediates.noindex/GeneratedModuleMaps-iphonesimulator/SFSafeSymbols.modulemap\ -fmodule-map-file\=/Users/aadityasingh/Library/Developer/Xcode/DerivedData/Chatlio-erkyzdeecsohoaggpwbjdvavzqfv/Build/Intermediates.noindex/GeneratedModuleMaps-iphonesimulator/Compound.modulemap\ -fmodule-map-file\=/Users/aadityasingh/Library/Developer/Xcode/DerivedData/Chatlio-erkyzdeecsohoaggpwbjdvavzqfv/Build/Intermediates.noindex/GeneratedModuleMaps-iphonesimulator/RealModule.modulemap\ -fmodule-map-file\=/Users/aadityasingh/Library/Developer/Xcode/DerivedData/Chatlio-erkyzdeecsohoaggpwbjdvavzqfv/Build/Intermediates.noindex/GeneratedModuleMaps-iphonesimulator/Algorithms.modulemap\ -fmodule-map-file\=/Users/aadityasingh/Library/Developer/Xcode/DerivedData/Chatlio-erkyzdeecsohoaggpwbjdvavzqfv/Build/Intermediates.noindex/GeneratedModuleMaps-iphonesimulator/AsyncAlgorithms.modulemap\ -fmodule-map-file\=/Users/aadityasingh/Library/Developer/Xcode/DerivedData/Chatlio-erkyzdeecsohoaggpwbjdvavzqfv/Build/Intermediates.noindex/GeneratedModuleMaps-iphonesimulator/AnalyticsEvents.modulemap\ -fmodule-map-file\=/Users/aadityasingh/Library/Developer/Xcode/DerivedData/Chatlio-erkyzdeecsohoaggpwbjdvavzqfv/Build/Intermediates.noindex/GeneratedModuleMaps-iphonesimulator/_RopeModule.modulemap\ -fmodule-map-file\=/Users/aadityasingh/Library/Developer/Xcode/DerivedData/Chatlio-erkyzdeecsohoaggpwbjdvavzqfv/Build/Intermediates.noindex/GeneratedModuleMaps-iphonesimulator/OrderedCollections.modulemap\ -fmodule-map-file\=/Users/aadityasingh/Library/Developer/Xcode/DerivedData/Chatlio-erkyzdeecsohoaggpwbjdvavzqfv/Build/Intermediates.noindex/GeneratedModuleMaps-iphonesimulator/HeapModule.modulemap\ -fmodule-map-file\=/Users/aadityasingh/Library/Developer/Xcode/DerivedData/Chatlio-erkyzdeecsohoaggpwbjdvavzqfv/Build/Intermediates.noindex/GeneratedModuleMaps-iphonesimulator/HashTreeCollections.modulemap\ -fmodule-map-file\=/Users/aadityasingh/Library/Developer/Xcode/DerivedData/Chatlio-erkyzdeecsohoaggpwbjdvavzqfv/Build/Intermediates.noindex/GeneratedModuleMaps-iphonesimulator/DequeModule.modulemap\ -fmodule-map-file\=/Users/aadityasingh/Library/Developer/Xcode/DerivedData/Chatlio-erkyzdeecsohoaggpwbjdvavzqfv/Build/Intermediates.noindex/GeneratedModuleMaps-iphonesimulator/BitCollections.modulemap\ -fmodule-map-file\=/Users/aadityasingh/Library/Developer/Xcode/DerivedData/Chatlio-erkyzdeecsohoaggpwbjdvavzqfv/Build/Intermediates.noindex/GeneratedModuleMaps-iphonesimulator/InternalCollectionsUtilities.modulemap\ -fmodule-map-file\=/Users/aadityasingh/Library/Developer/Xcode/DerivedData/Chatlio-erkyzdeecsohoaggpwbjdvavzqfv/Build/Intermediates.noindex/GeneratedModuleMaps-iphonesimulator/Collections.modulemap\ -fmodule-map-file\=/Users/aadityasingh/Library/Developer/Xcode/DerivedData/Chatlio-erkyzdeecsohoaggpwbjdvavzqfv/Build/Intermediates.noindex/GeneratedModuleMaps-iphonesimulator/DeviceKit.modulemap\ -fmodule-map-file\=/Users/aadityasingh/Library/Developer/Xcode/DerivedData/Chatlio-erkyzdeecsohoaggpwbjdvavzqfv/Build/Intermediates.noindex/GeneratedModuleMaps-iphonesimulator/EmbeddedElementCall.modulemap\ -fmodule-map-file\=/Users/aadityasingh/Library/Developer/Xcode/DerivedData/Chatlio-erkyzdeecsohoaggpwbjdvavzqfv/Build/Intermediates.noindex/GeneratedModuleMaps-iphonesimulator/KeychainAccess.modulemap\ -fmodule-map-file\=/Users/aadityasingh/Library/Developer/Xcode/DerivedData/Chatlio-erkyzdeecsohoaggpwbjdvavzqfv/Build/Intermediates.noindex/GeneratedModuleMaps-iphonesimulator/Kingfisher.modulemap\ -fmodule-map-file\=/Users/aadityasingh/Library/Developer/Xcode/DerivedData/Chatlio-erkyzdeecsohoaggpwbjdvavzqfv/Build/Intermediates.noindex/GeneratedModuleMaps-iphonesimulator/KZFileWatchers.modulemap\ -fmodule-map-file\=/Users/aadityasingh/Library/Developer/Xcode/DerivedData/Chatlio-erkyzdeecsohoaggpwbjdvavzqfv/Build/Intermediates.noindex/GeneratedModuleMaps-iphonesimulator/LoremSwiftum.modulemap\ -fmodule-map-file\=/Users/aadityasingh/Library/Developer/Xcode/DerivedData/Chatlio-erkyzdeecsohoaggpwbjdvavzqfv/Build/Intermediates.noindex/GeneratedModuleMaps-iphonesimulator/LRUCache.modulemap\ -fmodule-map-file\=/Users/aadityasingh/Library/Developer/Xcode/DerivedData/Chatlio-erkyzdeecsohoaggpwbjdvavzqfv/Build/Intermediates.noindex/GeneratedModuleMaps-iphonesimulator/phlibwebp.modulemap\ -fmodule-map-file\=/Users/aadityasingh/Library/Developer/Xcode/DerivedData/Chatlio-erkyzdeecsohoaggpwbjdvavzqfv/Build/Intermediates.noindex/GeneratedModuleMaps-iphonesimulator/PostHog.modulemap\ -fmodule-map-file\=/Users/aadityasingh/Library/Developer/Xcode/DerivedData/Chatlio-erkyzdeecsohoaggpwbjdvavzqfv/Build/Intermediates.noindex/GeneratedModuleMaps-iphonesimulator/SwiftState.modulemap\ -fmodule-map-file\=/Users/aadityasingh/Library/Developer/Xcode/DerivedData/Chatlio-erkyzdeecsohoaggpwbjdvavzqfv/Build/Intermediates.noindex/GeneratedModuleMaps-iphonesimulator/GZIP.modulemap\ -fmodule-map-file\=/Users/aadityasingh/Library/Developer/Xcode/DerivedData/Chatlio-erkyzdeecsohoaggpwbjdvavzqfv/Build/Intermediates.noindex/GeneratedModuleMaps-iphonesimulator/SentryInternal.modulemap\ -fmodule-map-file\=/Users/aadityasingh/Library/Developer/Xcode/DerivedData/Chatlio-erkyzdeecsohoaggpwbjdvavzqfv/Build/Intermediates.noindex/GeneratedModuleMaps-iphonesimulator/SentryCppHelper.modulemap\ -fmodule-map-file\=/Users/aadityasingh/Library/Developer/Xcode/DerivedData/Chatlio-erkyzdeecsohoaggpwbjdvavzqfv/Build/Intermediates.noindex/GeneratedModuleMaps-iphonesimulator/SentrySwiftUI.modulemap\ -fmodule-map-file\=/Users/aadityasingh/Library/Developer/Xcode/DerivedData/Chatlio-erkyzdeecsohoaggpwbjdvavzqfv/Build/Intermediates.noindex/GeneratedModuleMaps-iphonesimulator/Version.modulemap\ -fmodule-map-file\=/Users/aadityasingh/Library/Developer/Xcode/DerivedData/Chatlio-erkyzdeecsohoaggpwbjdvavzqfv/Build/Intermediates.noindex/GeneratedModuleMaps-iphonesimulator/Emojibase.modulemap\ -fmodule-map-file\=/Users/aadityasingh/Library/Developer/Xcode/DerivedData/Chatlio-erkyzdeecsohoaggpwbjdvavzqfv/Build/Intermediates.noindex/GeneratedModuleMaps-iphonesimulator/DTFoundation.modulemap\ -fmodule-map-file\=/Users/aadityasingh/Library/Developer/Xcode/DerivedData/Chatlio-erkyzdeecsohoaggpwbjdvavzqfv/Build/Intermediates.noindex/GeneratedModuleMaps-iphonesimulator/DTCoreText.modulemap\ -fmodule-map-file\=/Users/aadityasingh/Library/Developer/Xcode/DerivedData/Chatlio-erkyzdeecsohoaggpwbjdvavzqfv/Build/Intermediates.noindex/GeneratedModuleMaps-iphonesimulator/HTMLParser.modulemap\ -fmodule-map-file\=/Users/aadityasingh/Library/Developer/Xcode/DerivedData/Chatlio-erkyzdeecsohoaggpwbjdvavzqfv/Build/Intermediates.noindex/GeneratedModuleMaps-iphonesimulator/DTCoreTextExtended.modulemap\ -fmodule-map-file\=/Users/aadityasingh/Library/Developer/Xcode/DerivedData/Chatlio-erkyzdeecsohoaggpwbjdvavzqfv/Build/Intermediates.noindex/GeneratedModuleMaps-iphonesimulator/WysiwygComposer.modulemap\ -fmodule-map-file\=/Users/aadityasingh/Library/Developer/Xcode/DerivedData/Chatlio-erkyzdeecsohoaggpwbjdvavzqfv/Build/Intermediates.noindex/GeneratedModuleMaps-iphonesimulator/SwiftOGG.modulemap\ -fmodule-map-file\=/Users/aadityasingh/Library/Developer/Xcode/DerivedData/Chatlio-erkyzdeecsohoaggpwbjdvavzqfv/Build/Intermediates.noindex/GeneratedModuleMaps-iphonesimulator/Atomics.modulemap\ -fmodule-map-file\=/Users/aadityasingh/Library/Developer/Xcode/DerivedData/Chatlio-erkyzdeecsohoaggpwbjdvavzqfv/Build/Intermediates.noindex/GeneratedModuleMaps-iphonesimulator/SwiftSoup.modulemap\ -fmodule-map-file\=/Users/aadityasingh/Library/Developer/Xcode/DerivedData/Chatlio-erkyzdeecsohoaggpwbjdvavzqfv/Build/Intermediates.noindex/GeneratedModuleMaps-iphonesimulator/Flow.modulemap\ -fmodule-map-file\=/Users/aadityasingh/Library/Developer/Xcode/DerivedData/Chatlio-erkyzdeecsohoaggpwbjdvavzqfv/Build/Intermediates.noindex/GeneratedModuleMaps-iphonesimulator/DSWaveformImage.modulemap\ -fmodule-map-file\=/Users/aadityasingh/Library/Developer/Xcode/DerivedData/Chatlio-erkyzdeecsohoaggpwbjdvavzqfv/Build/Intermediates.noindex/GeneratedModuleMaps-iphonesimulator/DSWaveformImageViews.modulemap\ 
    export OTHER_CPLUSPLUSFLAGS\=-fmodule-map-file\=/Users/aadityasingh/Library/Developer/Xcode/DerivedData/Chatlio-erkyzdeecsohoaggpwbjdvavzqfv/Build/Intermediates.noindex/GeneratedModuleMaps-iphonesimulator/MatrixRustSDK.modulemap\ -fmodule-map-file\=/Users/aadityasingh/Library/Developer/Xcode/DerivedData/Chatlio-erkyzdeecsohoaggpwbjdvavzqfv/Build/Intermediates.noindex/GeneratedModuleMaps-iphonesimulator/CompoundDesignTokens.modulemap\ -fmodule-map-file\=/Users/aadityasingh/Library/Developer/Xcode/DerivedData/Chatlio-erkyzdeecsohoaggpwbjdvavzqfv/Build/Intermediates.noindex/GeneratedModuleMaps-iphonesimulator/SwiftUIIntrospect.modulemap\ -fmodule-map-file\=/Users/aadityasingh/Library/Developer/Xcode/DerivedData/Chatlio-erkyzdeecsohoaggpwbjdvavzqfv/Build/Intermediates.noindex/GeneratedModuleMaps-iphonesimulator/SFSafeSymbols.modulemap\ -fmodule-map-file\=/Users/aadityasingh/Library/Developer/Xcode/DerivedData/Chatlio-erkyzdeecsohoaggpwbjdvavzqfv/Build/Intermediates.noindex/GeneratedModuleMaps-iphonesimulator/Compound.modulemap\ -fmodule-map-file\=/Users/aadityasingh/Library/Developer/Xcode/DerivedData/Chatlio-erkyzdeecsohoaggpwbjdvavzqfv/Build/Intermediates.noindex/GeneratedModuleMaps-iphonesimulator/RealModule.modulemap\ -fmodule-map-file\=/Users/aadityasingh/Library/Developer/Xcode/DerivedData/Chatlio-erkyzdeecsohoaggpwbjdvavzqfv/Build/Intermediates.noindex/GeneratedModuleMaps-iphonesimulator/Algorithms.modulemap\ -fmodule-map-file\=/Users/aadityasingh/Library/Developer/Xcode/DerivedData/Chatlio-erkyzdeecsohoaggpwbjdvavzqfv/Build/Intermediates.noindex/GeneratedModuleMaps-iphonesimulator/AsyncAlgorithms.modulemap\ -fmodule-map-file\=/Users/aadityasingh/Library/Developer/Xcode/DerivedData/Chatlio-erkyzdeecsohoaggpwbjdvavzqfv/Build/Intermediates.noindex/GeneratedModuleMaps-iphonesimulator/AnalyticsEvents.modulemap\ -fmodule-map-file\=/Users/aadityasingh/Library/Developer/Xcode/DerivedData/Chatlio-erkyzdeecsohoaggpwbjdvavzqfv/Build/Intermediates.noindex/GeneratedModuleMaps-iphonesimulator/_RopeModule.modulemap\ -fmodule-map-file\=/Users/aadityasingh/Library/Developer/Xcode/DerivedData/Chatlio-erkyzdeecsohoaggpwbjdvavzqfv/Build/Intermediates.noindex/GeneratedModuleMaps-iphonesimulator/OrderedCollections.modulemap\ -fmodule-map-file\=/Users/aadityasingh/Library/Developer/Xcode/DerivedData/Chatlio-erkyzdeecsohoaggpwbjdvavzqfv/Build/Intermediates.noindex/GeneratedModuleMaps-iphonesimulator/HeapModule.modulemap\ -fmodule-map-file\=/Users/aadityasingh/Library/Developer/Xcode/DerivedData/Chatlio-erkyzdeecsohoaggpwbjdvavzqfv/Build/Intermediates.noindex/GeneratedModuleMaps-iphonesimulator/HashTreeCollections.modulemap\ -fmodule-map-file\=/Users/aadityasingh/Library/Developer/Xcode/DerivedData/Chatlio-erkyzdeecsohoaggpwbjdvavzqfv/Build/Intermediates.noindex/GeneratedModuleMaps-iphonesimulator/DequeModule.modulemap\ -fmodule-map-file\=/Users/aadityasingh/Library/Developer/Xcode/DerivedData/Chatlio-erkyzdeecsohoaggpwbjdvavzqfv/Build/Intermediates.noindex/GeneratedModuleMaps-iphonesimulator/BitCollections.modulemap\ -fmodule-map-file\=/Users/aadityasingh/Library/Developer/Xcode/DerivedData/Chatlio-erkyzdeecsohoaggpwbjdvavzqfv/Build/Intermediates.noindex/GeneratedModuleMaps-iphonesimulator/InternalCollectionsUtilities.modulemap\ -fmodule-map-file\=/Users/aadityasingh/Library/Developer/Xcode/DerivedData/Chatlio-erkyzdeecsohoaggpwbjdvavzqfv/Build/Intermediates.noindex/GeneratedModuleMaps-iphonesimulator/Collections.modulemap\ -fmodule-map-file\=/Users/aadityasingh/Library/Developer/Xcode/DerivedData/Chatlio-erkyzdeecsohoaggpwbjdvavzqfv/Build/Intermediates.noindex/GeneratedModuleMaps-iphonesimulator/DeviceKit.modulemap\ -fmodule-map-file\=/Users/aadityasingh/Library/Developer/Xcode/DerivedData/Chatlio-erkyzdeecsohoaggpwbjdvavzqfv/Build/Intermediates.noindex/GeneratedModuleMaps-iphonesimulator/EmbeddedElementCall.modulemap\ -fmodule-map-file\=/Users/aadityasingh/Library/Developer/Xcode/DerivedData/Chatlio-erkyzdeecsohoaggpwbjdvavzqfv/Build/Intermediates.noindex/GeneratedModuleMaps-iphonesimulator/KeychainAccess.modulemap\ -fmodule-map-file\=/Users/aadityasingh/Library/Developer/Xcode/DerivedData/Chatlio-erkyzdeecsohoaggpwbjdvavzqfv/Build/Intermediates.noindex/GeneratedModuleMaps-iphonesimulator/Kingfisher.modulemap\ -fmodule-map-file\=/Users/aadityasingh/Library/Developer/Xcode/DerivedData/Chatlio-erkyzdeecsohoaggpwbjdvavzqfv/Build/Intermediates.noindex/GeneratedModuleMaps-iphonesimulator/KZFileWatchers.modulemap\ -fmodule-map-file\=/Users/aadityasingh/Library/Developer/Xcode/DerivedData/Chatlio-erkyzdeecsohoaggpwbjdvavzqfv/Build/Intermediates.noindex/GeneratedModuleMaps-iphonesimulator/LoremSwiftum.modulemap\ -fmodule-map-file\=/Users/aadityasingh/Library/Developer/Xcode/DerivedData/Chatlio-erkyzdeecsohoaggpwbjdvavzqfv/Build/Intermediates.noindex/GeneratedModuleMaps-iphonesimulator/LRUCache.modulemap\ -fmodule-map-file\=/Users/aadityasingh/Library/Developer/Xcode/DerivedData/Chatlio-erkyzdeecsohoaggpwbjdvavzqfv/Build/Intermediates.noindex/GeneratedModuleMaps-iphonesimulator/phlibwebp.modulemap\ -fmodule-map-file\=/Users/aadityasingh/Library/Developer/Xcode/DerivedData/Chatlio-erkyzdeecsohoaggpwbjdvavzqfv/Build/Intermediates.noindex/GeneratedModuleMaps-iphonesimulator/PostHog.modulemap\ -fmodule-map-file\=/Users/aadityasingh/Library/Developer/Xcode/DerivedData/Chatlio-erkyzdeecsohoaggpwbjdvavzqfv/Build/Intermediates.noindex/GeneratedModuleMaps-iphonesimulator/SwiftState.modulemap\ -fmodule-map-file\=/Users/aadityasingh/Library/Developer/Xcode/DerivedData/Chatlio-erkyzdeecsohoaggpwbjdvavzqfv/Build/Intermediates.noindex/GeneratedModuleMaps-iphonesimulator/GZIP.modulemap\ -fmodule-map-file\=/Users/aadityasingh/Library/Developer/Xcode/DerivedData/Chatlio-erkyzdeecsohoaggpwbjdvavzqfv/Build/Intermediates.noindex/GeneratedModuleMaps-iphonesimulator/SentryInternal.modulemap\ -fmodule-map-file\=/Users/aadityasingh/Library/Developer/Xcode/DerivedData/Chatlio-erkyzdeecsohoaggpwbjdvavzqfv/Build/Intermediates.noindex/GeneratedModuleMaps-iphonesimulator/SentryCppHelper.modulemap\ -fmodule-map-file\=/Users/aadityasingh/Library/Developer/Xcode/DerivedData/Chatlio-erkyzdeecsohoaggpwbjdvavzqfv/Build/Intermediates.noindex/GeneratedModuleMaps-iphonesimulator/SentrySwiftUI.modulemap\ -fmodule-map-file\=/Users/aadityasingh/Library/Developer/Xcode/DerivedData/Chatlio-erkyzdeecsohoaggpwbjdvavzqfv/Build/Intermediates.noindex/GeneratedModuleMaps-iphonesimulator/Version.modulemap\ -fmodule-map-file\=/Users/aadityasingh/Library/Developer/Xcode/DerivedData/Chatlio-erkyzdeecsohoaggpwbjdvavzqfv/Build/Intermediates.noindex/GeneratedModuleMaps-iphonesimulator/Emojibase.modulemap\ -fmodule-map-file\=/Users/aadityasingh/Library/Developer/Xcode/DerivedData/Chatlio-erkyzdeecsohoaggpwbjdvavzqfv/Build/Intermediates.noindex/GeneratedModuleMaps-iphonesimulator/DTFoundation.modulemap\ -fmodule-map-file\=/Users/aadityasingh/Library/Developer/Xcode/DerivedData/Chatlio-erkyzdeecsohoaggpwbjdvavzqfv/Build/Intermediates.noindex/GeneratedModuleMaps-iphonesimulator/DTCoreText.modulemap\ -fmodule-map-file\=/Users/aadityasingh/Library/Developer/Xcode/DerivedData/Chatlio-erkyzdeecsohoaggpwbjdvavzqfv/Build/Intermediates.noindex/GeneratedModuleMaps-iphonesimulator/HTMLParser.modulemap\ -fmodule-map-file\=/Users/aadityasingh/Library/Developer/Xcode/DerivedData/Chatlio-erkyzdeecsohoaggpwbjdvavzqfv/Build/Intermediates.noindex/GeneratedModuleMaps-iphonesimulator/DTCoreTextExtended.modulemap\ -fmodule-map-file\=/Users/aadityasingh/Library/Developer/Xcode/DerivedData/Chatlio-erkyzdeecsohoaggpwbjdvavzqfv/Build/Intermediates.noindex/GeneratedModuleMaps-iphonesimulator/WysiwygComposer.modulemap\ -fmodule-map-file\=/Users/aadityasingh/Library/Developer/Xcode/DerivedData/Chatlio-erkyzdeecsohoaggpwbjdvavzqfv/Build/Intermediates.noindex/GeneratedModuleMaps-iphonesimulator/SwiftOGG.modulemap\ -fmodule-map-file\=/Users/aadityasingh/Library/Developer/Xcode/DerivedData/Chatlio-erkyzdeecsohoaggpwbjdvavzqfv/Build/Intermediates.noindex/GeneratedModuleMaps-iphonesimulator/Atomics.modulemap\ -fmodule-map-file\=/Users/aadityasingh/Library/Developer/Xcode/DerivedData/Chatlio-erkyzdeecsohoaggpwbjdvavzqfv/Build/Intermediates.noindex/GeneratedModuleMaps-iphonesimulator/SwiftSoup.modulemap\ -fmodule-map-file\=/Users/aadityasingh/Library/Developer/Xcode/DerivedData/Chatlio-erkyzdeecsohoaggpwbjdvavzqfv/Build/Intermediates.noindex/GeneratedModuleMaps-iphonesimulator/Flow.modulemap\ -fmodule-map-file\=/Users/aadityasingh/Library/Developer/Xcode/DerivedData/Chatlio-erkyzdeecsohoaggpwbjdvavzqfv/Build/Intermediates.noindex/GeneratedModuleMaps-iphonesimulator/DSWaveformImage.modulemap\ -fmodule-map-file\=/Users/aadityasingh/Library/Developer/Xcode/DerivedData/Chatlio-erkyzdeecsohoaggpwbjdvavzqfv/Build/Intermediates.noindex/GeneratedModuleMaps-iphonesimulator/DSWaveformImageViews.modulemap\ 
    export OTHER_LDFLAGS\=-Wl,-no_warn_duplicate_libraries\ -Wl,-no_warn_duplicate_libraries\ -Wl,-no_warn_duplicate_libraries\ -Wl,-no_warn_duplicate_libraries\ -Wl,-no_warn_duplicate_libraries\ -Wl,-no_warn_duplicate_libraries\ -Wl,-no_warn_duplicate_libraries\ -Wl,-no_warn_duplicate_libraries\ -Wl,-no_warn_duplicate_libraries\ -Wl,-no_warn_duplicate_libraries\ -Wl,-no_warn_duplicate_libraries\ -Wl,-no_warn_duplicate_libraries\ -Wl,-no_warn_duplicate_libraries\ -Wl,-no_warn_duplicate_libraries\ -Wl,-no_warn_duplicate_libraries\ -Wl,-no_warn_duplicate_libraries\ -Wl,-no_warn_duplicate_libraries\ -Wl,-no_warn_duplicate_libraries\ -Wl,-no_warn_duplicate_libraries\ -Wl,-no_warn_duplicate_libraries\ -Wl,-no_warn_duplicate_libraries\ -Wl,-no_warn_duplicate_libraries\ -Wl,-no_warn_duplicate_libraries\ -Wl,-no_warn_duplicate_libraries\ -Wl,-no_warn_duplicate_libraries\ -Wl,-no_warn_duplicate_libraries\ -Wl,-no_warn_duplicate_libraries\ -Wl,-no_warn_duplicate_libraries\ -Wl,-no_warn_duplicate_libraries\ -Wl,-no_warn_duplicate_libraries\ -Wl,-no_warn_duplicate_libraries\ -Wl,-no_warn_duplicate_libraries\ -Wl,-no_warn_duplicate_libraries\ -Wl,-no_warn_duplicate_libraries\ -Wl,-no_warn_duplicate_libraries\ -Wl,-no_warn_duplicate_libraries\ -Wl,-no_warn_duplicate_libraries\ -Wl,-no_warn_duplicate_libraries\ -Wl,-no_warn_duplicate_libraries\ -Wl,-no_warn_duplicate_libraries\ -Wl,-no_warn_duplicate_libraries\ -Wl,-no_warn_duplicate_libraries\ -Wl,-no_warn_duplicate_libraries\ -Wl,-no_warn_duplicate_libraries\ -Wl,-no_warn_duplicate_libraries\ -Wl,-no_warn_duplicate_libraries\ -Wl,-no_warn_duplicate_libraries\ \ -framework\ Sentry\ -lc++
    export OTHER_SWIFT_FLAGS\=-Xcc\ -fmodule-map-file\=/Users/aadityasingh/Library/Developer/Xcode/DerivedData/Chatlio-erkyzdeecsohoaggpwbjdvavzqfv/Build/Intermediates.noindex/GeneratedModuleMaps-iphonesimulator/phlibwebp.modulemap\ -Xcc\ -fmodule-map-file\=/Users/aadityasingh/Library/Developer/Xcode/DerivedData/Chatlio-erkyzdeecsohoaggpwbjdvavzqfv/Build/Intermediates.noindex/GeneratedModuleMaps-iphonesimulator/GZIP.modulemap\ -Xcc\ -fmodule-map-file\=/Users/aadityasingh/Library/Developer/Xcode/DerivedData/Chatlio-erkyzdeecsohoaggpwbjdvavzqfv/Build/Intermediates.noindex/GeneratedModuleMaps-iphonesimulator/SentryInternal.modulemap\ -Xcc\ -fmodule-map-file\=/Users/aadityasingh/Library/Developer/Xcode/DerivedData/Chatlio-erkyzdeecsohoaggpwbjdvavzqfv/Build/Intermediates.noindex/GeneratedModuleMaps-iphonesimulator/DTFoundation.modulemap\ -Xcc\ -fmodule-map-file\=/Users/aadityasingh/Library/Developer/Xcode/DerivedData/Chatlio-erkyzdeecsohoaggpwbjdvavzqfv/Build/Intermediates.noindex/GeneratedModuleMaps-iphonesimulator/DTCoreText.modulemap\ -Xcc\ -fmodule-map-file\=/Users/aadityasingh/Library/Developer/Xcode/DerivedData/Chatlio-erkyzdeecsohoaggpwbjdvavzqfv/Build/Intermediates.noindex/GeneratedModuleMaps-iphonesimulator/DTCoreTextExtended.modulemap\ -DIS_MAIN_APP
    export PACKAGE_TYPE\=com.apple.package-type.wrapper.application
    export PASCAL_STRINGS\=YES
    export PATH\=/Applications/Xcode.app/Contents/SharedFrameworks/SwiftBuild.framework/Versions/A/PlugIns/SWBBuildService.bundle/Contents/PlugIns/SWBUniversalPlatformPlugin.bundle/Contents/Frameworks/SWBUniversalPlatform.framework/Resources:/Applications/Xcode.app/Contents/Developer/Toolchains/XcodeDefault.xctoolchain/usr/bin:/Applications/Xcode.app/Contents/Developer/Toolchains/XcodeDefault.xctoolchain/usr/local/bin:/Applications/Xcode.app/Contents/Developer/Toolchains/XcodeDefault.xctoolchain/usr/libexec:/Applications/Xcode.app/Contents/Developer/Platforms/iPhoneSimulator.platform/usr/bin:/Applications/Xcode.app/Contents/Developer/Platforms/iPhoneSimulator.platform/usr/local/bin:/Applications/Xcode.app/Contents/Developer/Platforms/iPhoneSimulator.platform/Developer/usr/bin:/Applications/Xcode.app/Contents/Developer/Platforms/iPhoneSimulator.platform/Developer/usr/local/bin:/Applications/Xcode.app/Contents/Developer/usr/bin:/Applications/Xcode.app/Contents/Developer/usr/local/bin:/Users/aadityasingh/Documents/flutter/bin:/Users/aadityasingh/.antigravity/antigravity/bin:/Users/aadityasingh/.local/bin:/Users/aadityasingh/Library/pnpm:/usr/local/bin:/System/Cryptexes/App/usr/bin:/usr/bin:/bin:/usr/sbin:/sbin:/var/run/com.apple.security.cryptexd/codex.system/bootstrap/usr/local/bin:/var/run/com.apple.security.cryptexd/codex.system/bootstrap/usr/bin:/var/run/com.apple.security.cryptexd/codex.system/bootstrap/usr/appleinternal/bin:/opt/pkg/env/active/bin:/opt/pmk/env/global/bin:/Library/Apple/usr/bin:/Library/TeX/texbin:/opt/homebrew/bin:/Users/aadityasingh/Library/Android/sdk/platform-tools
    export PATH_PREFIXES_EXCLUDED_FROM_HEADER_DEPENDENCIES\=/usr/include\ /usr/local/include\ /System/Library/Frameworks\ /System/Library/PrivateFrameworks\ /Applications/Xcode.app/Contents/Developer/Headers\ /Applications/Xcode.app/Contents/Developer/SDKs\ /Applications/Xcode.app/Contents/Developer/Platforms
    export PBDEVELOPMENTPLIST_PATH\=Chatlio.app/pbdevelopment.plist
    export PER_ARCH_MODULE_FILE_DIR\=/Users/aadityasingh/Library/Developer/Xcode/DerivedData/Chatlio-erkyzdeecsohoaggpwbjdvavzqfv/Build/Intermediates.noindex/Chatlio.build/Debug-iphonesimulator/Chatlio.build/Objects-normal/undefined_arch
    export PER_ARCH_OBJECT_FILE_DIR\=/Users/aadityasingh/Library/Developer/Xcode/DerivedData/Chatlio-erkyzdeecsohoaggpwbjdvavzqfv/Build/Intermediates.noindex/Chatlio.build/Debug-iphonesimulator/Chatlio.build/Objects-normal/undefined_arch
    export PER_VARIANT_OBJECT_FILE_DIR\=/Users/aadityasingh/Library/Developer/Xcode/DerivedData/Chatlio-erkyzdeecsohoaggpwbjdvavzqfv/Build/Intermediates.noindex/Chatlio.build/Debug-iphonesimulator/Chatlio.build/Objects-normal
    export PILLS_UT_TYPE_IDENTIFIER\=im.word.skin.chatlio.pills
    export PKGINFO_FILE_PATH\=/Users/aadityasingh/Library/Developer/Xcode/DerivedData/Chatlio-erkyzdeecsohoaggpwbjdvavzqfv/Build/Intermediates.noindex/Chatlio.build/Debug-iphonesimulator/Chatlio.build/PkgInfo
    export PKGINFO_PATH\=Chatlio.app/PkgInfo
    export PLATFORM_DEVELOPER_APPLICATIONS_DIR\=/Applications/Xcode.app/Contents/Developer/Platforms/iPhoneSimulator.platform/Developer/Applications
    export PLATFORM_DEVELOPER_BIN_DIR\=/Applications/Xcode.app/Contents/Developer/Platforms/iPhoneSimulator.platform/Developer/usr/bin
    export PLATFORM_DEVELOPER_LIBRARY_DIR\=/Applications/Xcode.app/Contents/Developer/Platforms/iPhoneSimulator.platform/Developer/Library
    export PLATFORM_DEVELOPER_SDK_DIR\=/Applications/Xcode.app/Contents/Developer/Platforms/iPhoneSimulator.platform/Developer/SDKs
    export PLATFORM_DEVELOPER_TOOLS_DIR\=/Applications/Xcode.app/Contents/Developer/Platforms/iPhoneSimulator.platform/Developer/Tools
    export PLATFORM_DEVELOPER_USR_DIR\=/Applications/Xcode.app/Contents/Developer/Platforms/iPhoneSimulator.platform/Developer/usr
    export PLATFORM_DIR\=/Applications/Xcode.app/Contents/Developer/Platforms/iPhoneSimulator.platform
    export PLATFORM_DISPLAY_NAME\=iOS\ Simulator
    export PLATFORM_FAMILY_NAME\=iOS
    export PLATFORM_NAME\=iphonesimulator
    export PLATFORM_PREFERRED_ARCH\=x86_64
    export PLATFORM_PRODUCT_BUILD_VERSION\=23E252
    export PLATFORM_REQUIRES_SWIFT_AUTOLINK_EXTRACT\=NO
    export PLATFORM_REQUIRES_SWIFT_MODULEWRAP\=NO
    export PLATFORM_USES_DSYMS\=YES
    export PLIST_FILE_OUTPUT_FORMAT\=binary
    export PLUGINS_FOLDER_PATH\=Chatlio.app/PlugIns
    export PRECOMPS_INCLUDE_HEADERS_FROM_BUILT_PRODUCTS_DIR\=YES
    export PRECOMP_DESTINATION_DIR\=/Users/aadityasingh/Library/Developer/Xcode/DerivedData/Chatlio-erkyzdeecsohoaggpwbjdvavzqfv/Build/Intermediates.noindex/Chatlio.build/Debug-iphonesimulator/Chatlio.build/PrefixHeaders
    export PRIVATE_HEADERS_FOLDER_PATH\=Chatlio.app/PrivateHeaders
    export PROCESSED_INFOPLIST_PATH\=/Users/aadityasingh/Library/Developer/Xcode/DerivedData/Chatlio-erkyzdeecsohoaggpwbjdvavzqfv/Build/Intermediates.noindex/Chatlio.build/Debug-iphonesimulator/Chatlio.build/Objects-normal/undefined_arch/Processed-Info.plist
    export PRODUCTION_APP_NAME\=Chatlio
    export PRODUCT_BUNDLE_IDENTIFIER\=im.word.skin.chatlio
    export PRODUCT_BUNDLE_PACKAGE_TYPE\=APPL
    export PRODUCT_MODULE_NAME\=Chatlio
    export PRODUCT_NAME\=Chatlio
    export PRODUCT_SETTINGS_PATH\=/Users/aadityasingh/Documents/Development/element-x-ios/Chatlio/SupportingFiles/Info.plist
    export PRODUCT_TYPE\=com.apple.product-type.application
    export PROFILING_CODE\=NO
    export PROJECT\=Chatlio
    export PROJECT_DERIVED_FILE_DIR\=/Users/aadityasingh/Library/Developer/Xcode/DerivedData/Chatlio-erkyzdeecsohoaggpwbjdvavzqfv/Build/Intermediates.noindex/Chatlio.build/DerivedSources
    export PROJECT_DIR\=/Users/aadityasingh/Documents/Development/element-x-ios
    export PROJECT_FILE_PATH\=/Users/aadityasingh/Documents/Development/element-x-ios/Chatlio.xcodeproj
    export PROJECT_GUID\=c0c2b8f6bf95e401ab7a73c0cdfb87e2
    export PROJECT_NAME\=Chatlio
    export PROJECT_TEMP_DIR\=/Users/aadityasingh/Library/Developer/Xcode/DerivedData/Chatlio-erkyzdeecsohoaggpwbjdvavzqfv/Build/Intermediates.noindex/Chatlio.build
    export PROJECT_TEMP_ROOT\=/Users/aadityasingh/Library/Developer/Xcode/DerivedData/Chatlio-erkyzdeecsohoaggpwbjdvavzqfv/Build/Intermediates.noindex
    export PROVISIONING_PROFILE_REQUIRED\=NO
    export PROVISIONING_PROFILE_REQUIRED_YES_YES\=YES
    export PROVISIONING_PROFILE_SUPPORTED\=YES
    export PUBLIC_HEADERS_FOLDER_PATH\=Chatlio.app/Headers
    export RECOMMENDED_IPHONEOS_DEPLOYMENT_TARGET\=15.0
    export RECURSIVE_SEARCH_PATHS_FOLLOW_SYMLINKS\=YES
    export REMOVE_CVS_FROM_RESOURCES\=YES
    export REMOVE_GIT_FROM_RESOURCES\=YES
    export REMOVE_HEADERS_FROM_EMBEDDED_BUNDLES\=YES
    export REMOVE_HG_FROM_RESOURCES\=YES
    export REMOVE_STATIC_EXECUTABLES_FROM_EMBEDDED_BUNDLES\=YES
    export REMOVE_SVN_FROM_RESOURCES\=YES
    export RESCHEDULE_INDEPENDENT_HEADERS_PHASES\=YES
    export REZ_COLLECTOR_DIR\=/Users/aadityasingh/Library/Developer/Xcode/DerivedData/Chatlio-erkyzdeecsohoaggpwbjdvavzqfv/Build/Intermediates.noindex/Chatlio.build/Debug-iphonesimulator/Chatlio.build/ResourceManagerResources
    export REZ_OBJECTS_DIR\=/Users/aadityasingh/Library/Developer/Xcode/DerivedData/Chatlio-erkyzdeecsohoaggpwbjdvavzqfv/Build/Intermediates.noindex/Chatlio.build/Debug-iphonesimulator/Chatlio.build/ResourceManagerResources/Objects
    export REZ_SEARCH_PATHS\=/Users/aadityasingh/Library/Developer/Xcode/DerivedData/Chatlio-erkyzdeecsohoaggpwbjdvavzqfv/Build/Products/Debug-iphonesimulator\ 
    export RPATH_ORIGIN\=@loader_path
    export RUNTIME_EXCEPTION_ALLOW_DYLD_ENVIRONMENT_VARIABLES\=NO
    export RUNTIME_EXCEPTION_ALLOW_JIT\=NO
    export RUNTIME_EXCEPTION_ALLOW_UNSIGNED_EXECUTABLE_MEMORY\=NO
    export RUNTIME_EXCEPTION_DEBUGGING_TOOL\=NO
    export RUNTIME_EXCEPTION_DISABLE_EXECUTABLE_PAGE_PROTECTION\=NO
    export RUNTIME_EXCEPTION_DISABLE_LIBRARY_VALIDATION\=NO
    export SCANNING_PCM_KEEP_CACHE_DIRECTORY\=YES
    export SCAN_ALL_SOURCE_FILES_FOR_INCLUDES\=NO
    export SCRIPTS_FOLDER_PATH\=Chatlio.app/Scripts
    export SCRIPT_INPUT_FILE_COUNT\=0
    export SCRIPT_INPUT_FILE_LIST_COUNT\=0
    export SCRIPT_OUTPUT_FILE_COUNT\=0
    export SCRIPT_OUTPUT_FILE_LIST_COUNT\=0
    export SDKROOT\=/Applications/Xcode.app/Contents/Developer/Platforms/iPhoneSimulator.platform/Developer/SDKs/iPhoneSimulator26.4.sdk
    export SDK_DIR\=/Applications/Xcode.app/Contents/Developer/Platforms/iPhoneSimulator.platform/Developer/SDKs/iPhoneSimulator26.4.sdk
    export SDK_DIR_iphonesimulator\=/Applications/Xcode.app/Contents/Developer/Platforms/iPhoneSimulator.platform/Developer/SDKs/iPhoneSimulator26.4.sdk
    export SDK_DIR_iphonesimulator26_4\=/Applications/Xcode.app/Contents/Developer/Platforms/iPhoneSimulator.platform/Developer/SDKs/iPhoneSimulator26.4.sdk
    export SDK_NAME\=iphonesimulator26.4
    export SDK_NAMES\=iphonesimulator26.4
    export SDK_PRODUCT_BUILD_VERSION\=23E252
    export SDK_STAT_CACHE_DIR\=/Users/aadityasingh/Library/Developer/Xcode/DerivedData
    export SDK_STAT_CACHE_ENABLE\=YES
    export SDK_STAT_CACHE_PATH\=/Users/aadityasingh/Library/Developer/Xcode/DerivedData/SDKStatCaches.noindex/iphonesimulator26.4-23E252-686eebb5dc1d8ecb277353a59184f4aa.sdkstatcache
    export SDK_VERSION\=26.4
    export SDK_VERSION_ACTUAL\=260400
    export SDK_VERSION_MAJOR\=260000
    export SDK_VERSION_MINOR\=260400
    export SED\=/usr/bin/sed
    export SEPARATE_STRIP\=NO
    export SEPARATE_SYMBOL_EDIT\=NO
    export SET_DIR_MODE_OWNER_GROUP\=YES
    export SET_FILE_MODE_OWNER_GROUP\=NO
    export SHALLOW_BUNDLE\=YES
    export SHALLOW_BUNDLE_TRIPLE\=ios-simulator
    export SHALLOW_BUNDLE_ios_macabi\=NO
    export SHALLOW_BUNDLE_macos\=NO
    export SHARED_DERIVED_FILE_DIR\=/Users/aadityasingh/Library/Developer/Xcode/DerivedData/Chatlio-erkyzdeecsohoaggpwbjdvavzqfv/Build/Products/Debug-iphonesimulator/DerivedSources
    export SHARED_FRAMEWORKS_FOLDER_PATH\=Chatlio.app/SharedFrameworks
    export SHARED_PRECOMPS_DIR\=/Users/aadityasingh/Library/Developer/Xcode/DerivedData/Chatlio-erkyzdeecsohoaggpwbjdvavzqfv/Build/Intermediates.noindex/PrecompiledHeaders
    export SHARED_SUPPORT_FOLDER_PATH\=Chatlio.app/SharedSupport
    export SKIP_INSTALL\=NO
    export SKIP_MERGEABLE_LIBRARY_BUNDLE_HOOK\=NO
    export SOURCE_ROOT\=/Users/aadityasingh/Documents/Development/element-x-ios
    export SRCROOT\=/Users/aadityasingh/Documents/Development/element-x-ios
    export STRINGSDATA_DIR\=/Users/aadityasingh/Library/Developer/Xcode/DerivedData/Chatlio-erkyzdeecsohoaggpwbjdvavzqfv/Build/Intermediates.noindex/Chatlio.build/Debug-iphonesimulator/Chatlio.build/Objects-normal/undefined_arch
    export STRINGSDATA_ROOT\=/Users/aadityasingh/Library/Developer/Xcode/DerivedData/Chatlio-erkyzdeecsohoaggpwbjdvavzqfv/Build/Intermediates.noindex/Chatlio.build/Debug-iphonesimulator/Chatlio.build
    export STRINGS_FILE_INFOPLIST_RENAME\=YES
    export STRINGS_FILE_OUTPUT_ENCODING\=binary
    export STRING_CATALOG_GENERATE_SYMBOLS\=NO
    export STRIP_BITCODE_FROM_COPIED_FILES\=NO
    export STRIP_INSTALLED_PRODUCT\=NO
    export STRIP_STYLE\=all
    export STRIP_SWIFT_SYMBOLS\=YES
    export SUPPORTED_DEVICE_FAMILIES\=1,2
    export SUPPORTED_PLATFORMS\=iphoneos\ iphonesimulator
    export SUPPORTS_MACCATALYST\=NO
    export SUPPORTS_ON_DEMAND_RESOURCES\=YES
    export SUPPORTS_TEXT_BASED_API\=NO
    export SUPPRESS_WARNINGS\=NO
    export SWIFT_ACTIVE_COMPILATION_CONDITIONS\=DEBUG
    export SWIFT_EMIT_CONST_VALUE_PROTOCOLS\=AnyResolverProviding\ AppEntity\ AppEnum\ AppExtension\ AppIntent\ AppIntentsPackage\ AppShortcutProviding\ AppShortcutsProvider\ AppUnionValue\ AppUnionValueCasesProviding\ DynamicOptionsProvider\ EntityQuery\ ExtensionPointDefining\ IntentValueQuery\ Resolver\ TransientEntity\ _AssistantIntentsProvider\ _GenerativeFunctionExtractable\ _IntentValueRepresentable
    export SWIFT_EMIT_LOC_STRINGS\=NO
    export SWIFT_ENABLE_EXPLICIT_MODULES\=YES
    export SWIFT_OBJC_BRIDGING_HEADER\=Chatlio/SupportingFiles/Chatlio-Bridging-Header.h
    export SWIFT_OBJC_INTERFACE_HEADER_NAME\=GeneratedInterface-Swift.h
    export SWIFT_OPTIMIZATION_LEVEL\=-Onone
    export SWIFT_PLATFORM_TARGET_PREFIX\=ios
    export SWIFT_RESPONSE_FILE_PATH_normal_arm64\=/Users/aadityasingh/Library/Developer/Xcode/DerivedData/Chatlio-erkyzdeecsohoaggpwbjdvavzqfv/Build/Intermediates.noindex/Chatlio.build/Debug-iphonesimulator/Chatlio.build/Objects-normal/arm64/Chatlio.SwiftFileList
    export SWIFT_VERSION\=5.0
    export SYMROOT\=/Users/aadityasingh/Library/Developer/Xcode/DerivedData/Chatlio-erkyzdeecsohoaggpwbjdvavzqfv/Build/Products
    export SYSTEM_ADMIN_APPS_DIR\=/Applications/Utilities
    export SYSTEM_APPS_DIR\=/Applications
    export SYSTEM_CORE_SERVICES_DIR\=/System/Library/CoreServices
    export SYSTEM_DEMOS_DIR\=/Applications/Extras
    export SYSTEM_DEVELOPER_APPS_DIR\=/Applications/Xcode.app/Contents/Developer/Applications
    export SYSTEM_DEVELOPER_BIN_DIR\=/Applications/Xcode.app/Contents/Developer/usr/bin
    export SYSTEM_DEVELOPER_DEMOS_DIR\=/Applications/Xcode.app/Contents/Developer/Applications/Utilities/Built\ Examples
    export SYSTEM_DEVELOPER_DIR\=/Applications/Xcode.app/Contents/Developer
    export SYSTEM_DEVELOPER_DOC_DIR\=/Applications/Xcode.app/Contents/Developer/ADC\ Reference\ Library
    export SYSTEM_DEVELOPER_GRAPHICS_TOOLS_DIR\=/Applications/Xcode.app/Contents/Developer/Applications/Graphics\ Tools
    export SYSTEM_DEVELOPER_JAVA_TOOLS_DIR\=/Applications/Xcode.app/Contents/Developer/Applications/Java\ Tools
    export SYSTEM_DEVELOPER_PERFORMANCE_TOOLS_DIR\=/Applications/Xcode.app/Contents/Developer/Applications/Performance\ Tools
    export SYSTEM_DEVELOPER_RELEASENOTES_DIR\=/Applications/Xcode.app/Contents/Developer/ADC\ Reference\ Library/releasenotes
    export SYSTEM_DEVELOPER_TOOLS\=/Applications/Xcode.app/Contents/Developer/Tools
    export SYSTEM_DEVELOPER_TOOLS_DOC_DIR\=/Applications/Xcode.app/Contents/Developer/ADC\ Reference\ Library/documentation/DeveloperTools
    export SYSTEM_DEVELOPER_TOOLS_RELEASENOTES_DIR\=/Applications/Xcode.app/Contents/Developer/ADC\ Reference\ Library/releasenotes/DeveloperTools
    export SYSTEM_DEVELOPER_USR_DIR\=/Applications/Xcode.app/Contents/Developer/usr
    export SYSTEM_DEVELOPER_UTILITIES_DIR\=/Applications/Xcode.app/Contents/Developer/Applications/Utilities
    export SYSTEM_DEXT_INSTALL_PATH\=/System/Library/DriverExtensions
    export SYSTEM_DOCUMENTATION_DIR\=/Library/Documentation
    export SYSTEM_EXTENSIONS_FOLDER_PATH\=Chatlio.app/SystemExtensions
    export SYSTEM_EXTENSIONS_FOLDER_PATH_SHALLOW_BUNDLE_NO\=Chatlio.app/Library/SystemExtensions
    export SYSTEM_EXTENSIONS_FOLDER_PATH_SHALLOW_BUNDLE_YES\=Chatlio.app/SystemExtensions
    export SYSTEM_KEXT_INSTALL_PATH\=/System/Library/Extensions
    export SYSTEM_LIBRARY_DIR\=/System/Library
    export TAPI_DEMANGLE\=YES
    export TAPI_ENABLE_PROJECT_HEADERS\=NO
    export TAPI_LANGUAGE\=objective-c
    export TAPI_LANGUAGE_STANDARD\=compiler-default
    export TAPI_USE_SRCROOT\=YES
    export TAPI_VERIFY_MODE\=Pedantic
    export TARGETED_DEVICE_FAMILY\=1,2
    export TARGETNAME\=Chatlio
    export TARGET_BUILD_DIR\=/Users/aadityasingh/Library/Developer/Xcode/DerivedData/Chatlio-erkyzdeecsohoaggpwbjdvavzqfv/Build/Products/Debug-iphonesimulator
    export TARGET_DEVICE_IDENTIFIER\=9A61A3BE-6F25-4DF4-9709-C0BF9F4EFE59
    export TARGET_DEVICE_MODEL\=iPad15,7
    export TARGET_DEVICE_OS_VERSION\=26.4.1
    export TARGET_DEVICE_PLATFORM_NAME\=iphonesimulator
    export TARGET_NAME\=Chatlio
    export TARGET_TEMP_DIR\=/Users/aadityasingh/Library/Developer/Xcode/DerivedData/Chatlio-erkyzdeecsohoaggpwbjdvavzqfv/Build/Intermediates.noindex/Chatlio.build/Debug-iphonesimulator/Chatlio.build
    export TEMP_DIR\=/Users/aadityasingh/Library/Developer/Xcode/DerivedData/Chatlio-erkyzdeecsohoaggpwbjdvavzqfv/Build/Intermediates.noindex/Chatlio.build/Debug-iphonesimulator/Chatlio.build
    export TEMP_FILES_DIR\=/Users/aadityasingh/Library/Developer/Xcode/DerivedData/Chatlio-erkyzdeecsohoaggpwbjdvavzqfv/Build/Intermediates.noindex/Chatlio.build/Debug-iphonesimulator/Chatlio.build
    export TEMP_FILE_DIR\=/Users/aadityasingh/Library/Developer/Xcode/DerivedData/Chatlio-erkyzdeecsohoaggpwbjdvavzqfv/Build/Intermediates.noindex/Chatlio.build/Debug-iphonesimulator/Chatlio.build
    export TEMP_ROOT\=/Users/aadityasingh/Library/Developer/Xcode/DerivedData/Chatlio-erkyzdeecsohoaggpwbjdvavzqfv/Build/Intermediates.noindex
    export TEMP_SANDBOX_DIR\=/Users/aadityasingh/Library/Developer/Xcode/DerivedData/Chatlio-erkyzdeecsohoaggpwbjdvavzqfv/Build/Intermediates.noindex/TemporaryTaskSandboxes
    export TEST_FRAMEWORK_SEARCH_PATHS\=\ /Applications/Xcode.app/Contents/Developer/Platforms/iPhoneSimulator.platform/Developer/Library/Frameworks\ /Applications/Xcode.app/Contents/Developer/Platforms/iPhoneSimulator.platform/Developer/SDKs/iPhoneSimulator26.4.sdk/Developer/Library/Frameworks
    export TEST_LIBRARY_SEARCH_PATHS\=\ /Applications/Xcode.app/Contents/Developer/Platforms/iPhoneSimulator.platform/Developer/usr/lib
    export TOOLCHAINS\=com.apple.dt.toolchain.XcodeDefault
    export TOOLCHAIN_DIR\=/Applications/Xcode.app/Contents/Developer/Toolchains/XcodeDefault.xctoolchain
    export TREAT_MISSING_BASELINES_AS_TEST_FAILURES\=NO
    export TREAT_MISSING_SCRIPT_PHASE_OUTPUTS_AS_ERRORS\=NO
    export TeamIdentifierPrefix\=7J4U792NQT.
    export UID\=501
    export UNINSTALLED_PRODUCTS_DIR\=/Users/aadityasingh/Library/Developer/Xcode/DerivedData/Chatlio-erkyzdeecsohoaggpwbjdvavzqfv/Build/Intermediates.noindex/UninstalledProducts
    export UNLOCALIZED_RESOURCES_FOLDER_PATH\=Chatlio.app
    export UNLOCALIZED_RESOURCES_FOLDER_PATH_SHALLOW_BUNDLE_NO\=Chatlio.app/Resources
    export UNLOCALIZED_RESOURCES_FOLDER_PATH_SHALLOW_BUNDLE_YES\=Chatlio.app
    export UNSTRIPPED_PRODUCT\=NO
    export USER\=aadityasingh
    export USER_APPS_DIR\=/Users/aadityasingh/Applications
    export USER_LIBRARY_DIR\=/Users/aadityasingh/Library
    export USE_DYNAMIC_NO_PIC\=YES
    export USE_HEADERMAP\=YES
    export USE_HEADER_SYMLINKS\=NO
    export VALIDATE_DEVELOPMENT_ASSET_PATHS\=YES_ERROR
    export VALIDATE_PRODUCT\=NO
    export VALID_ARCHS\=arm64\ x86_64
    export VERBOSE_PBXCP\=NO
    export VERSIONPLIST_PATH\=Chatlio.app/version.plist
    export VERSION_INFO_BUILDER\=aadityasingh
    export VERSION_INFO_FILE\=Chatlio_vers.c
    export VERSION_INFO_STRING\=\"@\(\#\)PROGRAM:Chatlio\ \ PROJECT:Chatlio-1\"
    export WORKSPACE_DIR\=/Users/aadityasingh/Documents/Development/element-x-ios/Chatlio.xcodeproj
    export WRAPPER_EXTENSION\=app
    export WRAPPER_NAME\=Chatlio.app
    export WRAPPER_SUFFIX\=.app
    export WRAP_ASSET_PACKS_IN_SEPARATE_DIRECTORIES\=NO
    export XCODE_APP_SUPPORT_DIR\=/Applications/Xcode.app/Contents/Developer/Library/Xcode
    export XCODE_PRODUCT_BUILD_VERSION\=17E202
    export XCODE_VERSION_ACTUAL\=2641
    export XCODE_VERSION_MAJOR\=2600
    export XCODE_VERSION_MINOR\=2640
    export XPCSERVICES_FOLDER_PATH\=Chatlio.app/XPCServices
    export YACC\=yacc
    export _DISCOVER_COMMAND_LINE_LINKER_INPUTS\=YES
    export _DISCOVER_COMMAND_LINE_LINKER_INPUTS_INCLUDE_WL\=YES
    export _LD_MULTIARCH\=YES
    export _WRAPPER_CONTENTS_DIR_SHALLOW_BUNDLE_NO\=/Contents
    export _WRAPPER_PARENT_PATH_SHALLOW_BUNDLE_NO\=/..
    export _WRAPPER_RESOURCES_DIR_SHALLOW_BUNDLE_NO\=/Resources
    export __DIAGNOSE_DEPRECATED_ARCHS\=YES
    export __IS_NOT_MACOS\=YES
    export __IS_NOT_MACOS_macosx\=NO
    export __IS_NOT_SIMULATOR\=NO
    export __IS_NOT_SIMULATOR_simulator\=NO
    export __ORIGINAL_SDK_DEFINED_LLVM_TARGET_TRIPLE_SYS\=ios
    export arch\=undefined_arch
    export variant\=normal
    /bin/sh -c /Users/aadityasingh/Library/Developer/Xcode/DerivedData/Chatlio-erkyzdeecsohoaggpwbjdvavzqfv/Build/Intermediates.noindex/Chatlio.build/Debug-iphonesimulator/Chatlio.build/Script-E6FCCA4375F6A467A3585034.sh
Using configuration file at 'Tools/Sourcery/AutoMockableConfig.yml'
Scanning sources...
Found 2307 types in 1026 files, 0 changed from last run.
Loading templates...
Loaded 1 templates.
Generating code...
Finished.
Processing time 1.04 seconds

PhaseScriptExecution 🧙\ Sourcery\ -\ Generate\ preview\ tests /Users/aadityasingh/Library/Developer/Xcode/DerivedData/Chatlio-erkyzdeecsohoaggpwbjdvavzqfv/Build/Intermediates.noindex/Chatlio.build/Debug-iphonesimulator/Chatlio.build/Script-4509B3BD2350960F9715A4BB.sh (in target 'Chatlio' from project 'Chatlio')
    cd /Users/aadityasingh/Documents/Development/element-x-ios
    export ACTION\=build
    export AD_HOC_CODE_SIGNING_ALLOWED\=YES
    export AGGREGATE_TRACKED_DOMAINS\=YES
    export ALLOW_BUILD_REQUEST_OVERRIDES\=NO
    export ALLOW_TARGET_PLATFORM_SPECIALIZATION\=NO
    export ALTERNATE_GROUP\=staff
    export ALTERNATE_MODE\=u+w,go-w,a+rX
    export ALTERNATE_OWNER\=aadityasingh
    export ALTERNATIVE_DISTRIBUTION_WEB\=NO
    export ALWAYS_EMBED_SWIFT_STANDARD_LIBRARIES\=NO
    export ALWAYS_SEARCH_USER_PATHS\=NO
    export ALWAYS_USE_SEPARATE_HEADERMAPS\=NO
    export APPLICATION_EXTENSION_API_ONLY\=NO
    export APPLY_RULES_IN_COPY_FILES\=NO
    export APPLY_RULES_IN_COPY_HEADERS\=NO
    export APP_DISPLAY_NAME\=Chatlio
    export APP_GROUP_IDENTIFIER\=group.word.skin
    export APP_NAME\=Chatlio
    export APP_SHORTCUTS_ENABLE_FLEXIBLE_MATCHING\=YES
    export ARCHS\=arm64
    export ARCHS_BASE\=arm64
    export ARCHS_STANDARD\=arm64\ x86_64
    export ARCHS_STANDARD_32_64_BIT\=arm64\ x86_64
    export ARCHS_STANDARD_64_BIT\=arm64\ x86_64
    export ARCHS_STANDARD_INCLUDING_64_BIT\=arm64\ x86_64
    export ARCHS_UNIVERSAL_IPHONE_OS\=arm64\ x86_64
    export ASSETCATALOG_COMPILER_APPICON_NAME\=AppIcon
    export ASSETCATALOG_COMPILER_GLOBAL_ACCENT_COLOR_NAME\=colors/accent-color
    export ASSETCATALOG_FILTER_FOR_DEVICE_MODEL\=iPad15,7
    export ASSETCATALOG_FILTER_FOR_DEVICE_OS_VERSION\=26.4.1
    export ASSETCATALOG_FILTER_FOR_THINNING_DEVICE_CONFIGURATION\=iPad15,7
    export AUTOMATICALLY_MERGE_DEPENDENCIES\=NO
    export AUTOMATION_APPLE_EVENTS\=NO
    export AVAILABLE_PLATFORMS\=android\ appletvos\ appletvsimulator\ driverkit\ freebsd\ iphoneos\ iphonesimulator\ linux\ macosx\ none\ openbsd\ qnx\ watchos\ watchsimulator\ webassembly\ xros\ xrsimulator
    export AppIdentifierPrefix\=7J4U792NQT.
    export BASE_BUNDLE_IDENTIFIER\=im.word.skin.chatlio
    export BUILD_ACTIVE_RESOURCES_ONLY\=YES
    export BUILD_COMPONENTS\=headers\ build
    export BUILD_DIR\=/Users/aadityasingh/Library/Developer/Xcode/DerivedData/Chatlio-erkyzdeecsohoaggpwbjdvavzqfv/Build/Products
    export BUILD_LIBRARY_FOR_DISTRIBUTION\=NO
    export BUILD_ONLY_KNOWN_LOCALIZATIONS\=NO
    export BUILD_ROOT\=/Users/aadityasingh/Library/Developer/Xcode/DerivedData/Chatlio-erkyzdeecsohoaggpwbjdvavzqfv/Build/Products
    export BUILD_STYLE\=
    export BUILD_VARIANTS\=normal
    export BUILT_PRODUCTS_DIR\=/Users/aadityasingh/Library/Developer/Xcode/DerivedData/Chatlio-erkyzdeecsohoaggpwbjdvavzqfv/Build/Products/Debug-iphonesimulator
    export BUNDLE_CONTENTS_FOLDER_PATH_deep\=Contents/
    export BUNDLE_EXECUTABLE_FOLDER_NAME_deep\=MacOS
    export BUNDLE_EXTENSIONS_FOLDER_PATH\=Extensions
    export BUNDLE_FORMAT\=shallow
    export BUNDLE_FRAMEWORKS_FOLDER_PATH\=Frameworks
    export BUNDLE_PLUGINS_FOLDER_PATH\=PlugIns
    export BUNDLE_PRIVATE_HEADERS_FOLDER_PATH\=PrivateHeaders
    export BUNDLE_PUBLIC_HEADERS_FOLDER_PATH\=Headers
    export CACHE_ROOT\=/var/folders/_t/vvs65kln6v17b8_zbbg6qz5r0000gn/C/com.apple.DeveloperTools/26.4.1-17E202/Xcode
    export CCHROOT\=/var/folders/_t/vvs65kln6v17b8_zbbg6qz5r0000gn/C/com.apple.DeveloperTools/26.4.1-17E202/Xcode
    export CHMOD\=/bin/chmod
    export CHOWN\=chown
    export CLANG_ANALYZER_LOCALIZABILITY_NONLOCALIZED\=YES
    export CLANG_ANALYZER_NONNULL\=YES
    export CLANG_ANALYZER_NUMBER_OBJECT_CONVERSION\=YES_AGGRESSIVE
    export CLANG_CACHE_FINE_GRAINED_OUTPUTS\=YES
    export CLANG_COVERAGE_MAPPING\=YES
    export CLANG_CXX_LANGUAGE_STANDARD\=gnu++14
    export CLANG_CXX_LIBRARY\=libc++
    export CLANG_ENABLE_EXPLICIT_MODULES\=YES
    export CLANG_ENABLE_MODULES\=YES
    export CLANG_ENABLE_OBJC_ARC\=YES
    export CLANG_ENABLE_OBJC_WEAK\=YES
    export CLANG_MODULES_BUILD_SESSION_FILE\=/Users/aadityasingh/Library/Developer/Xcode/DerivedData/ModuleCache.noindex/Session.modulevalidation
    export CLANG_PROFILE_DATA_DIRECTORY\=/Users/aadityasingh/Library/Developer/Xcode/DerivedData/Chatlio-erkyzdeecsohoaggpwbjdvavzqfv/Build/ProfileData
    export CLANG_WARN_BLOCK_CAPTURE_AUTORELEASING\=YES
    export CLANG_WARN_BOOL_CONVERSION\=YES
    export CLANG_WARN_COMMA\=YES
    export CLANG_WARN_CONSTANT_CONVERSION\=YES
    export CLANG_WARN_DEPRECATED_OBJC_IMPLEMENTATIONS\=YES
    export CLANG_WARN_DIRECT_OBJC_ISA_USAGE\=YES_ERROR
    export CLANG_WARN_DOCUMENTATION_COMMENTS\=YES
    export CLANG_WARN_EMPTY_BODY\=YES
    export CLANG_WARN_ENUM_CONVERSION\=YES
    export CLANG_WARN_INFINITE_RECURSION\=YES
    export CLANG_WARN_INT_CONVERSION\=YES
    export CLANG_WARN_NON_LITERAL_NULL_CONVERSION\=YES
    export CLANG_WARN_OBJC_IMPLICIT_RETAIN_SELF\=YES
    export CLANG_WARN_OBJC_LITERAL_CONVERSION\=YES
    export CLANG_WARN_OBJC_ROOT_CLASS\=YES_ERROR
    export CLANG_WARN_QUOTED_INCLUDE_IN_FRAMEWORK_HEADER\=YES
    export CLANG_WARN_RANGE_LOOP_ANALYSIS\=YES
    export CLANG_WARN_STRICT_PROTOTYPES\=YES
    export CLANG_WARN_SUSPICIOUS_MOVE\=YES
    export CLANG_WARN_UNGUARDED_AVAILABILITY\=YES_AGGRESSIVE
    export CLANG_WARN_UNREACHABLE_CODE\=YES
    export CLANG_WARN__DUPLICATE_METHOD_MATCH\=YES
    export CLASSIC_APP_GROUP_IDENTIFIER\=group.im.vector
    export CLASSIC_APP_KEYCHAIN_ACCESS_GROUP_IDENTIFIER\=7J4U792NQT.im.vector.app.keychain.shared
    export CLASSIC_APP_KEYCHAIN_SERVICE_IDENTIFIER\=im.vector.app.encryption-manager-service
    export CLASS_FILE_DIR\=/Users/aadityasingh/Library/Developer/Xcode/DerivedData/Chatlio-erkyzdeecsohoaggpwbjdvavzqfv/Build/Intermediates.noindex/Chatlio.build/Debug-iphonesimulator/Chatlio.build/JavaClasses
    export CLEAN_PRECOMPS\=YES
    export CLONE_HEADERS\=NO
    export CODESIGNING_FOLDER_PATH\=/Users/aadityasingh/Library/Developer/Xcode/DerivedData/Chatlio-erkyzdeecsohoaggpwbjdvavzqfv/Build/Products/Debug-iphonesimulator/Chatlio.app
    export CODE_SIGNING_ALLOWED\=YES
    export CODE_SIGNING_REQUIRED\=YES
    export CODE_SIGN_CONTEXT_CLASS\=XCiPhoneSimulatorCodeSignContext
    export CODE_SIGN_ENTITLEMENTS\=Chatlio/SupportingFiles/Chatlio.entitlements
    export CODE_SIGN_IDENTITY\=iPhone\ Developer
    export CODE_SIGN_INJECT_BASE_ENTITLEMENTS\=YES
    export COLOR_DIAGNOSTICS\=NO
    export COMBINE_HIDPI_IMAGES\=NO
    export COMPILATION_CACHE_CAS_PATH\=/Users/aadityasingh/Library/Developer/Xcode/DerivedData/CompilationCache.noindex
    export COMPILATION_CACHE_KEEP_CAS_DIRECTORY\=YES
    export COMPILER_INDEX_STORE_ENABLE\=Default
    export COMPOSITE_SDK_DIRS\=/Users/aadityasingh/Library/Developer/Xcode/DerivedData/Chatlio-erkyzdeecsohoaggpwbjdvavzqfv/Build/Intermediates.noindex/CompositeSDKs
    export COMPRESS_PNG_FILES\=YES
    export CONFIGURATION\=Debug
    export CONFIGURATION_BUILD_DIR\=/Users/aadityasingh/Library/Developer/Xcode/DerivedData/Chatlio-erkyzdeecsohoaggpwbjdvavzqfv/Build/Products/Debug-iphonesimulator
    export CONFIGURATION_TEMP_DIR\=/Users/aadityasingh/Library/Developer/Xcode/DerivedData/Chatlio-erkyzdeecsohoaggpwbjdvavzqfv/Build/Intermediates.noindex/Chatlio.build/Debug-iphonesimulator
    export CONTENTS_FOLDER_PATH\=Chatlio.app
    export CONTENTS_FOLDER_PATH_SHALLOW_BUNDLE_NO\=Chatlio.app/Contents
    export CONTENTS_FOLDER_PATH_SHALLOW_BUNDLE_YES\=Chatlio.app
    export COPYING_PRESERVES_HFS_DATA\=NO
    export COPY_HEADERS_RUN_UNIFDEF\=NO
    export COPY_PHASE_STRIP\=NO
    export CORRESPONDING_DEVICE_PLATFORM_DIR\=/Applications/Xcode.app/Contents/Developer/Platforms/iPhoneOS.platform
    export CORRESPONDING_DEVICE_PLATFORM_NAME\=iphoneos
    export CORRESPONDING_DEVICE_SDK_DIR\=/Applications/Xcode.app/Contents/Developer/Platforms/iPhoneOS.platform/Developer/SDKs/iPhoneOS26.4.sdk
    export CORRESPONDING_DEVICE_SDK_NAME\=iphoneos26.4
    export CP\=/bin/cp
    export CREATE_INFOPLIST_SECTION_IN_BINARY\=NO
    export CURRENT_ARCH\=undefined_arch
    export CURRENT_PROJECT_VERSION\=1
    export CURRENT_VARIANT\=normal
    export DEAD_CODE_STRIPPING\=YES
    export DEBUGGING_SYMBOLS\=YES
    export DEBUG_INFORMATION_FORMAT\=dwarf-with-dsym
    export DEBUG_INFORMATION_VERSION\=compiler-default
    export DEFAULT_COMPILER\=com.apple.compilers.llvm.clang.1_0
    export DEFAULT_DEXT_INSTALL_PATH\=/System/Library/DriverExtensions
    export DEFAULT_KEXT_INSTALL_PATH\=/System/Library/Extensions
    export DEFINES_MODULE\=NO
    export DEPLOYMENT_LOCATION\=NO
    export DEPLOYMENT_POSTPROCESSING\=NO
    export DEPLOYMENT_TARGET_SETTING_NAME\=IPHONEOS_DEPLOYMENT_TARGET
    export DEPLOYMENT_TARGET_SUGGESTED_VALUES\=12.0\ 12.1\ 12.2\ 12.3\ 12.4\ 13.0\ 13.1\ 13.2\ 13.3\ 13.4\ 13.5\ 13.6\ 14.0\ 14.1\ 14.2\ 14.3\ 14.4\ 14.5\ 14.6\ 14.7\ 15.0\ 15.1\ 15.2\ 15.3\ 15.4\ 15.5\ 15.6\ 16.0\ 16.1\ 16.2\ 16.3\ 16.4\ 16.5\ 16.6\ 17.0\ 17.1\ 17.2\ 17.3\ 17.4\ 17.5\ 17.6\ 18.0\ 18.1\ 18.2\ 18.3\ 18.4\ 18.5\ 18.6\ 26.0\ 26.2\ 26.3\ 26.4
    export DERIVED_FILES_DIR\=/Users/aadityasingh/Library/Developer/Xcode/DerivedData/Chatlio-erkyzdeecsohoaggpwbjdvavzqfv/Build/Intermediates.noindex/Chatlio.build/Debug-iphonesimulator/Chatlio.build/DerivedSources
    export DERIVED_FILE_DIR\=/Users/aadityasingh/Library/Developer/Xcode/DerivedData/Chatlio-erkyzdeecsohoaggpwbjdvavzqfv/Build/Intermediates.noindex/Chatlio.build/Debug-iphonesimulator/Chatlio.build/DerivedSources
    export DERIVED_SOURCES_DIR\=/Users/aadityasingh/Library/Developer/Xcode/DerivedData/Chatlio-erkyzdeecsohoaggpwbjdvavzqfv/Build/Intermediates.noindex/Chatlio.build/Debug-iphonesimulator/Chatlio.build/DerivedSources
    export DEVELOPER_APPLICATIONS_DIR\=/Applications/Xcode.app/Contents/Developer/Applications
    export DEVELOPER_BIN_DIR\=/Applications/Xcode.app/Contents/Developer/usr/bin
    export DEVELOPER_DIR\=/Applications/Xcode.app/Contents/Developer
    export DEVELOPER_FRAMEWORKS_DIR\=/Applications/Xcode.app/Contents/Developer/Library/Frameworks
    export DEVELOPER_FRAMEWORKS_DIR_QUOTED\=/Applications/Xcode.app/Contents/Developer/Library/Frameworks
    export DEVELOPER_LIBRARY_DIR\=/Applications/Xcode.app/Contents/Developer/Library
    export DEVELOPER_SDK_DIR\=/Applications/Xcode.app/Contents/Developer/Platforms/MacOSX.platform/Developer/SDKs
    export DEVELOPER_TOOLS_DIR\=/Applications/Xcode.app/Contents/Developer/Tools
    export DEVELOPER_USR_DIR\=/Applications/Xcode.app/Contents/Developer/usr
    export DEVELOPMENT_ASSET_PATHS\=DevelopmentAssets/Media
    export DEVELOPMENT_LANGUAGE\=en
    export DEVELOPMENT_TEAM\=7J4U792NQT
    export DIAGNOSE_MISSING_TARGET_DEPENDENCIES\=YES
    export DIFF\=/usr/bin/diff
    export DOCUMENTATION_FOLDER_PATH\=Chatlio.app/en.lproj/Documentation
    export DONT_GENERATE_INFOPLIST_FILE\=NO
    export DSTROOT\=/tmp/Chatlio.dst
    export DT_TOOLCHAIN_DIR\=/Applications/Xcode.app/Contents/Developer/Toolchains/XcodeDefault.xctoolchain
    export DUMP_DEPENDENCIES\=NO
    export DUMP_DEPENDENCIES_OUTPUT_PATH\=/Users/aadityasingh/Library/Developer/Xcode/DerivedData/Chatlio-erkyzdeecsohoaggpwbjdvavzqfv/Build/Intermediates.noindex/Chatlio.build/Debug-iphonesimulator/Chatlio.build/Chatlio-BuildDependencyInfo.json
    export DWARF_DSYM_FILE_NAME\=Chatlio.app.dSYM
    export DWARF_DSYM_FILE_SHOULD_ACCOMPANY_PRODUCT\=NO
    export DWARF_DSYM_FOLDER_PATH\=/Users/aadityasingh/Library/Developer/Xcode/DerivedData/Chatlio-erkyzdeecsohoaggpwbjdvavzqfv/Build/Products/Debug-iphonesimulator
    export DYNAMIC_LIBRARY_EXTENSION\=dylib
    export EAGER_COMPILATION_ALLOW_SCRIPTS\=NO
    export EAGER_LINKING\=NO
    export EFFECTIVE_PLATFORM_NAME\=-iphonesimulator
    export EFFECTIVE_SWIFT_VERSION\=5
    export EMBEDDED_CONTENT_CONTAINS_SWIFT\=NO
    export EMBED_ASSET_PACKS_IN_PRODUCT_BUNDLE\=NO
    export EMBED_PACKAGE_RESOURCE_BUNDLE_NAMES\=\ DTCoreText_DTCoreText\ Emojibase_Emojibase\ PostHog_PostHog\ Kingfisher_Kingfisher\ EmbeddedElementCall_EmbeddedElementCall\ DeviceKit_DeviceKit\ CompoundDesignTokens_CompoundDesignTokens
    export ENABLE_APP_SANDBOX\=NO
    export ENABLE_BITCODE\=NO
    export ENABLE_CODE_COVERAGE\=YES
    export ENABLE_COHORT_ARCHS\=NO
    export ENABLE_CPLUSPLUS_BOUNDS_SAFE_BUFFERS\=NO
    export ENABLE_C_BOUNDS_SAFETY\=NO
    export ENABLE_DEBUG_DYLIB\=YES
    export ENABLE_DEFAULT_HEADER_SEARCH_PATHS\=YES
    export ENABLE_DEFAULT_SEARCH_PATHS\=YES
    export ENABLE_ENHANCED_SECURITY\=NO
    export ENABLE_HARDENED_RUNTIME\=NO
    export ENABLE_HEADER_DEPENDENCIES\=YES
    export ENABLE_INCOMING_NETWORK_CONNECTIONS\=NO
    export ENABLE_ON_DEMAND_RESOURCES\=YES
    export ENABLE_OUTGOING_NETWORK_CONNECTIONS\=NO
    export ENABLE_POINTER_AUTHENTICATION\=NO
    export ENABLE_PREVIEWS\=NO
    export ENABLE_RESOURCE_ACCESS_AUDIO_INPUT\=NO
    export ENABLE_RESOURCE_ACCESS_BLUETOOTH\=NO
    export ENABLE_RESOURCE_ACCESS_CALENDARS\=NO
    export ENABLE_RESOURCE_ACCESS_CAMERA\=NO
    export ENABLE_RESOURCE_ACCESS_CONTACTS\=NO
    export ENABLE_RESOURCE_ACCESS_LOCATION\=NO
    export ENABLE_RESOURCE_ACCESS_PHOTO_LIBRARY\=NO
    export ENABLE_RESOURCE_ACCESS_PRINTING\=NO
    export ENABLE_RESOURCE_ACCESS_USB\=NO
    export ENABLE_SDK_IMPORTS\=NO
    export ENABLE_SECURITY_COMPILER_WARNINGS\=NO
    export ENABLE_STRICT_OBJC_MSGSEND\=YES
    export ENABLE_TESTABILITY\=YES
    export ENABLE_TESTING_SEARCH_PATHS\=NO
    export ENABLE_USER_SCRIPT_SANDBOXING\=NO
    export ENABLE_XOJIT_PREVIEWS\=YES
    export ENFORCE_VALID_ARCHS\=YES
    export ENTITLEMENTS_ALLOWED\=NO
    export ENTITLEMENTS_DESTINATION\=__entitlements
    export ENTITLEMENTS_REQUIRED\=NO
    export EXCLUDED_INSTALLSRC_SUBDIRECTORY_PATTERNS\=.DS_Store\ .svn\ .git\ .hg\ CVS
    export EXCLUDED_RECURSIVE_SEARCH_PATH_SUBDIRECTORIES\=\*.nib\ \*.lproj\ \*.framework\ \*.gch\ \*.xcode\*\ \*.xcassets\ \*.icon\ \(\*\)\ .DS_Store\ CVS\ .svn\ .git\ .hg\ \*.pbproj\ \*.pbxproj
    export EXECUTABLES_FOLDER_PATH\=Chatlio.app/Executables
    export EXECUTABLE_BLANK_INJECTION_DYLIB_PATH\=Chatlio.app/__preview.dylib
    export EXECUTABLE_DEBUG_DYLIB_INSTALL_NAME\=@rpath/Chatlio.debug.dylib
    export EXECUTABLE_DEBUG_DYLIB_PATH\=Chatlio.app/Chatlio.debug.dylib
    export EXECUTABLE_FOLDER_PATH\=Chatlio.app
    export EXECUTABLE_FOLDER_PATH_SHALLOW_BUNDLE_NO\=Chatlio.app/MacOS
    export EXECUTABLE_FOLDER_PATH_SHALLOW_BUNDLE_YES\=Chatlio.app
    export EXECUTABLE_NAME\=Chatlio
    export EXECUTABLE_PATH\=Chatlio.app/Chatlio
    export EXPANDED_CODE_SIGN_IDENTITY\=-
    export EXPANDED_CODE_SIGN_IDENTITY_NAME\=Sign\ to\ Run\ Locally
    export EXTENSIONS_FOLDER_PATH\=Chatlio.app/Extensions
    export FILE_LIST\=/Users/aadityasingh/Library/Developer/Xcode/DerivedData/Chatlio-erkyzdeecsohoaggpwbjdvavzqfv/Build/Intermediates.noindex/Chatlio.build/Debug-iphonesimulator/Chatlio.build/Objects/LinkFileList
    export FIXED_FILES_DIR\=/Users/aadityasingh/Library/Developer/Xcode/DerivedData/Chatlio-erkyzdeecsohoaggpwbjdvavzqfv/Build/Intermediates.noindex/Chatlio.build/Debug-iphonesimulator/Chatlio.build/FixedFiles
    export FRAMEWORKS_FOLDER_PATH\=Chatlio.app/Frameworks
    export FRAMEWORK_FLAG_PREFIX\=-framework
    export FRAMEWORK_SEARCH_PATHS\=/Users/aadityasingh/Library/Developer/Xcode/DerivedData/Chatlio-erkyzdeecsohoaggpwbjdvavzqfv/Build/Products/Debug-iphonesimulator/PackageFrameworks\ /Users/aadityasingh/Library/Developer/Xcode/DerivedData/Chatlio-erkyzdeecsohoaggpwbjdvavzqfv/Build/Products/Debug-iphonesimulator/PackageFrameworks\ /Users/aadityasingh/Library/Developer/Xcode/DerivedData/Chatlio-erkyzdeecsohoaggpwbjdvavzqfv/Build/Products/Debug-iphonesimulator/PackageFrameworks\ /Users/aadityasingh/Library/Developer/Xcode/DerivedData/Chatlio-erkyzdeecsohoaggpwbjdvavzqfv/Build/Products/Debug-iphonesimulator/PackageFrameworks\ /Users/aadityasingh/Library/Developer/Xcode/DerivedData/Chatlio-erkyzdeecsohoaggpwbjdvavzqfv/Build/Products/Debug-iphonesimulator/PackageFrameworks\ /Users/aadityasingh/Library/Developer/Xcode/DerivedData/Chatlio-erkyzdeecsohoaggpwbjdvavzqfv/Build/Products/Debug-iphonesimulator/PackageFrameworks\ /Users/aadityasingh/Library/Developer/Xcode/DerivedData/Chatlio-erkyzdeecsohoaggpwbjdvavzqfv/Build/Products/Debug-iphonesimulator/PackageFrameworks\ /Users/aadityasingh/Library/Developer/Xcode/DerivedData/Chatlio-erkyzdeecsohoaggpwbjdvavzqfv/Build/Products/Debug-iphonesimulator/PackageFrameworks\ /Users/aadityasingh/Library/Developer/Xcode/DerivedData/Chatlio-erkyzdeecsohoaggpwbjdvavzqfv/Build/Products/Debug-iphonesimulator/PackageFrameworks\ /Users/aadityasingh/Library/Developer/Xcode/DerivedData/Chatlio-erkyzdeecsohoaggpwbjdvavzqfv/Build/Products/Debug-iphonesimulator/PackageFrameworks\ /Users/aadityasingh/Library/Developer/Xcode/DerivedData/Chatlio-erkyzdeecsohoaggpwbjdvavzqfv/Build/Products/Debug-iphonesimulator/PackageFrameworks\ /Users/aadityasingh/Library/Developer/Xcode/DerivedData/Chatlio-erkyzdeecsohoaggpwbjdvavzqfv/Build/Products/Debug-iphonesimulator/PackageFrameworks\ /Users/aadityasingh/Library/Developer/Xcode/DerivedData/Chatlio-erkyzdeecsohoaggpwbjdvavzqfv/Build/Products/Debug-iphonesimulator/PackageFrameworks\ /Users/aadityasingh/Library/Developer/Xcode/DerivedData/Chatlio-erkyzdeecsohoaggpwbjdvavzqfv/Build/Products/Debug-iphonesimulator/PackageFrameworks\ /Users/aadityasingh/Library/Developer/Xcode/DerivedData/Chatlio-erkyzdeecsohoaggpwbjdvavzqfv/Build/Products/Debug-iphonesimulator/PackageFrameworks\ /Users/aadityasingh/Library/Developer/Xcode/DerivedData/Chatlio-erkyzdeecsohoaggpwbjdvavzqfv/Build/Products/Debug-iphonesimulator/PackageFrameworks\ /Users/aadityasingh/Library/Developer/Xcode/DerivedData/Chatlio-erkyzdeecsohoaggpwbjdvavzqfv/Build/Products/Debug-iphonesimulator/PackageFrameworks\ /Users/aadityasingh/Library/Developer/Xcode/DerivedData/Chatlio-erkyzdeecsohoaggpwbjdvavzqfv/Build/Products/Debug-iphonesimulator/PackageFrameworks\ /Users/aadityasingh/Library/Developer/Xcode/DerivedData/Chatlio-erkyzdeecsohoaggpwbjdvavzqfv/Build/Products/Debug-iphonesimulator/PackageFrameworks\ /Users/aadityasingh/Library/Developer/Xcode/DerivedData/Chatlio-erkyzdeecsohoaggpwbjdvavzqfv/Build/Products/Debug-iphonesimulator/PackageFrameworks\ /Users/aadityasingh/Library/Developer/Xcode/DerivedData/Chatlio-erkyzdeecsohoaggpwbjdvavzqfv/Build/Products/Debug-iphonesimulator/PackageFrameworks\ /Users/aadityasingh/Library/Developer/Xcode/DerivedData/Chatlio-erkyzdeecsohoaggpwbjdvavzqfv/Build/Products/Debug-iphonesimulator/PackageFrameworks\ /Users/aadityasingh/Library/Developer/Xcode/DerivedData/Chatlio-erkyzdeecsohoaggpwbjdvavzqfv/Build/Products/Debug-iphonesimulator/PackageFrameworks\ /Users/aadityasingh/Library/Developer/Xcode/DerivedData/Chatlio-erkyzdeecsohoaggpwbjdvavzqfv/Build/Products/Debug-iphonesimulator/PackageFrameworks\ /Users/aadityasingh/Library/Developer/Xcode/DerivedData/Chatlio-erkyzdeecsohoaggpwbjdvavzqfv/Build/Products/Debug-iphonesimulator/PackageFrameworks\ /Users/aadityasingh/Library/Developer/Xcode/DerivedData/Chatlio-erkyzdeecsohoaggpwbjdvavzqfv/Build/Products/Debug-iphonesimulator/PackageFrameworks\ /Users/aadityasingh/Library/Developer/Xcode/DerivedData/Chatlio-erkyzdeecsohoaggpwbjdvavzqfv/Build/Products/Debug-iphonesimulator/PackageFrameworks\ /Users/aadityasingh/Library/Developer/Xcode/DerivedData/Chatlio-erkyzdeecsohoaggpwbjdvavzqfv/Build/Products/Debug-iphonesimulator/PackageFrameworks\ /Users/aadityasingh/Library/Developer/Xcode/DerivedData/Chatlio-erkyzdeecsohoaggpwbjdvavzqfv/Build/Products/Debug-iphonesimulator/PackageFrameworks\ /Users/aadityasingh/Library/Developer/Xcode/DerivedData/Chatlio-erkyzdeecsohoaggpwbjdvavzqfv/Build/Products/Debug-iphonesimulator/PackageFrameworks\ /Users/aadityasingh/Library/Developer/Xcode/DerivedData/Chatlio-erkyzdeecsohoaggpwbjdvavzqfv/Build/Products/Debug-iphonesimulator/PackageFrameworks\ /Users/aadityasingh/Library/Developer/Xcode/DerivedData/Chatlio-erkyzdeecsohoaggpwbjdvavzqfv/Build/Products/Debug-iphonesimulator/PackageFrameworks\ /Users/aadityasingh/Library/Developer/Xcode/DerivedData/Chatlio-erkyzdeecsohoaggpwbjdvavzqfv/Build/Products/Debug-iphonesimulator/PackageFrameworks\ /Users/aadityasingh/Library/Developer/Xcode/DerivedData/Chatlio-erkyzdeecsohoaggpwbjdvavzqfv/Build/Products/Debug-iphonesimulator/PackageFrameworks\ /Users/aadityasingh/Library/Developer/Xcode/DerivedData/Chatlio-erkyzdeecsohoaggpwbjdvavzqfv/Build/Products/Debug-iphonesimulator/PackageFrameworks\ /Users/aadityasingh/Library/Developer/Xcode/DerivedData/Chatlio-erkyzdeecsohoaggpwbjdvavzqfv/Build/Products/Debug-iphonesimulator/PackageFrameworks\ /Users/aadityasingh/Library/Developer/Xcode/DerivedData/Chatlio-erkyzdeecsohoaggpwbjdvavzqfv/Build/Products/Debug-iphonesimulator/PackageFrameworks\ /Users/aadityasingh/Library/Developer/Xcode/DerivedData/Chatlio-erkyzdeecsohoaggpwbjdvavzqfv/Build/Products/Debug-iphonesimulator/PackageFrameworks\ /Users/aadityasingh/Library/Developer/Xcode/DerivedData/Chatlio-erkyzdeecsohoaggpwbjdvavzqfv/Build/Products/Debug-iphonesimulator/PackageFrameworks\ /Users/aadityasingh/Library/Developer/Xcode/DerivedData/Chatlio-erkyzdeecsohoaggpwbjdvavzqfv/Build/Products/Debug-iphonesimulator/PackageFrameworks\ /Users/aadityasingh/Library/Developer/Xcode/DerivedData/Chatlio-erkyzdeecsohoaggpwbjdvavzqfv/Build/Products/Debug-iphonesimulator/PackageFrameworks\ /Users/aadityasingh/Library/Developer/Xcode/DerivedData/Chatlio-erkyzdeecsohoaggpwbjdvavzqfv/Build/Products/Debug-iphonesimulator/PackageFrameworks\ /Users/aadityasingh/Library/Developer/Xcode/DerivedData/Chatlio-erkyzdeecsohoaggpwbjdvavzqfv/Build/Products/Debug-iphonesimulator/PackageFrameworks\ /Users/aadityasingh/Library/Developer/Xcode/DerivedData/Chatlio-erkyzdeecsohoaggpwbjdvavzqfv/Build/Products/Debug-iphonesimulator/PackageFrameworks\ /Users/aadityasingh/Library/Developer/Xcode/DerivedData/Chatlio-erkyzdeecsohoaggpwbjdvavzqfv/Build/Products/Debug-iphonesimulator/PackageFrameworks\ /Users/aadityasingh/Library/Developer/Xcode/DerivedData/Chatlio-erkyzdeecsohoaggpwbjdvavzqfv/Build/Products/Debug-iphonesimulator/PackageFrameworks\ /Users/aadityasingh/Library/Developer/Xcode/DerivedData/Chatlio-erkyzdeecsohoaggpwbjdvavzqfv/Build/Products/Debug-iphonesimulator/PackageFrameworks\ /Users/aadityasingh/Library/Developer/Xcode/DerivedData/Chatlio-erkyzdeecsohoaggpwbjdvavzqfv/Build/Products/Debug-iphonesimulator\ 
    export FRAMEWORK_VERSION\=A
    export FULL_PRODUCT_NAME\=Chatlio.app
    export FUSE_BUILD_PHASES\=YES
    export FUSE_BUILD_SCRIPT_PHASES\=NO
    export GCC3_VERSION\=3.3
    export GCC_C_LANGUAGE_STANDARD\=gnu11
    export GCC_DYNAMIC_NO_PIC\=NO
    export GCC_INLINES_ARE_PRIVATE_EXTERN\=YES
    export GCC_NO_COMMON_BLOCKS\=YES
    export GCC_OBJC_LEGACY_DISPATCH\=YES
    export GCC_OPTIMIZATION_LEVEL\=0
    export GCC_PFE_FILE_C_DIALECTS\=c\ objective-c\ c++\ objective-c++
    export GCC_PREPROCESSOR_DEFINITIONS\=\ DEBUG\=1
    export GCC_SYMBOLS_PRIVATE_EXTERN\=NO
    export GCC_TREAT_WARNINGS_AS_ERRORS\=NO
    export GCC_VERSION\=com.apple.compilers.llvm.clang.1_0
    export GCC_VERSION_IDENTIFIER\=com_apple_compilers_llvm_clang_1_0
    export GCC_WARN_64_TO_32_BIT_CONVERSION\=YES
    export GCC_WARN_ABOUT_RETURN_TYPE\=YES_ERROR
    export GCC_WARN_UNDECLARED_SELECTOR\=YES
    export GCC_WARN_UNINITIALIZED_AUTOS\=YES_AGGRESSIVE
    export GCC_WARN_UNUSED_FUNCTION\=YES
    export GCC_WARN_UNUSED_VARIABLE\=YES
    export GENERATED_MODULEMAP_DIR\=/Users/aadityasingh/Library/Developer/Xcode/DerivedData/Chatlio-erkyzdeecsohoaggpwbjdvavzqfv/Build/Intermediates.noindex/GeneratedModuleMaps-iphonesimulator
    export GENERATE_INFOPLIST_FILE\=NO
    export GENERATE_INTERMEDIATE_TEXT_BASED_STUBS\=YES
    export GENERATE_PKGINFO_FILE\=YES
    export GENERATE_PRELINK_OBJECT_FILE\=NO
    export GENERATE_PROFILING_CODE\=NO
    export GENERATE_TEXT_BASED_STUBS\=NO
    export GID\=20
    export GROUP\=staff
    export HEADERMAP_INCLUDES_FLAT_ENTRIES_FOR_TARGET_BEING_BUILT\=YES
    export HEADERMAP_INCLUDES_FRAMEWORK_ENTRIES_FOR_ALL_PRODUCT_TYPES\=YES
    export HEADERMAP_INCLUDES_FRAMEWORK_ENTRIES_FOR_TARGETS_NOT_BEING_BUILT\=YES
    export HEADERMAP_INCLUDES_NONPUBLIC_NONPRIVATE_HEADERS\=YES
    export HEADERMAP_INCLUDES_PROJECT_HEADERS\=YES
    export HEADERMAP_USES_FRAMEWORK_PREFIX_ENTRIES\=YES
    export HEADERMAP_USES_VFS\=NO
    export HEADER_SEARCH_PATHS\=/Users/aadityasingh/Library/Developer/Xcode/DerivedData/Chatlio-erkyzdeecsohoaggpwbjdvavzqfv/SourcePackages/checkouts/swift-numerics/Sources/_NumericsShims/include\ /Users/aadityasingh/Library/Developer/Xcode/DerivedData/Chatlio-erkyzdeecsohoaggpwbjdvavzqfv/SourcePackages/checkouts/posthog-ios/vendor/libwebp/.\ /Users/aadityasingh/Library/Developer/Xcode/DerivedData/Chatlio-erkyzdeecsohoaggpwbjdvavzqfv/SourcePackages/checkouts/GZIP/GZIP/Sources\ /Users/aadityasingh/Library/Developer/Xcode/DerivedData/Chatlio-erkyzdeecsohoaggpwbjdvavzqfv/SourcePackages/checkouts/sentry-cocoa/Sources/SentrySwiftUI/SentryInternal\ /Users/aadityasingh/Library/Developer/Xcode/DerivedData/Chatlio-erkyzdeecsohoaggpwbjdvavzqfv/SourcePackages/checkouts/DTFoundation/Core/include\ /Users/aadityasingh/Library/Developer/Xcode/DerivedData/Chatlio-erkyzdeecsohoaggpwbjdvavzqfv/SourcePackages/checkouts/DTCoreText/Core/include\ /Users/aadityasingh/Library/Developer/Xcode/DerivedData/Chatlio-erkyzdeecsohoaggpwbjdvavzqfv/SourcePackages/checkouts/matrix-rich-text-editor-swift/Sources/DTCoreTextExtended/include\ /Users/aadityasingh/Library/Developer/Xcode/DerivedData/Chatlio-erkyzdeecsohoaggpwbjdvavzqfv/SourcePackages/checkouts/swift-ogg/Sources/SupportingFiles/Dependencies/Copustools/include\ /Users/aadityasingh/Library/Developer/Xcode/DerivedData/Chatlio-erkyzdeecsohoaggpwbjdvavzqfv/SourcePackages/checkouts/swift-atomics/Sources/_AtomicsShims/include\ /Users/aadityasingh/Library/Developer/Xcode/DerivedData/Chatlio-erkyzdeecsohoaggpwbjdvavzqfv/Build/Products/Debug-iphonesimulator/include\ 
    export HOME\=/Users/aadityasingh
    export HOST_ARCH\=arm64
    export HOST_PLATFORM\=macosx
    export ICONV\=/usr/bin/iconv
    export IMPLICIT_DEPENDENCY_DOMAIN\=default
    export INDEX_STORE_COMPRESS\=NO
    export INDEX_STORE_ONLY_PROJECT_FILES\=NO
    export INFOPLIST_ENABLE_CFBUNDLEICONS_MERGE\=YES
    export INFOPLIST_EXPAND_BUILD_SETTINGS\=YES
    export INFOPLIST_FILE\=Chatlio/SupportingFiles/Info.plist
    export INFOPLIST_OUTPUT_FORMAT\=binary
    export INFOPLIST_PATH\=Chatlio.app/Info.plist
    export INFOPLIST_PREPROCESS\=NO
    export INFOSTRINGS_PATH\=Chatlio.app/en.lproj/InfoPlist.strings
    export INLINE_PRIVATE_FRAMEWORKS\=NO
    export INSTALLAPI_IGNORE_SKIP_INSTALL\=YES
    export INSTALLHDRS_COPY_PHASE\=NO
    export INSTALLHDRS_SCRIPT_PHASE\=NO
    export INSTALL_DIR\=/tmp/Chatlio.dst/Applications
    export INSTALL_GROUP\=staff
    export INSTALL_MODE_FLAG\=u+w,go-w,a+rX
    export INSTALL_OWNER\=aadityasingh
    export INSTALL_PATH\=/Applications
    export INSTALL_ROOT\=/tmp/Chatlio.dst
    export IPHONEOS_DEPLOYMENT_TARGET\=17.0
    export IS_UNOPTIMIZED_BUILD\=YES
    export JAVAC_DEFAULT_FLAGS\=-J-Xms64m\ -J-XX:NewSize\=4M\ -J-Dfile.encoding\=UTF8
    export JAVA_APP_STUB\=/System/Library/Frameworks/JavaVM.framework/Resources/MacOS/JavaApplicationStub
    export JAVA_ARCHIVE_CLASSES\=YES
    export JAVA_ARCHIVE_TYPE\=JAR
    export JAVA_COMPILER\=/usr/bin/javac
    export JAVA_FOLDER_PATH\=Chatlio.app/Java
    export JAVA_FRAMEWORK_RESOURCES_DIRS\=Resources
    export JAVA_JAR_FLAGS\=cv
    export JAVA_SOURCE_SUBDIR\=.
    export JAVA_USE_DEPENDENCIES\=YES
    export JAVA_ZIP_FLAGS\=-urg
    export JIKES_DEFAULT_FLAGS\=+E\ +OLDCSO
    export KEEP_PRIVATE_EXTERNS\=NO
    export KEYCHAIN_ACCESS_GROUP_IDENTIFIER\=7J4U792NQT.im.word.skin.chatlio
    export LD_DEPENDENCY_INFO_FILE\=/Users/aadityasingh/Library/Developer/Xcode/DerivedData/Chatlio-erkyzdeecsohoaggpwbjdvavzqfv/Build/Intermediates.noindex/Chatlio.build/Debug-iphonesimulator/Chatlio.build/Objects-normal/undefined_arch/Chatlio_dependency_info.dat
    export LD_ENTITLEMENTS_SECTION\=/Users/aadityasingh/Library/Developer/Xcode/DerivedData/Chatlio-erkyzdeecsohoaggpwbjdvavzqfv/Build/Intermediates.noindex/Chatlio.build/Debug-iphonesimulator/Chatlio.build/Chatlio.app-Simulated.xcent
    export LD_ENTITLEMENTS_SECTION_DER\=/Users/aadityasingh/Library/Developer/Xcode/DerivedData/Chatlio-erkyzdeecsohoaggpwbjdvavzqfv/Build/Intermediates.noindex/Chatlio.build/Debug-iphonesimulator/Chatlio.build/Chatlio.app-Simulated.xcent.der
    export LD_EXPORT_SYMBOLS\=YES
    export LD_GENERATE_MAP_FILE\=NO
    export LD_MAP_FILE_PATH\=/Users/aadityasingh/Library/Developer/Xcode/DerivedData/Chatlio-erkyzdeecsohoaggpwbjdvavzqfv/Build/Intermediates.noindex/Chatlio.build/Debug-iphonesimulator/Chatlio.build/Chatlio-LinkMap-normal-undefined_arch.txt
    export LD_NO_PIE\=NO
    export LD_QUOTE_LINKER_ARGUMENTS_FOR_COMPILER_DRIVER\=YES
    export LD_RUNPATH_SEARCH_PATHS\=/Users/aadityasingh/Library/Developer/Xcode/DerivedData/Chatlio-erkyzdeecsohoaggpwbjdvavzqfv/Build/Products/Debug-iphonesimulator/PackageFrameworks\ /Users/aadityasingh/Library/Developer/Xcode/DerivedData/Chatlio-erkyzdeecsohoaggpwbjdvavzqfv/Build/Products/Debug-iphonesimulator/PackageFrameworks\ /Users/aadityasingh/Library/Developer/Xcode/DerivedData/Chatlio-erkyzdeecsohoaggpwbjdvavzqfv/Build/Products/Debug-iphonesimulator/PackageFrameworks\ /Users/aadityasingh/Library/Developer/Xcode/DerivedData/Chatlio-erkyzdeecsohoaggpwbjdvavzqfv/Build/Products/Debug-iphonesimulator/PackageFrameworks\ /Users/aadityasingh/Library/Developer/Xcode/DerivedData/Chatlio-erkyzdeecsohoaggpwbjdvavzqfv/Build/Products/Debug-iphonesimulator/PackageFrameworks\ /Users/aadityasingh/Library/Developer/Xcode/DerivedData/Chatlio-erkyzdeecsohoaggpwbjdvavzqfv/Build/Products/Debug-iphonesimulator/PackageFrameworks\ /Users/aadityasingh/Library/Developer/Xcode/DerivedData/Chatlio-erkyzdeecsohoaggpwbjdvavzqfv/Build/Products/Debug-iphonesimulator/PackageFrameworks\ /Users/aadityasingh/Library/Developer/Xcode/DerivedData/Chatlio-erkyzdeecsohoaggpwbjdvavzqfv/Build/Products/Debug-iphonesimulator/PackageFrameworks\ /Users/aadityasingh/Library/Developer/Xcode/DerivedData/Chatlio-erkyzdeecsohoaggpwbjdvavzqfv/Build/Products/Debug-iphonesimulator/PackageFrameworks\ /Users/aadityasingh/Library/Developer/Xcode/DerivedData/Chatlio-erkyzdeecsohoaggpwbjdvavzqfv/Build/Products/Debug-iphonesimulator/PackageFrameworks\ /Users/aadityasingh/Library/Developer/Xcode/DerivedData/Chatlio-erkyzdeecsohoaggpwbjdvavzqfv/Build/Products/Debug-iphonesimulator/PackageFrameworks\ /Users/aadityasingh/Library/Developer/Xcode/DerivedData/Chatlio-erkyzdeecsohoaggpwbjdvavzqfv/Build/Products/Debug-iphonesimulator/PackageFrameworks\ /Users/aadityasingh/Library/Developer/Xcode/DerivedData/Chatlio-erkyzdeecsohoaggpwbjdvavzqfv/Build/Products/Debug-iphonesimulator/PackageFrameworks\ /Users/aadityasingh/Library/Developer/Xcode/DerivedData/Chatlio-erkyzdeecsohoaggpwbjdvavzqfv/Build/Products/Debug-iphonesimulator/PackageFrameworks\ /Users/aadityasingh/Library/Developer/Xcode/DerivedData/Chatlio-erkyzdeecsohoaggpwbjdvavzqfv/Build/Products/Debug-iphonesimulator/PackageFrameworks\ /Users/aadityasingh/Library/Developer/Xcode/DerivedData/Chatlio-erkyzdeecsohoaggpwbjdvavzqfv/Build/Products/Debug-iphonesimulator/PackageFrameworks\ /Users/aadityasingh/Library/Developer/Xcode/DerivedData/Chatlio-erkyzdeecsohoaggpwbjdvavzqfv/Build/Products/Debug-iphonesimulator/PackageFrameworks\ /Users/aadityasingh/Library/Developer/Xcode/DerivedData/Chatlio-erkyzdeecsohoaggpwbjdvavzqfv/Build/Products/Debug-iphonesimulator/PackageFrameworks\ /Users/aadityasingh/Library/Developer/Xcode/DerivedData/Chatlio-erkyzdeecsohoaggpwbjdvavzqfv/Build/Products/Debug-iphonesimulator/PackageFrameworks\ /Users/aadityasingh/Library/Developer/Xcode/DerivedData/Chatlio-erkyzdeecsohoaggpwbjdvavzqfv/Build/Products/Debug-iphonesimulator/PackageFrameworks\ /Users/aadityasingh/Library/Developer/Xcode/DerivedData/Chatlio-erkyzdeecsohoaggpwbjdvavzqfv/Build/Products/Debug-iphonesimulator/PackageFrameworks\ /Users/aadityasingh/Library/Developer/Xcode/DerivedData/Chatlio-erkyzdeecsohoaggpwbjdvavzqfv/Build/Products/Debug-iphonesimulator/PackageFrameworks\ /Users/aadityasingh/Library/Developer/Xcode/DerivedData/Chatlio-erkyzdeecsohoaggpwbjdvavzqfv/Build/Products/Debug-iphonesimulator/PackageFrameworks\ /Users/aadityasingh/Library/Developer/Xcode/DerivedData/Chatlio-erkyzdeecsohoaggpwbjdvavzqfv/Build/Products/Debug-iphonesimulator/PackageFrameworks\ /Users/aadityasingh/Library/Developer/Xcode/DerivedData/Chatlio-erkyzdeecsohoaggpwbjdvavzqfv/Build/Products/Debug-iphonesimulator/PackageFrameworks\ /Users/aadityasingh/Library/Developer/Xcode/DerivedData/Chatlio-erkyzdeecsohoaggpwbjdvavzqfv/Build/Products/Debug-iphonesimulator/PackageFrameworks\ /Users/aadityasingh/Library/Developer/Xcode/DerivedData/Chatlio-erkyzdeecsohoaggpwbjdvavzqfv/Build/Products/Debug-iphonesimulator/PackageFrameworks\ /Users/aadityasingh/Library/Developer/Xcode/DerivedData/Chatlio-erkyzdeecsohoaggpwbjdvavzqfv/Build/Products/Debug-iphonesimulator/PackageFrameworks\ /Users/aadityasingh/Library/Developer/Xcode/DerivedData/Chatlio-erkyzdeecsohoaggpwbjdvavzqfv/Build/Products/Debug-iphonesimulator/PackageFrameworks\ /Users/aadityasingh/Library/Developer/Xcode/DerivedData/Chatlio-erkyzdeecsohoaggpwbjdvavzqfv/Build/Products/Debug-iphonesimulator/PackageFrameworks\ /Users/aadityasingh/Library/Developer/Xcode/DerivedData/Chatlio-erkyzdeecsohoaggpwbjdvavzqfv/Build/Products/Debug-iphonesimulator/PackageFrameworks\ /Users/aadityasingh/Library/Developer/Xcode/DerivedData/Chatlio-erkyzdeecsohoaggpwbjdvavzqfv/Build/Products/Debug-iphonesimulator/PackageFrameworks\ /Users/aadityasingh/Library/Developer/Xcode/DerivedData/Chatlio-erkyzdeecsohoaggpwbjdvavzqfv/Build/Products/Debug-iphonesimulator/PackageFrameworks\ /Users/aadityasingh/Library/Developer/Xcode/DerivedData/Chatlio-erkyzdeecsohoaggpwbjdvavzqfv/Build/Products/Debug-iphonesimulator/PackageFrameworks\ /Users/aadityasingh/Library/Developer/Xcode/DerivedData/Chatlio-erkyzdeecsohoaggpwbjdvavzqfv/Build/Products/Debug-iphonesimulator/PackageFrameworks\ /Users/aadityasingh/Library/Developer/Xcode/DerivedData/Chatlio-erkyzdeecsohoaggpwbjdvavzqfv/Build/Products/Debug-iphonesimulator/PackageFrameworks\ /Users/aadityasingh/Library/Developer/Xcode/DerivedData/Chatlio-erkyzdeecsohoaggpwbjdvavzqfv/Build/Products/Debug-iphonesimulator/PackageFrameworks\ /Users/aadityasingh/Library/Developer/Xcode/DerivedData/Chatlio-erkyzdeecsohoaggpwbjdvavzqfv/Build/Products/Debug-iphonesimulator/PackageFrameworks\ /Users/aadityasingh/Library/Developer/Xcode/DerivedData/Chatlio-erkyzdeecsohoaggpwbjdvavzqfv/Build/Products/Debug-iphonesimulator/PackageFrameworks\ /Users/aadityasingh/Library/Developer/Xcode/DerivedData/Chatlio-erkyzdeecsohoaggpwbjdvavzqfv/Build/Products/Debug-iphonesimulator/PackageFrameworks\ /Users/aadityasingh/Library/Developer/Xcode/DerivedData/Chatlio-erkyzdeecsohoaggpwbjdvavzqfv/Build/Products/Debug-iphonesimulator/PackageFrameworks\ /Users/aadityasingh/Library/Developer/Xcode/DerivedData/Chatlio-erkyzdeecsohoaggpwbjdvavzqfv/Build/Products/Debug-iphonesimulator/PackageFrameworks\ /Users/aadityasingh/Library/Developer/Xcode/DerivedData/Chatlio-erkyzdeecsohoaggpwbjdvavzqfv/Build/Products/Debug-iphonesimulator/PackageFrameworks\ /Users/aadityasingh/Library/Developer/Xcode/DerivedData/Chatlio-erkyzdeecsohoaggpwbjdvavzqfv/Build/Products/Debug-iphonesimulator/PackageFrameworks\ /Users/aadityasingh/Library/Developer/Xcode/DerivedData/Chatlio-erkyzdeecsohoaggpwbjdvavzqfv/Build/Products/Debug-iphonesimulator/PackageFrameworks\ /Users/aadityasingh/Library/Developer/Xcode/DerivedData/Chatlio-erkyzdeecsohoaggpwbjdvavzqfv/Build/Products/Debug-iphonesimulator/PackageFrameworks\ /Users/aadityasingh/Library/Developer/Xcode/DerivedData/Chatlio-erkyzdeecsohoaggpwbjdvavzqfv/Build/Products/Debug-iphonesimulator/PackageFrameworks\ \ @executable_path/Frameworks
    export LD_RUNPATH_SEARCH_PATHS_YES\=@loader_path/../Frameworks
    export LD_SHARED_CACHE_ELIGIBLE\=Automatic
    export LD_WARN_DUPLICATE_LIBRARIES\=NO
    export LD_WARN_UNUSED_DYLIBS\=NO
    export LEGACY_DEVELOPER_DIR\=/Applications/Xcode.app/Contents/PlugIns/Xcode3Core.ideplugin/Contents/SharedSupport/Developer
    export LEX\=lex
    export LIBRARY_DEXT_INSTALL_PATH\=/Library/DriverExtensions
    export LIBRARY_FLAG_NOSPACE\=YES
    export LIBRARY_FLAG_PREFIX\=-l
    export LIBRARY_KEXT_INSTALL_PATH\=/Library/Extensions
    export LIBRARY_SEARCH_PATHS\=/Users/aadityasingh/Library/Developer/Xcode/DerivedData/Chatlio-erkyzdeecsohoaggpwbjdvavzqfv/Build/Products/Debug-iphonesimulator\ 
    export LINKER_DISPLAYS_MANGLED_NAMES\=NO
    export LINK_FILE_LIST_normal_arm64\=/Users/aadityasingh/Library/Developer/Xcode/DerivedData/Chatlio-erkyzdeecsohoaggpwbjdvavzqfv/Build/Intermediates.noindex/Chatlio.build/Debug-iphonesimulator/Chatlio.build/Objects-normal/arm64/Chatlio.LinkFileList
    export LINK_OBJC_RUNTIME\=YES
    export LINK_WITH_STANDARD_LIBRARIES\=YES
    export LLVM_TARGET_TRIPLE_OS_VERSION\=ios17.0
    export LLVM_TARGET_TRIPLE_SUFFIX\=-simulator
    export LLVM_TARGET_TRIPLE_VENDOR\=apple
    export LM_AUX_CONST_METADATA_LIST_PATH_normal_arm64\=/Users/aadityasingh/Library/Developer/Xcode/DerivedData/Chatlio-erkyzdeecsohoaggpwbjdvavzqfv/Build/Intermediates.noindex/Chatlio.build/Debug-iphonesimulator/Chatlio.build/Objects-normal/arm64/Chatlio.SwiftConstValuesFileList
    export LOCALIZATION_EXPORT_SUPPORTED\=YES
    export LOCALIZATION_PREFERS_STRING_CATALOGS\=NO
    export LOCALIZED_RESOURCES_FOLDER_PATH\=Chatlio.app/en.lproj
    export LOCALIZED_STRING_CODE_COMMENTS\=NO
    export LOCALIZED_STRING_MACRO_NAMES\=NSLocalizedString\ CFCopyLocalizedString
    export LOCALIZED_STRING_SWIFTUI_SUPPORT\=YES
    export LOCAL_ADMIN_APPS_DIR\=/Applications/Utilities
    export LOCAL_APPS_DIR\=/Applications
    export LOCAL_DEVELOPER_DIR\=/Library/Developer
    export LOCAL_LIBRARY_DIR\=/Library
    export LOCROOT\=/Users/aadityasingh/Documents/Development/element-x-ios
    export LOCSYMROOT\=/Users/aadityasingh/Documents/Development/element-x-ios
    export MACH_O_TYPE\=mh_execute
    export MAC_OS_X_PRODUCT_BUILD_VERSION\=25E253
    export MAC_OS_X_VERSION_ACTUAL\=260401
    export MAC_OS_X_VERSION_MAJOR\=260000
    export MAC_OS_X_VERSION_MINOR\=260400
    export MAKE_MERGEABLE\=NO
    export MARKETING_VERSION\=1.0.0
    export MERGEABLE_LIBRARY\=NO
    export MERGED_BINARY_TYPE\=none
    export MERGE_LINKED_LIBRARIES\=NO
    export METAL_LIBRARY_FILE_BASE\=default
    export METAL_LIBRARY_OUTPUT_DIR\=/Users/aadityasingh/Library/Developer/Xcode/DerivedData/Chatlio-erkyzdeecsohoaggpwbjdvavzqfv/Build/Products/Debug-iphonesimulator/Chatlio.app
    export MODULES_FOLDER_PATH\=Chatlio.app/Modules
    export MODULE_CACHE_DIR\=/Users/aadityasingh/Library/Developer/Xcode/DerivedData/ModuleCache.noindex
    export MTL_ENABLE_DEBUG_INFO\=INCLUDE_SOURCE
    export MTL_FAST_MATH\=YES
    export NATIVE_ARCH\=arm64
    export NATIVE_ARCH_32_BIT\=arm
    export NATIVE_ARCH_64_BIT\=arm64
    export NATIVE_ARCH_ACTUAL\=arm64
    export NO_COMMON\=YES
    export OBJC_ABI_VERSION\=2
    export OBJECT_FILE_DIR\=/Users/aadityasingh/Library/Developer/Xcode/DerivedData/Chatlio-erkyzdeecsohoaggpwbjdvavzqfv/Build/Intermediates.noindex/Chatlio.build/Debug-iphonesimulator/Chatlio.build/Objects
    export OBJECT_FILE_DIR_normal\=/Users/aadityasingh/Library/Developer/Xcode/DerivedData/Chatlio-erkyzdeecsohoaggpwbjdvavzqfv/Build/Intermediates.noindex/Chatlio.build/Debug-iphonesimulator/Chatlio.build/Objects-normal
    export OBJROOT\=/Users/aadityasingh/Library/Developer/Xcode/DerivedData/Chatlio-erkyzdeecsohoaggpwbjdvavzqfv/Build/Intermediates.noindex
    export ONLY_ACTIVE_ARCH\=YES
    export OS\=MACOS
    export OSAC\=/usr/bin/osacompile
    export OTHER_CFLAGS\=-fmodule-map-file\=/Users/aadityasingh/Library/Developer/Xcode/DerivedData/Chatlio-erkyzdeecsohoaggpwbjdvavzqfv/Build/Intermediates.noindex/GeneratedModuleMaps-iphonesimulator/MatrixRustSDK.modulemap\ -fmodule-map-file\=/Users/aadityasingh/Library/Developer/Xcode/DerivedData/Chatlio-erkyzdeecsohoaggpwbjdvavzqfv/Build/Intermediates.noindex/GeneratedModuleMaps-iphonesimulator/CompoundDesignTokens.modulemap\ -fmodule-map-file\=/Users/aadityasingh/Library/Developer/Xcode/DerivedData/Chatlio-erkyzdeecsohoaggpwbjdvavzqfv/Build/Intermediates.noindex/GeneratedModuleMaps-iphonesimulator/SwiftUIIntrospect.modulemap\ -fmodule-map-file\=/Users/aadityasingh/Library/Developer/Xcode/DerivedData/Chatlio-erkyzdeecsohoaggpwbjdvavzqfv/Build/Intermediates.noindex/GeneratedModuleMaps-iphonesimulator/SFSafeSymbols.modulemap\ -fmodule-map-file\=/Users/aadityasingh/Library/Developer/Xcode/DerivedData/Chatlio-erkyzdeecsohoaggpwbjdvavzqfv/Build/Intermediates.noindex/GeneratedModuleMaps-iphonesimulator/Compound.modulemap\ -fmodule-map-file\=/Users/aadityasingh/Library/Developer/Xcode/DerivedData/Chatlio-erkyzdeecsohoaggpwbjdvavzqfv/Build/Intermediates.noindex/GeneratedModuleMaps-iphonesimulator/RealModule.modulemap\ -fmodule-map-file\=/Users/aadityasingh/Library/Developer/Xcode/DerivedData/Chatlio-erkyzdeecsohoaggpwbjdvavzqfv/Build/Intermediates.noindex/GeneratedModuleMaps-iphonesimulator/Algorithms.modulemap\ -fmodule-map-file\=/Users/aadityasingh/Library/Developer/Xcode/DerivedData/Chatlio-erkyzdeecsohoaggpwbjdvavzqfv/Build/Intermediates.noindex/GeneratedModuleMaps-iphonesimulator/AsyncAlgorithms.modulemap\ -fmodule-map-file\=/Users/aadityasingh/Library/Developer/Xcode/DerivedData/Chatlio-erkyzdeecsohoaggpwbjdvavzqfv/Build/Intermediates.noindex/GeneratedModuleMaps-iphonesimulator/AnalyticsEvents.modulemap\ -fmodule-map-file\=/Users/aadityasingh/Library/Developer/Xcode/DerivedData/Chatlio-erkyzdeecsohoaggpwbjdvavzqfv/Build/Intermediates.noindex/GeneratedModuleMaps-iphonesimulator/_RopeModule.modulemap\ -fmodule-map-file\=/Users/aadityasingh/Library/Developer/Xcode/DerivedData/Chatlio-erkyzdeecsohoaggpwbjdvavzqfv/Build/Intermediates.noindex/GeneratedModuleMaps-iphonesimulator/OrderedCollections.modulemap\ -fmodule-map-file\=/Users/aadityasingh/Library/Developer/Xcode/DerivedData/Chatlio-erkyzdeecsohoaggpwbjdvavzqfv/Build/Intermediates.noindex/GeneratedModuleMaps-iphonesimulator/HeapModule.modulemap\ -fmodule-map-file\=/Users/aadityasingh/Library/Developer/Xcode/DerivedData/Chatlio-erkyzdeecsohoaggpwbjdvavzqfv/Build/Intermediates.noindex/GeneratedModuleMaps-iphonesimulator/HashTreeCollections.modulemap\ -fmodule-map-file\=/Users/aadityasingh/Library/Developer/Xcode/DerivedData/Chatlio-erkyzdeecsohoaggpwbjdvavzqfv/Build/Intermediates.noindex/GeneratedModuleMaps-iphonesimulator/DequeModule.modulemap\ -fmodule-map-file\=/Users/aadityasingh/Library/Developer/Xcode/DerivedData/Chatlio-erkyzdeecsohoaggpwbjdvavzqfv/Build/Intermediates.noindex/GeneratedModuleMaps-iphonesimulator/BitCollections.modulemap\ -fmodule-map-file\=/Users/aadityasingh/Library/Developer/Xcode/DerivedData/Chatlio-erkyzdeecsohoaggpwbjdvavzqfv/Build/Intermediates.noindex/GeneratedModuleMaps-iphonesimulator/InternalCollectionsUtilities.modulemap\ -fmodule-map-file\=/Users/aadityasingh/Library/Developer/Xcode/DerivedData/Chatlio-erkyzdeecsohoaggpwbjdvavzqfv/Build/Intermediates.noindex/GeneratedModuleMaps-iphonesimulator/Collections.modulemap\ -fmodule-map-file\=/Users/aadityasingh/Library/Developer/Xcode/DerivedData/Chatlio-erkyzdeecsohoaggpwbjdvavzqfv/Build/Intermediates.noindex/GeneratedModuleMaps-iphonesimulator/DeviceKit.modulemap\ -fmodule-map-file\=/Users/aadityasingh/Library/Developer/Xcode/DerivedData/Chatlio-erkyzdeecsohoaggpwbjdvavzqfv/Build/Intermediates.noindex/GeneratedModuleMaps-iphonesimulator/EmbeddedElementCall.modulemap\ -fmodule-map-file\=/Users/aadityasingh/Library/Developer/Xcode/DerivedData/Chatlio-erkyzdeecsohoaggpwbjdvavzqfv/Build/Intermediates.noindex/GeneratedModuleMaps-iphonesimulator/KeychainAccess.modulemap\ -fmodule-map-file\=/Users/aadityasingh/Library/Developer/Xcode/DerivedData/Chatlio-erkyzdeecsohoaggpwbjdvavzqfv/Build/Intermediates.noindex/GeneratedModuleMaps-iphonesimulator/Kingfisher.modulemap\ -fmodule-map-file\=/Users/aadityasingh/Library/Developer/Xcode/DerivedData/Chatlio-erkyzdeecsohoaggpwbjdvavzqfv/Build/Intermediates.noindex/GeneratedModuleMaps-iphonesimulator/KZFileWatchers.modulemap\ -fmodule-map-file\=/Users/aadityasingh/Library/Developer/Xcode/DerivedData/Chatlio-erkyzdeecsohoaggpwbjdvavzqfv/Build/Intermediates.noindex/GeneratedModuleMaps-iphonesimulator/LoremSwiftum.modulemap\ -fmodule-map-file\=/Users/aadityasingh/Library/Developer/Xcode/DerivedData/Chatlio-erkyzdeecsohoaggpwbjdvavzqfv/Build/Intermediates.noindex/GeneratedModuleMaps-iphonesimulator/LRUCache.modulemap\ -fmodule-map-file\=/Users/aadityasingh/Library/Developer/Xcode/DerivedData/Chatlio-erkyzdeecsohoaggpwbjdvavzqfv/Build/Intermediates.noindex/GeneratedModuleMaps-iphonesimulator/phlibwebp.modulemap\ -fmodule-map-file\=/Users/aadityasingh/Library/Developer/Xcode/DerivedData/Chatlio-erkyzdeecsohoaggpwbjdvavzqfv/Build/Intermediates.noindex/GeneratedModuleMaps-iphonesimulator/PostHog.modulemap\ -fmodule-map-file\=/Users/aadityasingh/Library/Developer/Xcode/DerivedData/Chatlio-erkyzdeecsohoaggpwbjdvavzqfv/Build/Intermediates.noindex/GeneratedModuleMaps-iphonesimulator/SwiftState.modulemap\ -fmodule-map-file\=/Users/aadityasingh/Library/Developer/Xcode/DerivedData/Chatlio-erkyzdeecsohoaggpwbjdvavzqfv/Build/Intermediates.noindex/GeneratedModuleMaps-iphonesimulator/GZIP.modulemap\ -fmodule-map-file\=/Users/aadityasingh/Library/Developer/Xcode/DerivedData/Chatlio-erkyzdeecsohoaggpwbjdvavzqfv/Build/Intermediates.noindex/GeneratedModuleMaps-iphonesimulator/SentryInternal.modulemap\ -fmodule-map-file\=/Users/aadityasingh/Library/Developer/Xcode/DerivedData/Chatlio-erkyzdeecsohoaggpwbjdvavzqfv/Build/Intermediates.noindex/GeneratedModuleMaps-iphonesimulator/SentryCppHelper.modulemap\ -fmodule-map-file\=/Users/aadityasingh/Library/Developer/Xcode/DerivedData/Chatlio-erkyzdeecsohoaggpwbjdvavzqfv/Build/Intermediates.noindex/GeneratedModuleMaps-iphonesimulator/SentrySwiftUI.modulemap\ -fmodule-map-file\=/Users/aadityasingh/Library/Developer/Xcode/DerivedData/Chatlio-erkyzdeecsohoaggpwbjdvavzqfv/Build/Intermediates.noindex/GeneratedModuleMaps-iphonesimulator/Version.modulemap\ -fmodule-map-file\=/Users/aadityasingh/Library/Developer/Xcode/DerivedData/Chatlio-erkyzdeecsohoaggpwbjdvavzqfv/Build/Intermediates.noindex/GeneratedModuleMaps-iphonesimulator/Emojibase.modulemap\ -fmodule-map-file\=/Users/aadityasingh/Library/Developer/Xcode/DerivedData/Chatlio-erkyzdeecsohoaggpwbjdvavzqfv/Build/Intermediates.noindex/GeneratedModuleMaps-iphonesimulator/DTFoundation.modulemap\ -fmodule-map-file\=/Users/aadityasingh/Library/Developer/Xcode/DerivedData/Chatlio-erkyzdeecsohoaggpwbjdvavzqfv/Build/Intermediates.noindex/GeneratedModuleMaps-iphonesimulator/DTCoreText.modulemap\ -fmodule-map-file\=/Users/aadityasingh/Library/Developer/Xcode/DerivedData/Chatlio-erkyzdeecsohoaggpwbjdvavzqfv/Build/Intermediates.noindex/GeneratedModuleMaps-iphonesimulator/HTMLParser.modulemap\ -fmodule-map-file\=/Users/aadityasingh/Library/Developer/Xcode/DerivedData/Chatlio-erkyzdeecsohoaggpwbjdvavzqfv/Build/Intermediates.noindex/GeneratedModuleMaps-iphonesimulator/DTCoreTextExtended.modulemap\ -fmodule-map-file\=/Users/aadityasingh/Library/Developer/Xcode/DerivedData/Chatlio-erkyzdeecsohoaggpwbjdvavzqfv/Build/Intermediates.noindex/GeneratedModuleMaps-iphonesimulator/WysiwygComposer.modulemap\ -fmodule-map-file\=/Users/aadityasingh/Library/Developer/Xcode/DerivedData/Chatlio-erkyzdeecsohoaggpwbjdvavzqfv/Build/Intermediates.noindex/GeneratedModuleMaps-iphonesimulator/SwiftOGG.modulemap\ -fmodule-map-file\=/Users/aadityasingh/Library/Developer/Xcode/DerivedData/Chatlio-erkyzdeecsohoaggpwbjdvavzqfv/Build/Intermediates.noindex/GeneratedModuleMaps-iphonesimulator/Atomics.modulemap\ -fmodule-map-file\=/Users/aadityasingh/Library/Developer/Xcode/DerivedData/Chatlio-erkyzdeecsohoaggpwbjdvavzqfv/Build/Intermediates.noindex/GeneratedModuleMaps-iphonesimulator/SwiftSoup.modulemap\ -fmodule-map-file\=/Users/aadityasingh/Library/Developer/Xcode/DerivedData/Chatlio-erkyzdeecsohoaggpwbjdvavzqfv/Build/Intermediates.noindex/GeneratedModuleMaps-iphonesimulator/Flow.modulemap\ -fmodule-map-file\=/Users/aadityasingh/Library/Developer/Xcode/DerivedData/Chatlio-erkyzdeecsohoaggpwbjdvavzqfv/Build/Intermediates.noindex/GeneratedModuleMaps-iphonesimulator/DSWaveformImage.modulemap\ -fmodule-map-file\=/Users/aadityasingh/Library/Developer/Xcode/DerivedData/Chatlio-erkyzdeecsohoaggpwbjdvavzqfv/Build/Intermediates.noindex/GeneratedModuleMaps-iphonesimulator/DSWaveformImageViews.modulemap\ 
    export OTHER_CPLUSPLUSFLAGS\=-fmodule-map-file\=/Users/aadityasingh/Library/Developer/Xcode/DerivedData/Chatlio-erkyzdeecsohoaggpwbjdvavzqfv/Build/Intermediates.noindex/GeneratedModuleMaps-iphonesimulator/MatrixRustSDK.modulemap\ -fmodule-map-file\=/Users/aadityasingh/Library/Developer/Xcode/DerivedData/Chatlio-erkyzdeecsohoaggpwbjdvavzqfv/Build/Intermediates.noindex/GeneratedModuleMaps-iphonesimulator/CompoundDesignTokens.modulemap\ -fmodule-map-file\=/Users/aadityasingh/Library/Developer/Xcode/DerivedData/Chatlio-erkyzdeecsohoaggpwbjdvavzqfv/Build/Intermediates.noindex/GeneratedModuleMaps-iphonesimulator/SwiftUIIntrospect.modulemap\ -fmodule-map-file\=/Users/aadityasingh/Library/Developer/Xcode/DerivedData/Chatlio-erkyzdeecsohoaggpwbjdvavzqfv/Build/Intermediates.noindex/GeneratedModuleMaps-iphonesimulator/SFSafeSymbols.modulemap\ -fmodule-map-file\=/Users/aadityasingh/Library/Developer/Xcode/DerivedData/Chatlio-erkyzdeecsohoaggpwbjdvavzqfv/Build/Intermediates.noindex/GeneratedModuleMaps-iphonesimulator/Compound.modulemap\ -fmodule-map-file\=/Users/aadityasingh/Library/Developer/Xcode/DerivedData/Chatlio-erkyzdeecsohoaggpwbjdvavzqfv/Build/Intermediates.noindex/GeneratedModuleMaps-iphonesimulator/RealModule.modulemap\ -fmodule-map-file\=/Users/aadityasingh/Library/Developer/Xcode/DerivedData/Chatlio-erkyzdeecsohoaggpwbjdvavzqfv/Build/Intermediates.noindex/GeneratedModuleMaps-iphonesimulator/Algorithms.modulemap\ -fmodule-map-file\=/Users/aadityasingh/Library/Developer/Xcode/DerivedData/Chatlio-erkyzdeecsohoaggpwbjdvavzqfv/Build/Intermediates.noindex/GeneratedModuleMaps-iphonesimulator/AsyncAlgorithms.modulemap\ -fmodule-map-file\=/Users/aadityasingh/Library/Developer/Xcode/DerivedData/Chatlio-erkyzdeecsohoaggpwbjdvavzqfv/Build/Intermediates.noindex/GeneratedModuleMaps-iphonesimulator/AnalyticsEvents.modulemap\ -fmodule-map-file\=/Users/aadityasingh/Library/Developer/Xcode/DerivedData/Chatlio-erkyzdeecsohoaggpwbjdvavzqfv/Build/Intermediates.noindex/GeneratedModuleMaps-iphonesimulator/_RopeModule.modulemap\ -fmodule-map-file\=/Users/aadityasingh/Library/Developer/Xcode/DerivedData/Chatlio-erkyzdeecsohoaggpwbjdvavzqfv/Build/Intermediates.noindex/GeneratedModuleMaps-iphonesimulator/OrderedCollections.modulemap\ -fmodule-map-file\=/Users/aadityasingh/Library/Developer/Xcode/DerivedData/Chatlio-erkyzdeecsohoaggpwbjdvavzqfv/Build/Intermediates.noindex/GeneratedModuleMaps-iphonesimulator/HeapModule.modulemap\ -fmodule-map-file\=/Users/aadityasingh/Library/Developer/Xcode/DerivedData/Chatlio-erkyzdeecsohoaggpwbjdvavzqfv/Build/Intermediates.noindex/GeneratedModuleMaps-iphonesimulator/HashTreeCollections.modulemap\ -fmodule-map-file\=/Users/aadityasingh/Library/Developer/Xcode/DerivedData/Chatlio-erkyzdeecsohoaggpwbjdvavzqfv/Build/Intermediates.noindex/GeneratedModuleMaps-iphonesimulator/DequeModule.modulemap\ -fmodule-map-file\=/Users/aadityasingh/Library/Developer/Xcode/DerivedData/Chatlio-erkyzdeecsohoaggpwbjdvavzqfv/Build/Intermediates.noindex/GeneratedModuleMaps-iphonesimulator/BitCollections.modulemap\ -fmodule-map-file\=/Users/aadityasingh/Library/Developer/Xcode/DerivedData/Chatlio-erkyzdeecsohoaggpwbjdvavzqfv/Build/Intermediates.noindex/GeneratedModuleMaps-iphonesimulator/InternalCollectionsUtilities.modulemap\ -fmodule-map-file\=/Users/aadityasingh/Library/Developer/Xcode/DerivedData/Chatlio-erkyzdeecsohoaggpwbjdvavzqfv/Build/Intermediates.noindex/GeneratedModuleMaps-iphonesimulator/Collections.modulemap\ -fmodule-map-file\=/Users/aadityasingh/Library/Developer/Xcode/DerivedData/Chatlio-erkyzdeecsohoaggpwbjdvavzqfv/Build/Intermediates.noindex/GeneratedModuleMaps-iphonesimulator/DeviceKit.modulemap\ -fmodule-map-file\=/Users/aadityasingh/Library/Developer/Xcode/DerivedData/Chatlio-erkyzdeecsohoaggpwbjdvavzqfv/Build/Intermediates.noindex/GeneratedModuleMaps-iphonesimulator/EmbeddedElementCall.modulemap\ -fmodule-map-file\=/Users/aadityasingh/Library/Developer/Xcode/DerivedData/Chatlio-erkyzdeecsohoaggpwbjdvavzqfv/Build/Intermediates.noindex/GeneratedModuleMaps-iphonesimulator/KeychainAccess.modulemap\ -fmodule-map-file\=/Users/aadityasingh/Library/Developer/Xcode/DerivedData/Chatlio-erkyzdeecsohoaggpwbjdvavzqfv/Build/Intermediates.noindex/GeneratedModuleMaps-iphonesimulator/Kingfisher.modulemap\ -fmodule-map-file\=/Users/aadityasingh/Library/Developer/Xcode/DerivedData/Chatlio-erkyzdeecsohoaggpwbjdvavzqfv/Build/Intermediates.noindex/GeneratedModuleMaps-iphonesimulator/KZFileWatchers.modulemap\ -fmodule-map-file\=/Users/aadityasingh/Library/Developer/Xcode/DerivedData/Chatlio-erkyzdeecsohoaggpwbjdvavzqfv/Build/Intermediates.noindex/GeneratedModuleMaps-iphonesimulator/LoremSwiftum.modulemap\ -fmodule-map-file\=/Users/aadityasingh/Library/Developer/Xcode/DerivedData/Chatlio-erkyzdeecsohoaggpwbjdvavzqfv/Build/Intermediates.noindex/GeneratedModuleMaps-iphonesimulator/LRUCache.modulemap\ -fmodule-map-file\=/Users/aadityasingh/Library/Developer/Xcode/DerivedData/Chatlio-erkyzdeecsohoaggpwbjdvavzqfv/Build/Intermediates.noindex/GeneratedModuleMaps-iphonesimulator/phlibwebp.modulemap\ -fmodule-map-file\=/Users/aadityasingh/Library/Developer/Xcode/DerivedData/Chatlio-erkyzdeecsohoaggpwbjdvavzqfv/Build/Intermediates.noindex/GeneratedModuleMaps-iphonesimulator/PostHog.modulemap\ -fmodule-map-file\=/Users/aadityasingh/Library/Developer/Xcode/DerivedData/Chatlio-erkyzdeecsohoaggpwbjdvavzqfv/Build/Intermediates.noindex/GeneratedModuleMaps-iphonesimulator/SwiftState.modulemap\ -fmodule-map-file\=/Users/aadityasingh/Library/Developer/Xcode/DerivedData/Chatlio-erkyzdeecsohoaggpwbjdvavzqfv/Build/Intermediates.noindex/GeneratedModuleMaps-iphonesimulator/GZIP.modulemap\ -fmodule-map-file\=/Users/aadityasingh/Library/Developer/Xcode/DerivedData/Chatlio-erkyzdeecsohoaggpwbjdvavzqfv/Build/Intermediates.noindex/GeneratedModuleMaps-iphonesimulator/SentryInternal.modulemap\ -fmodule-map-file\=/Users/aadityasingh/Library/Developer/Xcode/DerivedData/Chatlio-erkyzdeecsohoaggpwbjdvavzqfv/Build/Intermediates.noindex/GeneratedModuleMaps-iphonesimulator/SentryCppHelper.modulemap\ -fmodule-map-file\=/Users/aadityasingh/Library/Developer/Xcode/DerivedData/Chatlio-erkyzdeecsohoaggpwbjdvavzqfv/Build/Intermediates.noindex/GeneratedModuleMaps-iphonesimulator/SentrySwiftUI.modulemap\ -fmodule-map-file\=/Users/aadityasingh/Library/Developer/Xcode/DerivedData/Chatlio-erkyzdeecsohoaggpwbjdvavzqfv/Build/Intermediates.noindex/GeneratedModuleMaps-iphonesimulator/Version.modulemap\ -fmodule-map-file\=/Users/aadityasingh/Library/Developer/Xcode/DerivedData/Chatlio-erkyzdeecsohoaggpwbjdvavzqfv/Build/Intermediates.noindex/GeneratedModuleMaps-iphonesimulator/Emojibase.modulemap\ -fmodule-map-file\=/Users/aadityasingh/Library/Developer/Xcode/DerivedData/Chatlio-erkyzdeecsohoaggpwbjdvavzqfv/Build/Intermediates.noindex/GeneratedModuleMaps-iphonesimulator/DTFoundation.modulemap\ -fmodule-map-file\=/Users/aadityasingh/Library/Developer/Xcode/DerivedData/Chatlio-erkyzdeecsohoaggpwbjdvavzqfv/Build/Intermediates.noindex/GeneratedModuleMaps-iphonesimulator/DTCoreText.modulemap\ -fmodule-map-file\=/Users/aadityasingh/Library/Developer/Xcode/DerivedData/Chatlio-erkyzdeecsohoaggpwbjdvavzqfv/Build/Intermediates.noindex/GeneratedModuleMaps-iphonesimulator/HTMLParser.modulemap\ -fmodule-map-file\=/Users/aadityasingh/Library/Developer/Xcode/DerivedData/Chatlio-erkyzdeecsohoaggpwbjdvavzqfv/Build/Intermediates.noindex/GeneratedModuleMaps-iphonesimulator/DTCoreTextExtended.modulemap\ -fmodule-map-file\=/Users/aadityasingh/Library/Developer/Xcode/DerivedData/Chatlio-erkyzdeecsohoaggpwbjdvavzqfv/Build/Intermediates.noindex/GeneratedModuleMaps-iphonesimulator/WysiwygComposer.modulemap\ -fmodule-map-file\=/Users/aadityasingh/Library/Developer/Xcode/DerivedData/Chatlio-erkyzdeecsohoaggpwbjdvavzqfv/Build/Intermediates.noindex/GeneratedModuleMaps-iphonesimulator/SwiftOGG.modulemap\ -fmodule-map-file\=/Users/aadityasingh/Library/Developer/Xcode/DerivedData/Chatlio-erkyzdeecsohoaggpwbjdvavzqfv/Build/Intermediates.noindex/GeneratedModuleMaps-iphonesimulator/Atomics.modulemap\ -fmodule-map-file\=/Users/aadityasingh/Library/Developer/Xcode/DerivedData/Chatlio-erkyzdeecsohoaggpwbjdvavzqfv/Build/Intermediates.noindex/GeneratedModuleMaps-iphonesimulator/SwiftSoup.modulemap\ -fmodule-map-file\=/Users/aadityasingh/Library/Developer/Xcode/DerivedData/Chatlio-erkyzdeecsohoaggpwbjdvavzqfv/Build/Intermediates.noindex/GeneratedModuleMaps-iphonesimulator/Flow.modulemap\ -fmodule-map-file\=/Users/aadityasingh/Library/Developer/Xcode/DerivedData/Chatlio-erkyzdeecsohoaggpwbjdvavzqfv/Build/Intermediates.noindex/GeneratedModuleMaps-iphonesimulator/DSWaveformImage.modulemap\ -fmodule-map-file\=/Users/aadityasingh/Library/Developer/Xcode/DerivedData/Chatlio-erkyzdeecsohoaggpwbjdvavzqfv/Build/Intermediates.noindex/GeneratedModuleMaps-iphonesimulator/DSWaveformImageViews.modulemap\ 
    export OTHER_LDFLAGS\=-Wl,-no_warn_duplicate_libraries\ -Wl,-no_warn_duplicate_libraries\ -Wl,-no_warn_duplicate_libraries\ -Wl,-no_warn_duplicate_libraries\ -Wl,-no_warn_duplicate_libraries\ -Wl,-no_warn_duplicate_libraries\ -Wl,-no_warn_duplicate_libraries\ -Wl,-no_warn_duplicate_libraries\ -Wl,-no_warn_duplicate_libraries\ -Wl,-no_warn_duplicate_libraries\ -Wl,-no_warn_duplicate_libraries\ -Wl,-no_warn_duplicate_libraries\ -Wl,-no_warn_duplicate_libraries\ -Wl,-no_warn_duplicate_libraries\ -Wl,-no_warn_duplicate_libraries\ -Wl,-no_warn_duplicate_libraries\ -Wl,-no_warn_duplicate_libraries\ -Wl,-no_warn_duplicate_libraries\ -Wl,-no_warn_duplicate_libraries\ -Wl,-no_warn_duplicate_libraries\ -Wl,-no_warn_duplicate_libraries\ -Wl,-no_warn_duplicate_libraries\ -Wl,-no_warn_duplicate_libraries\ -Wl,-no_warn_duplicate_libraries\ -Wl,-no_warn_duplicate_libraries\ -Wl,-no_warn_duplicate_libraries\ -Wl,-no_warn_duplicate_libraries\ -Wl,-no_warn_duplicate_libraries\ -Wl,-no_warn_duplicate_libraries\ -Wl,-no_warn_duplicate_libraries\ -Wl,-no_warn_duplicate_libraries\ -Wl,-no_warn_duplicate_libraries\ -Wl,-no_warn_duplicate_libraries\ -Wl,-no_warn_duplicate_libraries\ -Wl,-no_warn_duplicate_libraries\ -Wl,-no_warn_duplicate_libraries\ -Wl,-no_warn_duplicate_libraries\ -Wl,-no_warn_duplicate_libraries\ -Wl,-no_warn_duplicate_libraries\ -Wl,-no_warn_duplicate_libraries\ -Wl,-no_warn_duplicate_libraries\ -Wl,-no_warn_duplicate_libraries\ -Wl,-no_warn_duplicate_libraries\ -Wl,-no_warn_duplicate_libraries\ -Wl,-no_warn_duplicate_libraries\ -Wl,-no_warn_duplicate_libraries\ -Wl,-no_warn_duplicate_libraries\ \ -framework\ Sentry\ -lc++
    export OTHER_SWIFT_FLAGS\=-Xcc\ -fmodule-map-file\=/Users/aadityasingh/Library/Developer/Xcode/DerivedData/Chatlio-erkyzdeecsohoaggpwbjdvavzqfv/Build/Intermediates.noindex/GeneratedModuleMaps-iphonesimulator/phlibwebp.modulemap\ -Xcc\ -fmodule-map-file\=/Users/aadityasingh/Library/Developer/Xcode/DerivedData/Chatlio-erkyzdeecsohoaggpwbjdvavzqfv/Build/Intermediates.noindex/GeneratedModuleMaps-iphonesimulator/GZIP.modulemap\ -Xcc\ -fmodule-map-file\=/Users/aadityasingh/Library/Developer/Xcode/DerivedData/Chatlio-erkyzdeecsohoaggpwbjdvavzqfv/Build/Intermediates.noindex/GeneratedModuleMaps-iphonesimulator/SentryInternal.modulemap\ -Xcc\ -fmodule-map-file\=/Users/aadityasingh/Library/Developer/Xcode/DerivedData/Chatlio-erkyzdeecsohoaggpwbjdvavzqfv/Build/Intermediates.noindex/GeneratedModuleMaps-iphonesimulator/DTFoundation.modulemap\ -Xcc\ -fmodule-map-file\=/Users/aadityasingh/Library/Developer/Xcode/DerivedData/Chatlio-erkyzdeecsohoaggpwbjdvavzqfv/Build/Intermediates.noindex/GeneratedModuleMaps-iphonesimulator/DTCoreText.modulemap\ -Xcc\ -fmodule-map-file\=/Users/aadityasingh/Library/Developer/Xcode/DerivedData/Chatlio-erkyzdeecsohoaggpwbjdvavzqfv/Build/Intermediates.noindex/GeneratedModuleMaps-iphonesimulator/DTCoreTextExtended.modulemap\ -DIS_MAIN_APP
    export PACKAGE_TYPE\=com.apple.package-type.wrapper.application
    export PASCAL_STRINGS\=YES
    export PATH\=/Applications/Xcode.app/Contents/SharedFrameworks/SwiftBuild.framework/Versions/A/PlugIns/SWBBuildService.bundle/Contents/PlugIns/SWBUniversalPlatformPlugin.bundle/Contents/Frameworks/SWBUniversalPlatform.framework/Resources:/Applications/Xcode.app/Contents/Developer/Toolchains/XcodeDefault.xctoolchain/usr/bin:/Applications/Xcode.app/Contents/Developer/Toolchains/XcodeDefault.xctoolchain/usr/local/bin:/Applications/Xcode.app/Contents/Developer/Toolchains/XcodeDefault.xctoolchain/usr/libexec:/Applications/Xcode.app/Contents/Developer/Platforms/iPhoneSimulator.platform/usr/bin:/Applications/Xcode.app/Contents/Developer/Platforms/iPhoneSimulator.platform/usr/local/bin:/Applications/Xcode.app/Contents/Developer/Platforms/iPhoneSimulator.platform/Developer/usr/bin:/Applications/Xcode.app/Contents/Developer/Platforms/iPhoneSimulator.platform/Developer/usr/local/bin:/Applications/Xcode.app/Contents/Developer/usr/bin:/Applications/Xcode.app/Contents/Developer/usr/local/bin:/Users/aadityasingh/Documents/flutter/bin:/Users/aadityasingh/.antigravity/antigravity/bin:/Users/aadityasingh/.local/bin:/Users/aadityasingh/Library/pnpm:/usr/local/bin:/System/Cryptexes/App/usr/bin:/usr/bin:/bin:/usr/sbin:/sbin:/var/run/com.apple.security.cryptexd/codex.system/bootstrap/usr/local/bin:/var/run/com.apple.security.cryptexd/codex.system/bootstrap/usr/bin:/var/run/com.apple.security.cryptexd/codex.system/bootstrap/usr/appleinternal/bin:/opt/pkg/env/active/bin:/opt/pmk/env/global/bin:/Library/Apple/usr/bin:/Library/TeX/texbin:/opt/homebrew/bin:/Users/aadityasingh/Library/Android/sdk/platform-tools
    export PATH_PREFIXES_EXCLUDED_FROM_HEADER_DEPENDENCIES\=/usr/include\ /usr/local/include\ /System/Library/Frameworks\ /System/Library/PrivateFrameworks\ /Applications/Xcode.app/Contents/Developer/Headers\ /Applications/Xcode.app/Contents/Developer/SDKs\ /Applications/Xcode.app/Contents/Developer/Platforms
    export PBDEVELOPMENTPLIST_PATH\=Chatlio.app/pbdevelopment.plist
    export PER_ARCH_MODULE_FILE_DIR\=/Users/aadityasingh/Library/Developer/Xcode/DerivedData/Chatlio-erkyzdeecsohoaggpwbjdvavzqfv/Build/Intermediates.noindex/Chatlio.build/Debug-iphonesimulator/Chatlio.build/Objects-normal/undefined_arch
    export PER_ARCH_OBJECT_FILE_DIR\=/Users/aadityasingh/Library/Developer/Xcode/DerivedData/Chatlio-erkyzdeecsohoaggpwbjdvavzqfv/Build/Intermediates.noindex/Chatlio.build/Debug-iphonesimulator/Chatlio.build/Objects-normal/undefined_arch
    export PER_VARIANT_OBJECT_FILE_DIR\=/Users/aadityasingh/Library/Developer/Xcode/DerivedData/Chatlio-erkyzdeecsohoaggpwbjdvavzqfv/Build/Intermediates.noindex/Chatlio.build/Debug-iphonesimulator/Chatlio.build/Objects-normal
    export PILLS_UT_TYPE_IDENTIFIER\=im.word.skin.chatlio.pills
    export PKGINFO_FILE_PATH\=/Users/aadityasingh/Library/Developer/Xcode/DerivedData/Chatlio-erkyzdeecsohoaggpwbjdvavzqfv/Build/Intermediates.noindex/Chatlio.build/Debug-iphonesimulator/Chatlio.build/PkgInfo
    export PKGINFO_PATH\=Chatlio.app/PkgInfo
    export PLATFORM_DEVELOPER_APPLICATIONS_DIR\=/Applications/Xcode.app/Contents/Developer/Platforms/iPhoneSimulator.platform/Developer/Applications
    export PLATFORM_DEVELOPER_BIN_DIR\=/Applications/Xcode.app/Contents/Developer/Platforms/iPhoneSimulator.platform/Developer/usr/bin
    export PLATFORM_DEVELOPER_LIBRARY_DIR\=/Applications/Xcode.app/Contents/Developer/Platforms/iPhoneSimulator.platform/Developer/Library
    export PLATFORM_DEVELOPER_SDK_DIR\=/Applications/Xcode.app/Contents/Developer/Platforms/iPhoneSimulator.platform/Developer/SDKs
    export PLATFORM_DEVELOPER_TOOLS_DIR\=/Applications/Xcode.app/Contents/Developer/Platforms/iPhoneSimulator.platform/Developer/Tools
    export PLATFORM_DEVELOPER_USR_DIR\=/Applications/Xcode.app/Contents/Developer/Platforms/iPhoneSimulator.platform/Developer/usr
    export PLATFORM_DIR\=/Applications/Xcode.app/Contents/Developer/Platforms/iPhoneSimulator.platform
    export PLATFORM_DISPLAY_NAME\=iOS\ Simulator
    export PLATFORM_FAMILY_NAME\=iOS
    export PLATFORM_NAME\=iphonesimulator
    export PLATFORM_PREFERRED_ARCH\=x86_64
    export PLATFORM_PRODUCT_BUILD_VERSION\=23E252
    export PLATFORM_REQUIRES_SWIFT_AUTOLINK_EXTRACT\=NO
    export PLATFORM_REQUIRES_SWIFT_MODULEWRAP\=NO
    export PLATFORM_USES_DSYMS\=YES
    export PLIST_FILE_OUTPUT_FORMAT\=binary
    export PLUGINS_FOLDER_PATH\=Chatlio.app/PlugIns
    export PRECOMPS_INCLUDE_HEADERS_FROM_BUILT_PRODUCTS_DIR\=YES
    export PRECOMP_DESTINATION_DIR\=/Users/aadityasingh/Library/Developer/Xcode/DerivedData/Chatlio-erkyzdeecsohoaggpwbjdvavzqfv/Build/Intermediates.noindex/Chatlio.build/Debug-iphonesimulator/Chatlio.build/PrefixHeaders
    export PRIVATE_HEADERS_FOLDER_PATH\=Chatlio.app/PrivateHeaders
    export PROCESSED_INFOPLIST_PATH\=/Users/aadityasingh/Library/Developer/Xcode/DerivedData/Chatlio-erkyzdeecsohoaggpwbjdvavzqfv/Build/Intermediates.noindex/Chatlio.build/Debug-iphonesimulator/Chatlio.build/Objects-normal/undefined_arch/Processed-Info.plist
    export PRODUCTION_APP_NAME\=Chatlio
    export PRODUCT_BUNDLE_IDENTIFIER\=im.word.skin.chatlio
    export PRODUCT_BUNDLE_PACKAGE_TYPE\=APPL
    export PRODUCT_MODULE_NAME\=Chatlio
    export PRODUCT_NAME\=Chatlio
    export PRODUCT_SETTINGS_PATH\=/Users/aadityasingh/Documents/Development/element-x-ios/Chatlio/SupportingFiles/Info.plist
    export PRODUCT_TYPE\=com.apple.product-type.application
    export PROFILING_CODE\=NO
    export PROJECT\=Chatlio
    export PROJECT_DERIVED_FILE_DIR\=/Users/aadityasingh/Library/Developer/Xcode/DerivedData/Chatlio-erkyzdeecsohoaggpwbjdvavzqfv/Build/Intermediates.noindex/Chatlio.build/DerivedSources
    export PROJECT_DIR\=/Users/aadityasingh/Documents/Development/element-x-ios
    export PROJECT_FILE_PATH\=/Users/aadityasingh/Documents/Development/element-x-ios/Chatlio.xcodeproj
    export PROJECT_GUID\=c0c2b8f6bf95e401ab7a73c0cdfb87e2
    export PROJECT_NAME\=Chatlio
    export PROJECT_TEMP_DIR\=/Users/aadityasingh/Library/Developer/Xcode/DerivedData/Chatlio-erkyzdeecsohoaggpwbjdvavzqfv/Build/Intermediates.noindex/Chatlio.build
    export PROJECT_TEMP_ROOT\=/Users/aadityasingh/Library/Developer/Xcode/DerivedData/Chatlio-erkyzdeecsohoaggpwbjdvavzqfv/Build/Intermediates.noindex
    export PROVISIONING_PROFILE_REQUIRED\=NO
    export PROVISIONING_PROFILE_REQUIRED_YES_YES\=YES
    export PROVISIONING_PROFILE_SUPPORTED\=YES
    export PUBLIC_HEADERS_FOLDER_PATH\=Chatlio.app/Headers
    export RECOMMENDED_IPHONEOS_DEPLOYMENT_TARGET\=15.0
    export RECURSIVE_SEARCH_PATHS_FOLLOW_SYMLINKS\=YES
    export REMOVE_CVS_FROM_RESOURCES\=YES
    export REMOVE_GIT_FROM_RESOURCES\=YES
    export REMOVE_HEADERS_FROM_EMBEDDED_BUNDLES\=YES
    export REMOVE_HG_FROM_RESOURCES\=YES
    export REMOVE_STATIC_EXECUTABLES_FROM_EMBEDDED_BUNDLES\=YES
    export REMOVE_SVN_FROM_RESOURCES\=YES
    export RESCHEDULE_INDEPENDENT_HEADERS_PHASES\=YES
    export REZ_COLLECTOR_DIR\=/Users/aadityasingh/Library/Developer/Xcode/DerivedData/Chatlio-erkyzdeecsohoaggpwbjdvavzqfv/Build/Intermediates.noindex/Chatlio.build/Debug-iphonesimulator/Chatlio.build/ResourceManagerResources
    export REZ_OBJECTS_DIR\=/Users/aadityasingh/Library/Developer/Xcode/DerivedData/Chatlio-erkyzdeecsohoaggpwbjdvavzqfv/Build/Intermediates.noindex/Chatlio.build/Debug-iphonesimulator/Chatlio.build/ResourceManagerResources/Objects
    export REZ_SEARCH_PATHS\=/Users/aadityasingh/Library/Developer/Xcode/DerivedData/Chatlio-erkyzdeecsohoaggpwbjdvavzqfv/Build/Products/Debug-iphonesimulator\ 
    export RPATH_ORIGIN\=@loader_path
    export RUNTIME_EXCEPTION_ALLOW_DYLD_ENVIRONMENT_VARIABLES\=NO
    export RUNTIME_EXCEPTION_ALLOW_JIT\=NO
    export RUNTIME_EXCEPTION_ALLOW_UNSIGNED_EXECUTABLE_MEMORY\=NO
    export RUNTIME_EXCEPTION_DEBUGGING_TOOL\=NO
    export RUNTIME_EXCEPTION_DISABLE_EXECUTABLE_PAGE_PROTECTION\=NO
    export RUNTIME_EXCEPTION_DISABLE_LIBRARY_VALIDATION\=NO
    export SCANNING_PCM_KEEP_CACHE_DIRECTORY\=YES
    export SCAN_ALL_SOURCE_FILES_FOR_INCLUDES\=NO
    export SCRIPTS_FOLDER_PATH\=Chatlio.app/Scripts
    export SCRIPT_INPUT_FILE_COUNT\=0
    export SCRIPT_INPUT_FILE_LIST_COUNT\=0
    export SCRIPT_OUTPUT_FILE_COUNT\=0
    export SCRIPT_OUTPUT_FILE_LIST_COUNT\=0
    export SDKROOT\=/Applications/Xcode.app/Contents/Developer/Platforms/iPhoneSimulator.platform/Developer/SDKs/iPhoneSimulator26.4.sdk
    export SDK_DIR\=/Applications/Xcode.app/Contents/Developer/Platforms/iPhoneSimulator.platform/Developer/SDKs/iPhoneSimulator26.4.sdk
    export SDK_DIR_iphonesimulator\=/Applications/Xcode.app/Contents/Developer/Platforms/iPhoneSimulator.platform/Developer/SDKs/iPhoneSimulator26.4.sdk
    export SDK_DIR_iphonesimulator26_4\=/Applications/Xcode.app/Contents/Developer/Platforms/iPhoneSimulator.platform/Developer/SDKs/iPhoneSimulator26.4.sdk
    export SDK_NAME\=iphonesimulator26.4
    export SDK_NAMES\=iphonesimulator26.4
    export SDK_PRODUCT_BUILD_VERSION\=23E252
    export SDK_STAT_CACHE_DIR\=/Users/aadityasingh/Library/Developer/Xcode/DerivedData
    export SDK_STAT_CACHE_ENABLE\=YES
    export SDK_STAT_CACHE_PATH\=/Users/aadityasingh/Library/Developer/Xcode/DerivedData/SDKStatCaches.noindex/iphonesimulator26.4-23E252-686eebb5dc1d8ecb277353a59184f4aa.sdkstatcache
    export SDK_VERSION\=26.4
    export SDK_VERSION_ACTUAL\=260400
    export SDK_VERSION_MAJOR\=260000
    export SDK_VERSION_MINOR\=260400
    export SED\=/usr/bin/sed
    export SEPARATE_STRIP\=NO
    export SEPARATE_SYMBOL_EDIT\=NO
    export SET_DIR_MODE_OWNER_GROUP\=YES
    export SET_FILE_MODE_OWNER_GROUP\=NO
    export SHALLOW_BUNDLE\=YES
    export SHALLOW_BUNDLE_TRIPLE\=ios-simulator
    export SHALLOW_BUNDLE_ios_macabi\=NO
    export SHALLOW_BUNDLE_macos\=NO
    export SHARED_DERIVED_FILE_DIR\=/Users/aadityasingh/Library/Developer/Xcode/DerivedData/Chatlio-erkyzdeecsohoaggpwbjdvavzqfv/Build/Products/Debug-iphonesimulator/DerivedSources
    export SHARED_FRAMEWORKS_FOLDER_PATH\=Chatlio.app/SharedFrameworks
    export SHARED_PRECOMPS_DIR\=/Users/aadityasingh/Library/Developer/Xcode/DerivedData/Chatlio-erkyzdeecsohoaggpwbjdvavzqfv/Build/Intermediates.noindex/PrecompiledHeaders
    export SHARED_SUPPORT_FOLDER_PATH\=Chatlio.app/SharedSupport
    export SKIP_INSTALL\=NO
    export SKIP_MERGEABLE_LIBRARY_BUNDLE_HOOK\=NO
    export SOURCE_ROOT\=/Users/aadityasingh/Documents/Development/element-x-ios
    export SRCROOT\=/Users/aadityasingh/Documents/Development/element-x-ios
    export STRINGSDATA_DIR\=/Users/aadityasingh/Library/Developer/Xcode/DerivedData/Chatlio-erkyzdeecsohoaggpwbjdvavzqfv/Build/Intermediates.noindex/Chatlio.build/Debug-iphonesimulator/Chatlio.build/Objects-normal/undefined_arch
    export STRINGSDATA_ROOT\=/Users/aadityasingh/Library/Developer/Xcode/DerivedData/Chatlio-erkyzdeecsohoaggpwbjdvavzqfv/Build/Intermediates.noindex/Chatlio.build/Debug-iphonesimulator/Chatlio.build
    export STRINGS_FILE_INFOPLIST_RENAME\=YES
    export STRINGS_FILE_OUTPUT_ENCODING\=binary
    export STRING_CATALOG_GENERATE_SYMBOLS\=NO
    export STRIP_BITCODE_FROM_COPIED_FILES\=NO
    export STRIP_INSTALLED_PRODUCT\=NO
    export STRIP_STYLE\=all
    export STRIP_SWIFT_SYMBOLS\=YES
    export SUPPORTED_DEVICE_FAMILIES\=1,2
    export SUPPORTED_PLATFORMS\=iphoneos\ iphonesimulator
    export SUPPORTS_MACCATALYST\=NO
    export SUPPORTS_ON_DEMAND_RESOURCES\=YES
    export SUPPORTS_TEXT_BASED_API\=NO
    export SUPPRESS_WARNINGS\=NO
    export SWIFT_ACTIVE_COMPILATION_CONDITIONS\=DEBUG
    export SWIFT_EMIT_CONST_VALUE_PROTOCOLS\=AnyResolverProviding\ AppEntity\ AppEnum\ AppExtension\ AppIntent\ AppIntentsPackage\ AppShortcutProviding\ AppShortcutsProvider\ AppUnionValue\ AppUnionValueCasesProviding\ DynamicOptionsProvider\ EntityQuery\ ExtensionPointDefining\ IntentValueQuery\ Resolver\ TransientEntity\ _AssistantIntentsProvider\ _GenerativeFunctionExtractable\ _IntentValueRepresentable
    export SWIFT_EMIT_LOC_STRINGS\=NO
    export SWIFT_ENABLE_EXPLICIT_MODULES\=YES
    export SWIFT_OBJC_BRIDGING_HEADER\=Chatlio/SupportingFiles/Chatlio-Bridging-Header.h
    export SWIFT_OBJC_INTERFACE_HEADER_NAME\=GeneratedInterface-Swift.h
    export SWIFT_OPTIMIZATION_LEVEL\=-Onone
    export SWIFT_PLATFORM_TARGET_PREFIX\=ios
    export SWIFT_RESPONSE_FILE_PATH_normal_arm64\=/Users/aadityasingh/Library/Developer/Xcode/DerivedData/Chatlio-erkyzdeecsohoaggpwbjdvavzqfv/Build/Intermediates.noindex/Chatlio.build/Debug-iphonesimulator/Chatlio.build/Objects-normal/arm64/Chatlio.SwiftFileList
    export SWIFT_VERSION\=5.0
    export SYMROOT\=/Users/aadityasingh/Library/Developer/Xcode/DerivedData/Chatlio-erkyzdeecsohoaggpwbjdvavzqfv/Build/Products
    export SYSTEM_ADMIN_APPS_DIR\=/Applications/Utilities
    export SYSTEM_APPS_DIR\=/Applications
    export SYSTEM_CORE_SERVICES_DIR\=/System/Library/CoreServices
    export SYSTEM_DEMOS_DIR\=/Applications/Extras
    export SYSTEM_DEVELOPER_APPS_DIR\=/Applications/Xcode.app/Contents/Developer/Applications
    export SYSTEM_DEVELOPER_BIN_DIR\=/Applications/Xcode.app/Contents/Developer/usr/bin
    export SYSTEM_DEVELOPER_DEMOS_DIR\=/Applications/Xcode.app/Contents/Developer/Applications/Utilities/Built\ Examples
    export SYSTEM_DEVELOPER_DIR\=/Applications/Xcode.app/Contents/Developer
    export SYSTEM_DEVELOPER_DOC_DIR\=/Applications/Xcode.app/Contents/Developer/ADC\ Reference\ Library
    export SYSTEM_DEVELOPER_GRAPHICS_TOOLS_DIR\=/Applications/Xcode.app/Contents/Developer/Applications/Graphics\ Tools
    export SYSTEM_DEVELOPER_JAVA_TOOLS_DIR\=/Applications/Xcode.app/Contents/Developer/Applications/Java\ Tools
    export SYSTEM_DEVELOPER_PERFORMANCE_TOOLS_DIR\=/Applications/Xcode.app/Contents/Developer/Applications/Performance\ Tools
    export SYSTEM_DEVELOPER_RELEASENOTES_DIR\=/Applications/Xcode.app/Contents/Developer/ADC\ Reference\ Library/releasenotes
    export SYSTEM_DEVELOPER_TOOLS\=/Applications/Xcode.app/Contents/Developer/Tools
    export SYSTEM_DEVELOPER_TOOLS_DOC_DIR\=/Applications/Xcode.app/Contents/Developer/ADC\ Reference\ Library/documentation/DeveloperTools
    export SYSTEM_DEVELOPER_TOOLS_RELEASENOTES_DIR\=/Applications/Xcode.app/Contents/Developer/ADC\ Reference\ Library/releasenotes/DeveloperTools
    export SYSTEM_DEVELOPER_USR_DIR\=/Applications/Xcode.app/Contents/Developer/usr
    export SYSTEM_DEVELOPER_UTILITIES_DIR\=/Applications/Xcode.app/Contents/Developer/Applications/Utilities
    export SYSTEM_DEXT_INSTALL_PATH\=/System/Library/DriverExtensions
    export SYSTEM_DOCUMENTATION_DIR\=/Library/Documentation
    export SYSTEM_EXTENSIONS_FOLDER_PATH\=Chatlio.app/SystemExtensions
    export SYSTEM_EXTENSIONS_FOLDER_PATH_SHALLOW_BUNDLE_NO\=Chatlio.app/Library/SystemExtensions
    export SYSTEM_EXTENSIONS_FOLDER_PATH_SHALLOW_BUNDLE_YES\=Chatlio.app/SystemExtensions
    export SYSTEM_KEXT_INSTALL_PATH\=/System/Library/Extensions
    export SYSTEM_LIBRARY_DIR\=/System/Library
    export TAPI_DEMANGLE\=YES
    export TAPI_ENABLE_PROJECT_HEADERS\=NO
    export TAPI_LANGUAGE\=objective-c
    export TAPI_LANGUAGE_STANDARD\=compiler-default
    export TAPI_USE_SRCROOT\=YES
    export TAPI_VERIFY_MODE\=Pedantic
    export TARGETED_DEVICE_FAMILY\=1,2
    export TARGETNAME\=Chatlio
    export TARGET_BUILD_DIR\=/Users/aadityasingh/Library/Developer/Xcode/DerivedData/Chatlio-erkyzdeecsohoaggpwbjdvavzqfv/Build/Products/Debug-iphonesimulator
    export TARGET_DEVICE_IDENTIFIER\=9A61A3BE-6F25-4DF4-9709-C0BF9F4EFE59
    export TARGET_DEVICE_MODEL\=iPad15,7
    export TARGET_DEVICE_OS_VERSION\=26.4.1
    export TARGET_DEVICE_PLATFORM_NAME\=iphonesimulator
    export TARGET_NAME\=Chatlio
    export TARGET_TEMP_DIR\=/Users/aadityasingh/Library/Developer/Xcode/DerivedData/Chatlio-erkyzdeecsohoaggpwbjdvavzqfv/Build/Intermediates.noindex/Chatlio.build/Debug-iphonesimulator/Chatlio.build
    export TEMP_DIR\=/Users/aadityasingh/Library/Developer/Xcode/DerivedData/Chatlio-erkyzdeecsohoaggpwbjdvavzqfv/Build/Intermediates.noindex/Chatlio.build/Debug-iphonesimulator/Chatlio.build
    export TEMP_FILES_DIR\=/Users/aadityasingh/Library/Developer/Xcode/DerivedData/Chatlio-erkyzdeecsohoaggpwbjdvavzqfv/Build/Intermediates.noindex/Chatlio.build/Debug-iphonesimulator/Chatlio.build
    export TEMP_FILE_DIR\=/Users/aadityasingh/Library/Developer/Xcode/DerivedData/Chatlio-erkyzdeecsohoaggpwbjdvavzqfv/Build/Intermediates.noindex/Chatlio.build/Debug-iphonesimulator/Chatlio.build
    export TEMP_ROOT\=/Users/aadityasingh/Library/Developer/Xcode/DerivedData/Chatlio-erkyzdeecsohoaggpwbjdvavzqfv/Build/Intermediates.noindex
    export TEMP_SANDBOX_DIR\=/Users/aadityasingh/Library/Developer/Xcode/DerivedData/Chatlio-erkyzdeecsohoaggpwbjdvavzqfv/Build/Intermediates.noindex/TemporaryTaskSandboxes
    export TEST_FRAMEWORK_SEARCH_PATHS\=\ /Applications/Xcode.app/Contents/Developer/Platforms/iPhoneSimulator.platform/Developer/Library/Frameworks\ /Applications/Xcode.app/Contents/Developer/Platforms/iPhoneSimulator.platform/Developer/SDKs/iPhoneSimulator26.4.sdk/Developer/Library/Frameworks
    export TEST_LIBRARY_SEARCH_PATHS\=\ /Applications/Xcode.app/Contents/Developer/Platforms/iPhoneSimulator.platform/Developer/usr/lib
    export TOOLCHAINS\=com.apple.dt.toolchain.XcodeDefault
    export TOOLCHAIN_DIR\=/Applications/Xcode.app/Contents/Developer/Toolchains/XcodeDefault.xctoolchain
    export TREAT_MISSING_BASELINES_AS_TEST_FAILURES\=NO
    export TREAT_MISSING_SCRIPT_PHASE_OUTPUTS_AS_ERRORS\=NO
    export TeamIdentifierPrefix\=7J4U792NQT.
    export UID\=501
    export UNINSTALLED_PRODUCTS_DIR\=/Users/aadityasingh/Library/Developer/Xcode/DerivedData/Chatlio-erkyzdeecsohoaggpwbjdvavzqfv/Build/Intermediates.noindex/UninstalledProducts
    export UNLOCALIZED_RESOURCES_FOLDER_PATH\=Chatlio.app
    export UNLOCALIZED_RESOURCES_FOLDER_PATH_SHALLOW_BUNDLE_NO\=Chatlio.app/Resources
    export UNLOCALIZED_RESOURCES_FOLDER_PATH_SHALLOW_BUNDLE_YES\=Chatlio.app
    export UNSTRIPPED_PRODUCT\=NO
    export USER\=aadityasingh
    export USER_APPS_DIR\=/Users/aadityasingh/Applications
    export USER_LIBRARY_DIR\=/Users/aadityasingh/Library
    export USE_DYNAMIC_NO_PIC\=YES
    export USE_HEADERMAP\=YES
    export USE_HEADER_SYMLINKS\=NO
    export VALIDATE_DEVELOPMENT_ASSET_PATHS\=YES_ERROR
    export VALIDATE_PRODUCT\=NO
    export VALID_ARCHS\=arm64\ x86_64
    export VERBOSE_PBXCP\=NO
    export VERSIONPLIST_PATH\=Chatlio.app/version.plist
    export VERSION_INFO_BUILDER\=aadityasingh
    export VERSION_INFO_FILE\=Chatlio_vers.c
    export VERSION_INFO_STRING\=\"@\(\#\)PROGRAM:Chatlio\ \ PROJECT:Chatlio-1\"
    export WORKSPACE_DIR\=/Users/aadityasingh/Documents/Development/element-x-ios/Chatlio.xcodeproj
    export WRAPPER_EXTENSION\=app
    export WRAPPER_NAME\=Chatlio.app
    export WRAPPER_SUFFIX\=.app
    export WRAP_ASSET_PACKS_IN_SEPARATE_DIRECTORIES\=NO
    export XCODE_APP_SUPPORT_DIR\=/Applications/Xcode.app/Contents/Developer/Library/Xcode
    export XCODE_PRODUCT_BUILD_VERSION\=17E202
    export XCODE_VERSION_ACTUAL\=2641
    export XCODE_VERSION_MAJOR\=2600
    export XCODE_VERSION_MINOR\=2640
    export XPCSERVICES_FOLDER_PATH\=Chatlio.app/XPCServices
    export YACC\=yacc
    export _DISCOVER_COMMAND_LINE_LINKER_INPUTS\=YES
    export _DISCOVER_COMMAND_LINE_LINKER_INPUTS_INCLUDE_WL\=YES
    export _LD_MULTIARCH\=YES
    export _WRAPPER_CONTENTS_DIR_SHALLOW_BUNDLE_NO\=/Contents
    export _WRAPPER_PARENT_PATH_SHALLOW_BUNDLE_NO\=/..
    export _WRAPPER_RESOURCES_DIR_SHALLOW_BUNDLE_NO\=/Resources
    export __DIAGNOSE_DEPRECATED_ARCHS\=YES
    export __IS_NOT_MACOS\=YES
    export __IS_NOT_MACOS_macosx\=NO
    export __IS_NOT_SIMULATOR\=NO
    export __IS_NOT_SIMULATOR_simulator\=NO
    export __ORIGINAL_SDK_DEFINED_LLVM_TARGET_TRIPLE_SYS\=ios
    export arch\=undefined_arch
    export variant\=normal
    /bin/sh -c /Users/aadityasingh/Library/Developer/Xcode/DerivedData/Chatlio-erkyzdeecsohoaggpwbjdvavzqfv/Build/Intermediates.noindex/Chatlio.build/Debug-iphonesimulator/Chatlio.build/Script-4509B3BD2350960F9715A4BB.sh
Using configuration file at 'Tools/Sourcery/PreviewTestsConfig.yml'
Scanning sources...
Found 2308 types in 1023 files, 0 changed from last run.
Loading templates...
Loaded 1 templates.
Generating code...
Finished.
Processing time 0.48 seconds

PhaseScriptExecution 🧙\ Sourcery\ -\ Generate\ Accessibility\ Tests /Users/aadityasingh/Library/Developer/Xcode/DerivedData/Chatlio-erkyzdeecsohoaggpwbjdvavzqfv/Build/Intermediates.noindex/Chatlio.build/Debug-iphonesimulator/Chatlio.build/Script-394E58E943052FAC5455F0DB.sh (in target 'Chatlio' from project 'Chatlio')
    cd /Users/aadityasingh/Documents/Development/element-x-ios
    export ACTION\=build
    export AD_HOC_CODE_SIGNING_ALLOWED\=YES
    export AGGREGATE_TRACKED_DOMAINS\=YES
    export ALLOW_BUILD_REQUEST_OVERRIDES\=NO
    export ALLOW_TARGET_PLATFORM_SPECIALIZATION\=NO
    export ALTERNATE_GROUP\=staff
    export ALTERNATE_MODE\=u+w,go-w,a+rX
    export ALTERNATE_OWNER\=aadityasingh
    export ALTERNATIVE_DISTRIBUTION_WEB\=NO
    export ALWAYS_EMBED_SWIFT_STANDARD_LIBRARIES\=NO
    export ALWAYS_SEARCH_USER_PATHS\=NO
    export ALWAYS_USE_SEPARATE_HEADERMAPS\=NO
    export APPLICATION_EXTENSION_API_ONLY\=NO
    export APPLY_RULES_IN_COPY_FILES\=NO
    export APPLY_RULES_IN_COPY_HEADERS\=NO
    export APP_DISPLAY_NAME\=Chatlio
    export APP_GROUP_IDENTIFIER\=group.word.skin
    export APP_NAME\=Chatlio
    export APP_SHORTCUTS_ENABLE_FLEXIBLE_MATCHING\=YES
    export ARCHS\=arm64
    export ARCHS_BASE\=arm64
    export ARCHS_STANDARD\=arm64\ x86_64
    export ARCHS_STANDARD_32_64_BIT\=arm64\ x86_64
    export ARCHS_STANDARD_64_BIT\=arm64\ x86_64
    export ARCHS_STANDARD_INCLUDING_64_BIT\=arm64\ x86_64
    export ARCHS_UNIVERSAL_IPHONE_OS\=arm64\ x86_64
    export ASSETCATALOG_COMPILER_APPICON_NAME\=AppIcon
    export ASSETCATALOG_COMPILER_GLOBAL_ACCENT_COLOR_NAME\=colors/accent-color
    export ASSETCATALOG_FILTER_FOR_DEVICE_MODEL\=iPad15,7
    export ASSETCATALOG_FILTER_FOR_DEVICE_OS_VERSION\=26.4.1
    export ASSETCATALOG_FILTER_FOR_THINNING_DEVICE_CONFIGURATION\=iPad15,7
    export AUTOMATICALLY_MERGE_DEPENDENCIES\=NO
    export AUTOMATION_APPLE_EVENTS\=NO
    export AVAILABLE_PLATFORMS\=android\ appletvos\ appletvsimulator\ driverkit\ freebsd\ iphoneos\ iphonesimulator\ linux\ macosx\ none\ openbsd\ qnx\ watchos\ watchsimulator\ webassembly\ xros\ xrsimulator
    export AppIdentifierPrefix\=7J4U792NQT.
    export BASE_BUNDLE_IDENTIFIER\=im.word.skin.chatlio
    export BUILD_ACTIVE_RESOURCES_ONLY\=YES
    export BUILD_COMPONENTS\=headers\ build
    export BUILD_DIR\=/Users/aadityasingh/Library/Developer/Xcode/DerivedData/Chatlio-erkyzdeecsohoaggpwbjdvavzqfv/Build/Products
    export BUILD_LIBRARY_FOR_DISTRIBUTION\=NO
    export BUILD_ONLY_KNOWN_LOCALIZATIONS\=NO
    export BUILD_ROOT\=/Users/aadityasingh/Library/Developer/Xcode/DerivedData/Chatlio-erkyzdeecsohoaggpwbjdvavzqfv/Build/Products
    export BUILD_STYLE\=
    export BUILD_VARIANTS\=normal
    export BUILT_PRODUCTS_DIR\=/Users/aadityasingh/Library/Developer/Xcode/DerivedData/Chatlio-erkyzdeecsohoaggpwbjdvavzqfv/Build/Products/Debug-iphonesimulator
    export BUNDLE_CONTENTS_FOLDER_PATH_deep\=Contents/
    export BUNDLE_EXECUTABLE_FOLDER_NAME_deep\=MacOS
    export BUNDLE_EXTENSIONS_FOLDER_PATH\=Extensions
    export BUNDLE_FORMAT\=shallow
    export BUNDLE_FRAMEWORKS_FOLDER_PATH\=Frameworks
    export BUNDLE_PLUGINS_FOLDER_PATH\=PlugIns
    export BUNDLE_PRIVATE_HEADERS_FOLDER_PATH\=PrivateHeaders
    export BUNDLE_PUBLIC_HEADERS_FOLDER_PATH\=Headers
    export CACHE_ROOT\=/var/folders/_t/vvs65kln6v17b8_zbbg6qz5r0000gn/C/com.apple.DeveloperTools/26.4.1-17E202/Xcode
    export CCHROOT\=/var/folders/_t/vvs65kln6v17b8_zbbg6qz5r0000gn/C/com.apple.DeveloperTools/26.4.1-17E202/Xcode
    export CHMOD\=/bin/chmod
    export CHOWN\=chown
    export CLANG_ANALYZER_LOCALIZABILITY_NONLOCALIZED\=YES
    export CLANG_ANALYZER_NONNULL\=YES
    export CLANG_ANALYZER_NUMBER_OBJECT_CONVERSION\=YES_AGGRESSIVE
    export CLANG_CACHE_FINE_GRAINED_OUTPUTS\=YES
    export CLANG_COVERAGE_MAPPING\=YES
    export CLANG_CXX_LANGUAGE_STANDARD\=gnu++14
    export CLANG_CXX_LIBRARY\=libc++
    export CLANG_ENABLE_EXPLICIT_MODULES\=YES
    export CLANG_ENABLE_MODULES\=YES
    export CLANG_ENABLE_OBJC_ARC\=YES
    export CLANG_ENABLE_OBJC_WEAK\=YES
    export CLANG_MODULES_BUILD_SESSION_FILE\=/Users/aadityasingh/Library/Developer/Xcode/DerivedData/ModuleCache.noindex/Session.modulevalidation
    export CLANG_PROFILE_DATA_DIRECTORY\=/Users/aadityasingh/Library/Developer/Xcode/DerivedData/Chatlio-erkyzdeecsohoaggpwbjdvavzqfv/Build/ProfileData
    export CLANG_WARN_BLOCK_CAPTURE_AUTORELEASING\=YES
    export CLANG_WARN_BOOL_CONVERSION\=YES
    export CLANG_WARN_COMMA\=YES
    export CLANG_WARN_CONSTANT_CONVERSION\=YES
    export CLANG_WARN_DEPRECATED_OBJC_IMPLEMENTATIONS\=YES
    export CLANG_WARN_DIRECT_OBJC_ISA_USAGE\=YES_ERROR
    export CLANG_WARN_DOCUMENTATION_COMMENTS\=YES
    export CLANG_WARN_EMPTY_BODY\=YES
    export CLANG_WARN_ENUM_CONVERSION\=YES
    export CLANG_WARN_INFINITE_RECURSION\=YES
    export CLANG_WARN_INT_CONVERSION\=YES
    export CLANG_WARN_NON_LITERAL_NULL_CONVERSION\=YES
    export CLANG_WARN_OBJC_IMPLICIT_RETAIN_SELF\=YES
    export CLANG_WARN_OBJC_LITERAL_CONVERSION\=YES
    export CLANG_WARN_OBJC_ROOT_CLASS\=YES_ERROR
    export CLANG_WARN_QUOTED_INCLUDE_IN_FRAMEWORK_HEADER\=YES
    export CLANG_WARN_RANGE_LOOP_ANALYSIS\=YES
    export CLANG_WARN_STRICT_PROTOTYPES\=YES
    export CLANG_WARN_SUSPICIOUS_MOVE\=YES
    export CLANG_WARN_UNGUARDED_AVAILABILITY\=YES_AGGRESSIVE
    export CLANG_WARN_UNREACHABLE_CODE\=YES
    export CLANG_WARN__DUPLICATE_METHOD_MATCH\=YES
    export CLASSIC_APP_GROUP_IDENTIFIER\=group.im.vector
    export CLASSIC_APP_KEYCHAIN_ACCESS_GROUP_IDENTIFIER\=7J4U792NQT.im.vector.app.keychain.shared
    export CLASSIC_APP_KEYCHAIN_SERVICE_IDENTIFIER\=im.vector.app.encryption-manager-service
    export CLASS_FILE_DIR\=/Users/aadityasingh/Library/Developer/Xcode/DerivedData/Chatlio-erkyzdeecsohoaggpwbjdvavzqfv/Build/Intermediates.noindex/Chatlio.build/Debug-iphonesimulator/Chatlio.build/JavaClasses
    export CLEAN_PRECOMPS\=YES
    export CLONE_HEADERS\=NO
    export CODESIGNING_FOLDER_PATH\=/Users/aadityasingh/Library/Developer/Xcode/DerivedData/Chatlio-erkyzdeecsohoaggpwbjdvavzqfv/Build/Products/Debug-iphonesimulator/Chatlio.app
    export CODE_SIGNING_ALLOWED\=YES
    export CODE_SIGNING_REQUIRED\=YES
    export CODE_SIGN_CONTEXT_CLASS\=XCiPhoneSimulatorCodeSignContext
    export CODE_SIGN_ENTITLEMENTS\=Chatlio/SupportingFiles/Chatlio.entitlements
    export CODE_SIGN_IDENTITY\=iPhone\ Developer
    export CODE_SIGN_INJECT_BASE_ENTITLEMENTS\=YES
    export COLOR_DIAGNOSTICS\=NO
    export COMBINE_HIDPI_IMAGES\=NO
    export COMPILATION_CACHE_CAS_PATH\=/Users/aadityasingh/Library/Developer/Xcode/DerivedData/CompilationCache.noindex
    export COMPILATION_CACHE_KEEP_CAS_DIRECTORY\=YES
    export COMPILER_INDEX_STORE_ENABLE\=Default
    export COMPOSITE_SDK_DIRS\=/Users/aadityasingh/Library/Developer/Xcode/DerivedData/Chatlio-erkyzdeecsohoaggpwbjdvavzqfv/Build/Intermediates.noindex/CompositeSDKs
    export COMPRESS_PNG_FILES\=YES
    export CONFIGURATION\=Debug
    export CONFIGURATION_BUILD_DIR\=/Users/aadityasingh/Library/Developer/Xcode/DerivedData/Chatlio-erkyzdeecsohoaggpwbjdvavzqfv/Build/Products/Debug-iphonesimulator
    export CONFIGURATION_TEMP_DIR\=/Users/aadityasingh/Library/Developer/Xcode/DerivedData/Chatlio-erkyzdeecsohoaggpwbjdvavzqfv/Build/Intermediates.noindex/Chatlio.build/Debug-iphonesimulator
    export CONTENTS_FOLDER_PATH\=Chatlio.app
    export CONTENTS_FOLDER_PATH_SHALLOW_BUNDLE_NO\=Chatlio.app/Contents
    export CONTENTS_FOLDER_PATH_SHALLOW_BUNDLE_YES\=Chatlio.app
    export COPYING_PRESERVES_HFS_DATA\=NO
    export COPY_HEADERS_RUN_UNIFDEF\=NO
    export COPY_PHASE_STRIP\=NO
    export CORRESPONDING_DEVICE_PLATFORM_DIR\=/Applications/Xcode.app/Contents/Developer/Platforms/iPhoneOS.platform
    export CORRESPONDING_DEVICE_PLATFORM_NAME\=iphoneos
    export CORRESPONDING_DEVICE_SDK_DIR\=/Applications/Xcode.app/Contents/Developer/Platforms/iPhoneOS.platform/Developer/SDKs/iPhoneOS26.4.sdk
    export CORRESPONDING_DEVICE_SDK_NAME\=iphoneos26.4
    export CP\=/bin/cp
    export CREATE_INFOPLIST_SECTION_IN_BINARY\=NO
    export CURRENT_ARCH\=undefined_arch
    export CURRENT_PROJECT_VERSION\=1
    export CURRENT_VARIANT\=normal
    export DEAD_CODE_STRIPPING\=YES
    export DEBUGGING_SYMBOLS\=YES
    export DEBUG_INFORMATION_FORMAT\=dwarf-with-dsym
    export DEBUG_INFORMATION_VERSION\=compiler-default
    export DEFAULT_COMPILER\=com.apple.compilers.llvm.clang.1_0
    export DEFAULT_DEXT_INSTALL_PATH\=/System/Library/DriverExtensions
    export DEFAULT_KEXT_INSTALL_PATH\=/System/Library/Extensions
    export DEFINES_MODULE\=NO
    export DEPLOYMENT_LOCATION\=NO
    export DEPLOYMENT_POSTPROCESSING\=NO
    export DEPLOYMENT_TARGET_SETTING_NAME\=IPHONEOS_DEPLOYMENT_TARGET
    export DEPLOYMENT_TARGET_SUGGESTED_VALUES\=12.0\ 12.1\ 12.2\ 12.3\ 12.4\ 13.0\ 13.1\ 13.2\ 13.3\ 13.4\ 13.5\ 13.6\ 14.0\ 14.1\ 14.2\ 14.3\ 14.4\ 14.5\ 14.6\ 14.7\ 15.0\ 15.1\ 15.2\ 15.3\ 15.4\ 15.5\ 15.6\ 16.0\ 16.1\ 16.2\ 16.3\ 16.4\ 16.5\ 16.6\ 17.0\ 17.1\ 17.2\ 17.3\ 17.4\ 17.5\ 17.6\ 18.0\ 18.1\ 18.2\ 18.3\ 18.4\ 18.5\ 18.6\ 26.0\ 26.2\ 26.3\ 26.4
    export DERIVED_FILES_DIR\=/Users/aadityasingh/Library/Developer/Xcode/DerivedData/Chatlio-erkyzdeecsohoaggpwbjdvavzqfv/Build/Intermediates.noindex/Chatlio.build/Debug-iphonesimulator/Chatlio.build/DerivedSources
    export DERIVED_FILE_DIR\=/Users/aadityasingh/Library/Developer/Xcode/DerivedData/Chatlio-erkyzdeecsohoaggpwbjdvavzqfv/Build/Intermediates.noindex/Chatlio.build/Debug-iphonesimulator/Chatlio.build/DerivedSources
    export DERIVED_SOURCES_DIR\=/Users/aadityasingh/Library/Developer/Xcode/DerivedData/Chatlio-erkyzdeecsohoaggpwbjdvavzqfv/Build/Intermediates.noindex/Chatlio.build/Debug-iphonesimulator/Chatlio.build/DerivedSources
    export DEVELOPER_APPLICATIONS_DIR\=/Applications/Xcode.app/Contents/Developer/Applications
    export DEVELOPER_BIN_DIR\=/Applications/Xcode.app/Contents/Developer/usr/bin
    export DEVELOPER_DIR\=/Applications/Xcode.app/Contents/Developer
    export DEVELOPER_FRAMEWORKS_DIR\=/Applications/Xcode.app/Contents/Developer/Library/Frameworks
    export DEVELOPER_FRAMEWORKS_DIR_QUOTED\=/Applications/Xcode.app/Contents/Developer/Library/Frameworks
    export DEVELOPER_LIBRARY_DIR\=/Applications/Xcode.app/Contents/Developer/Library
    export DEVELOPER_SDK_DIR\=/Applications/Xcode.app/Contents/Developer/Platforms/MacOSX.platform/Developer/SDKs
    export DEVELOPER_TOOLS_DIR\=/Applications/Xcode.app/Contents/Developer/Tools
    export DEVELOPER_USR_DIR\=/Applications/Xcode.app/Contents/Developer/usr
    export DEVELOPMENT_ASSET_PATHS\=DevelopmentAssets/Media
    export DEVELOPMENT_LANGUAGE\=en
    export DEVELOPMENT_TEAM\=7J4U792NQT
    export DIAGNOSE_MISSING_TARGET_DEPENDENCIES\=YES
    export DIFF\=/usr/bin/diff
    export DOCUMENTATION_FOLDER_PATH\=Chatlio.app/en.lproj/Documentation
    export DONT_GENERATE_INFOPLIST_FILE\=NO
    export DSTROOT\=/tmp/Chatlio.dst
    export DT_TOOLCHAIN_DIR\=/Applications/Xcode.app/Contents/Developer/Toolchains/XcodeDefault.xctoolchain
    export DUMP_DEPENDENCIES\=NO
    export DUMP_DEPENDENCIES_OUTPUT_PATH\=/Users/aadityasingh/Library/Developer/Xcode/DerivedData/Chatlio-erkyzdeecsohoaggpwbjdvavzqfv/Build/Intermediates.noindex/Chatlio.build/Debug-iphonesimulator/Chatlio.build/Chatlio-BuildDependencyInfo.json
    export DWARF_DSYM_FILE_NAME\=Chatlio.app.dSYM
    export DWARF_DSYM_FILE_SHOULD_ACCOMPANY_PRODUCT\=NO
    export DWARF_DSYM_FOLDER_PATH\=/Users/aadityasingh/Library/Developer/Xcode/DerivedData/Chatlio-erkyzdeecsohoaggpwbjdvavzqfv/Build/Products/Debug-iphonesimulator
    export DYNAMIC_LIBRARY_EXTENSION\=dylib
    export EAGER_COMPILATION_ALLOW_SCRIPTS\=NO
    export EAGER_LINKING\=NO
    export EFFECTIVE_PLATFORM_NAME\=-iphonesimulator
    export EFFECTIVE_SWIFT_VERSION\=5
    export EMBEDDED_CONTENT_CONTAINS_SWIFT\=NO
    export EMBED_ASSET_PACKS_IN_PRODUCT_BUNDLE\=NO
    export EMBED_PACKAGE_RESOURCE_BUNDLE_NAMES\=\ DTCoreText_DTCoreText\ Emojibase_Emojibase\ PostHog_PostHog\ Kingfisher_Kingfisher\ EmbeddedElementCall_EmbeddedElementCall\ DeviceKit_DeviceKit\ CompoundDesignTokens_CompoundDesignTokens
    export ENABLE_APP_SANDBOX\=NO
    export ENABLE_BITCODE\=NO
    export ENABLE_CODE_COVERAGE\=YES
    export ENABLE_COHORT_ARCHS\=NO
    export ENABLE_CPLUSPLUS_BOUNDS_SAFE_BUFFERS\=NO
    export ENABLE_C_BOUNDS_SAFETY\=NO
    export ENABLE_DEBUG_DYLIB\=YES
    export ENABLE_DEFAULT_HEADER_SEARCH_PATHS\=YES
    export ENABLE_DEFAULT_SEARCH_PATHS\=YES
    export ENABLE_ENHANCED_SECURITY\=NO
    export ENABLE_HARDENED_RUNTIME\=NO
    export ENABLE_HEADER_DEPENDENCIES\=YES
    export ENABLE_INCOMING_NETWORK_CONNECTIONS\=NO
    export ENABLE_ON_DEMAND_RESOURCES\=YES
    export ENABLE_OUTGOING_NETWORK_CONNECTIONS\=NO
    export ENABLE_POINTER_AUTHENTICATION\=NO
    export ENABLE_PREVIEWS\=NO
    export ENABLE_RESOURCE_ACCESS_AUDIO_INPUT\=NO
    export ENABLE_RESOURCE_ACCESS_BLUETOOTH\=NO
    export ENABLE_RESOURCE_ACCESS_CALENDARS\=NO
    export ENABLE_RESOURCE_ACCESS_CAMERA\=NO
    export ENABLE_RESOURCE_ACCESS_CONTACTS\=NO
    export ENABLE_RESOURCE_ACCESS_LOCATION\=NO
    export ENABLE_RESOURCE_ACCESS_PHOTO_LIBRARY\=NO
    export ENABLE_RESOURCE_ACCESS_PRINTING\=NO
    export ENABLE_RESOURCE_ACCESS_USB\=NO
    export ENABLE_SDK_IMPORTS\=NO
    export ENABLE_SECURITY_COMPILER_WARNINGS\=NO
    export ENABLE_STRICT_OBJC_MSGSEND\=YES
    export ENABLE_TESTABILITY\=YES
    export ENABLE_TESTING_SEARCH_PATHS\=NO
    export ENABLE_USER_SCRIPT_SANDBOXING\=NO
    export ENABLE_XOJIT_PREVIEWS\=YES
    export ENFORCE_VALID_ARCHS\=YES
    export ENTITLEMENTS_ALLOWED\=NO
    export ENTITLEMENTS_DESTINATION\=__entitlements
    export ENTITLEMENTS_REQUIRED\=NO
    export EXCLUDED_INSTALLSRC_SUBDIRECTORY_PATTERNS\=.DS_Store\ .svn\ .git\ .hg\ CVS
    export EXCLUDED_RECURSIVE_SEARCH_PATH_SUBDIRECTORIES\=\*.nib\ \*.lproj\ \*.framework\ \*.gch\ \*.xcode\*\ \*.xcassets\ \*.icon\ \(\*\)\ .DS_Store\ CVS\ .svn\ .git\ .hg\ \*.pbproj\ \*.pbxproj
    export EXECUTABLES_FOLDER_PATH\=Chatlio.app/Executables
    export EXECUTABLE_BLANK_INJECTION_DYLIB_PATH\=Chatlio.app/__preview.dylib
    export EXECUTABLE_DEBUG_DYLIB_INSTALL_NAME\=@rpath/Chatlio.debug.dylib
    export EXECUTABLE_DEBUG_DYLIB_PATH\=Chatlio.app/Chatlio.debug.dylib
    export EXECUTABLE_FOLDER_PATH\=Chatlio.app
    export EXECUTABLE_FOLDER_PATH_SHALLOW_BUNDLE_NO\=Chatlio.app/MacOS
    export EXECUTABLE_FOLDER_PATH_SHALLOW_BUNDLE_YES\=Chatlio.app
    export EXECUTABLE_NAME\=Chatlio
    export EXECUTABLE_PATH\=Chatlio.app/Chatlio
    export EXPANDED_CODE_SIGN_IDENTITY\=-
    export EXPANDED_CODE_SIGN_IDENTITY_NAME\=Sign\ to\ Run\ Locally
    export EXTENSIONS_FOLDER_PATH\=Chatlio.app/Extensions
    export FILE_LIST\=/Users/aadityasingh/Library/Developer/Xcode/DerivedData/Chatlio-erkyzdeecsohoaggpwbjdvavzqfv/Build/Intermediates.noindex/Chatlio.build/Debug-iphonesimulator/Chatlio.build/Objects/LinkFileList
    export FIXED_FILES_DIR\=/Users/aadityasingh/Library/Developer/Xcode/DerivedData/Chatlio-erkyzdeecsohoaggpwbjdvavzqfv/Build/Intermediates.noindex/Chatlio.build/Debug-iphonesimulator/Chatlio.build/FixedFiles
    export FRAMEWORKS_FOLDER_PATH\=Chatlio.app/Frameworks
    export FRAMEWORK_FLAG_PREFIX\=-framework
    export FRAMEWORK_SEARCH_PATHS\=/Users/aadityasingh/Library/Developer/Xcode/DerivedData/Chatlio-erkyzdeecsohoaggpwbjdvavzqfv/Build/Products/Debug-iphonesimulator/PackageFrameworks\ /Users/aadityasingh/Library/Developer/Xcode/DerivedData/Chatlio-erkyzdeecsohoaggpwbjdvavzqfv/Build/Products/Debug-iphonesimulator/PackageFrameworks\ /Users/aadityasingh/Library/Developer/Xcode/DerivedData/Chatlio-erkyzdeecsohoaggpwbjdvavzqfv/Build/Products/Debug-iphonesimulator/PackageFrameworks\ /Users/aadityasingh/Library/Developer/Xcode/DerivedData/Chatlio-erkyzdeecsohoaggpwbjdvavzqfv/Build/Products/Debug-iphonesimulator/PackageFrameworks\ /Users/aadityasingh/Library/Developer/Xcode/DerivedData/Chatlio-erkyzdeecsohoaggpwbjdvavzqfv/Build/Products/Debug-iphonesimulator/PackageFrameworks\ /Users/aadityasingh/Library/Developer/Xcode/DerivedData/Chatlio-erkyzdeecsohoaggpwbjdvavzqfv/Build/Products/Debug-iphonesimulator/PackageFrameworks\ /Users/aadityasingh/Library/Developer/Xcode/DerivedData/Chatlio-erkyzdeecsohoaggpwbjdvavzqfv/Build/Products/Debug-iphonesimulator/PackageFrameworks\ /Users/aadityasingh/Library/Developer/Xcode/DerivedData/Chatlio-erkyzdeecsohoaggpwbjdvavzqfv/Build/Products/Debug-iphonesimulator/PackageFrameworks\ /Users/aadityasingh/Library/Developer/Xcode/DerivedData/Chatlio-erkyzdeecsohoaggpwbjdvavzqfv/Build/Products/Debug-iphonesimulator/PackageFrameworks\ /Users/aadityasingh/Library/Developer/Xcode/DerivedData/Chatlio-erkyzdeecsohoaggpwbjdvavzqfv/Build/Products/Debug-iphonesimulator/PackageFrameworks\ /Users/aadityasingh/Library/Developer/Xcode/DerivedData/Chatlio-erkyzdeecsohoaggpwbjdvavzqfv/Build/Products/Debug-iphonesimulator/PackageFrameworks\ /Users/aadityasingh/Library/Developer/Xcode/DerivedData/Chatlio-erkyzdeecsohoaggpwbjdvavzqfv/Build/Products/Debug-iphonesimulator/PackageFrameworks\ /Users/aadityasingh/Library/Developer/Xcode/DerivedData/Chatlio-erkyzdeecsohoaggpwbjdvavzqfv/Build/Products/Debug-iphonesimulator/PackageFrameworks\ /Users/aadityasingh/Library/Developer/Xcode/DerivedData/Chatlio-erkyzdeecsohoaggpwbjdvavzqfv/Build/Products/Debug-iphonesimulator/PackageFrameworks\ /Users/aadityasingh/Library/Developer/Xcode/DerivedData/Chatlio-erkyzdeecsohoaggpwbjdvavzqfv/Build/Products/Debug-iphonesimulator/PackageFrameworks\ /Users/aadityasingh/Library/Developer/Xcode/DerivedData/Chatlio-erkyzdeecsohoaggpwbjdvavzqfv/Build/Products/Debug-iphonesimulator/PackageFrameworks\ /Users/aadityasingh/Library/Developer/Xcode/DerivedData/Chatlio-erkyzdeecsohoaggpwbjdvavzqfv/Build/Products/Debug-iphonesimulator/PackageFrameworks\ /Users/aadityasingh/Library/Developer/Xcode/DerivedData/Chatlio-erkyzdeecsohoaggpwbjdvavzqfv/Build/Products/Debug-iphonesimulator/PackageFrameworks\ /Users/aadityasingh/Library/Developer/Xcode/DerivedData/Chatlio-erkyzdeecsohoaggpwbjdvavzqfv/Build/Products/Debug-iphonesimulator/PackageFrameworks\ /Users/aadityasingh/Library/Developer/Xcode/DerivedData/Chatlio-erkyzdeecsohoaggpwbjdvavzqfv/Build/Products/Debug-iphonesimulator/PackageFrameworks\ /Users/aadityasingh/Library/Developer/Xcode/DerivedData/Chatlio-erkyzdeecsohoaggpwbjdvavzqfv/Build/Products/Debug-iphonesimulator/PackageFrameworks\ /Users/aadityasingh/Library/Developer/Xcode/DerivedData/Chatlio-erkyzdeecsohoaggpwbjdvavzqfv/Build/Products/Debug-iphonesimulator/PackageFrameworks\ /Users/aadityasingh/Library/Developer/Xcode/DerivedData/Chatlio-erkyzdeecsohoaggpwbjdvavzqfv/Build/Products/Debug-iphonesimulator/PackageFrameworks\ /Users/aadityasingh/Library/Developer/Xcode/DerivedData/Chatlio-erkyzdeecsohoaggpwbjdvavzqfv/Build/Products/Debug-iphonesimulator/PackageFrameworks\ /Users/aadityasingh/Library/Developer/Xcode/DerivedData/Chatlio-erkyzdeecsohoaggpwbjdvavzqfv/Build/Products/Debug-iphonesimulator/PackageFrameworks\ /Users/aadityasingh/Library/Developer/Xcode/DerivedData/Chatlio-erkyzdeecsohoaggpwbjdvavzqfv/Build/Products/Debug-iphonesimulator/PackageFrameworks\ /Users/aadityasingh/Library/Developer/Xcode/DerivedData/Chatlio-erkyzdeecsohoaggpwbjdvavzqfv/Build/Products/Debug-iphonesimulator/PackageFrameworks\ /Users/aadityasingh/Library/Developer/Xcode/DerivedData/Chatlio-erkyzdeecsohoaggpwbjdvavzqfv/Build/Products/Debug-iphonesimulator/PackageFrameworks\ /Users/aadityasingh/Library/Developer/Xcode/DerivedData/Chatlio-erkyzdeecsohoaggpwbjdvavzqfv/Build/Products/Debug-iphonesimulator/PackageFrameworks\ /Users/aadityasingh/Library/Developer/Xcode/DerivedData/Chatlio-erkyzdeecsohoaggpwbjdvavzqfv/Build/Products/Debug-iphonesimulator/PackageFrameworks\ /Users/aadityasingh/Library/Developer/Xcode/DerivedData/Chatlio-erkyzdeecsohoaggpwbjdvavzqfv/Build/Products/Debug-iphonesimulator/PackageFrameworks\ /Users/aadityasingh/Library/Developer/Xcode/DerivedData/Chatlio-erkyzdeecsohoaggpwbjdvavzqfv/Build/Products/Debug-iphonesimulator/PackageFrameworks\ /Users/aadityasingh/Library/Developer/Xcode/DerivedData/Chatlio-erkyzdeecsohoaggpwbjdvavzqfv/Build/Products/Debug-iphonesimulator/PackageFrameworks\ /Users/aadityasingh/Library/Developer/Xcode/DerivedData/Chatlio-erkyzdeecsohoaggpwbjdvavzqfv/Build/Products/Debug-iphonesimulator/PackageFrameworks\ /Users/aadityasingh/Library/Developer/Xcode/DerivedData/Chatlio-erkyzdeecsohoaggpwbjdvavzqfv/Build/Products/Debug-iphonesimulator/PackageFrameworks\ /Users/aadityasingh/Library/Developer/Xcode/DerivedData/Chatlio-erkyzdeecsohoaggpwbjdvavzqfv/Build/Products/Debug-iphonesimulator/PackageFrameworks\ /Users/aadityasingh/Library/Developer/Xcode/DerivedData/Chatlio-erkyzdeecsohoaggpwbjdvavzqfv/Build/Products/Debug-iphonesimulator/PackageFrameworks\ /Users/aadityasingh/Library/Developer/Xcode/DerivedData/Chatlio-erkyzdeecsohoaggpwbjdvavzqfv/Build/Products/Debug-iphonesimulator/PackageFrameworks\ /Users/aadityasingh/Library/Developer/Xcode/DerivedData/Chatlio-erkyzdeecsohoaggpwbjdvavzqfv/Build/Products/Debug-iphonesimulator/PackageFrameworks\ /Users/aadityasingh/Library/Developer/Xcode/DerivedData/Chatlio-erkyzdeecsohoaggpwbjdvavzqfv/Build/Products/Debug-iphonesimulator/PackageFrameworks\ /Users/aadityasingh/Library/Developer/Xcode/DerivedData/Chatlio-erkyzdeecsohoaggpwbjdvavzqfv/Build/Products/Debug-iphonesimulator/PackageFrameworks\ /Users/aadityasingh/Library/Developer/Xcode/DerivedData/Chatlio-erkyzdeecsohoaggpwbjdvavzqfv/Build/Products/Debug-iphonesimulator/PackageFrameworks\ /Users/aadityasingh/Library/Developer/Xcode/DerivedData/Chatlio-erkyzdeecsohoaggpwbjdvavzqfv/Build/Products/Debug-iphonesimulator/PackageFrameworks\ /Users/aadityasingh/Library/Developer/Xcode/DerivedData/Chatlio-erkyzdeecsohoaggpwbjdvavzqfv/Build/Products/Debug-iphonesimulator/PackageFrameworks\ /Users/aadityasingh/Library/Developer/Xcode/DerivedData/Chatlio-erkyzdeecsohoaggpwbjdvavzqfv/Build/Products/Debug-iphonesimulator/PackageFrameworks\ /Users/aadityasingh/Library/Developer/Xcode/DerivedData/Chatlio-erkyzdeecsohoaggpwbjdvavzqfv/Build/Products/Debug-iphonesimulator/PackageFrameworks\ /Users/aadityasingh/Library/Developer/Xcode/DerivedData/Chatlio-erkyzdeecsohoaggpwbjdvavzqfv/Build/Products/Debug-iphonesimulator/PackageFrameworks\ /Users/aadityasingh/Library/Developer/Xcode/DerivedData/Chatlio-erkyzdeecsohoaggpwbjdvavzqfv/Build/Products/Debug-iphonesimulator\ 
    export FRAMEWORK_VERSION\=A
    export FULL_PRODUCT_NAME\=Chatlio.app
    export FUSE_BUILD_PHASES\=YES
    export FUSE_BUILD_SCRIPT_PHASES\=NO
    export GCC3_VERSION\=3.3
    export GCC_C_LANGUAGE_STANDARD\=gnu11
    export GCC_DYNAMIC_NO_PIC\=NO
    export GCC_INLINES_ARE_PRIVATE_EXTERN\=YES
    export GCC_NO_COMMON_BLOCKS\=YES
    export GCC_OBJC_LEGACY_DISPATCH\=YES
    export GCC_OPTIMIZATION_LEVEL\=0
    export GCC_PFE_FILE_C_DIALECTS\=c\ objective-c\ c++\ objective-c++
    export GCC_PREPROCESSOR_DEFINITIONS\=\ DEBUG\=1
    export GCC_SYMBOLS_PRIVATE_EXTERN\=NO
    export GCC_TREAT_WARNINGS_AS_ERRORS\=NO
    export GCC_VERSION\=com.apple.compilers.llvm.clang.1_0
    export GCC_VERSION_IDENTIFIER\=com_apple_compilers_llvm_clang_1_0
    export GCC_WARN_64_TO_32_BIT_CONVERSION\=YES
    export GCC_WARN_ABOUT_RETURN_TYPE\=YES_ERROR
    export GCC_WARN_UNDECLARED_SELECTOR\=YES
    export GCC_WARN_UNINITIALIZED_AUTOS\=YES_AGGRESSIVE
    export GCC_WARN_UNUSED_FUNCTION\=YES
    export GCC_WARN_UNUSED_VARIABLE\=YES
    export GENERATED_MODULEMAP_DIR\=/Users/aadityasingh/Library/Developer/Xcode/DerivedData/Chatlio-erkyzdeecsohoaggpwbjdvavzqfv/Build/Intermediates.noindex/GeneratedModuleMaps-iphonesimulator
    export GENERATE_INFOPLIST_FILE\=NO
    export GENERATE_INTERMEDIATE_TEXT_BASED_STUBS\=YES
    export GENERATE_PKGINFO_FILE\=YES
    export GENERATE_PRELINK_OBJECT_FILE\=NO
    export GENERATE_PROFILING_CODE\=NO
    export GENERATE_TEXT_BASED_STUBS\=NO
    export GID\=20
    export GROUP\=staff
    export HEADERMAP_INCLUDES_FLAT_ENTRIES_FOR_TARGET_BEING_BUILT\=YES
    export HEADERMAP_INCLUDES_FRAMEWORK_ENTRIES_FOR_ALL_PRODUCT_TYPES\=YES
    export HEADERMAP_INCLUDES_FRAMEWORK_ENTRIES_FOR_TARGETS_NOT_BEING_BUILT\=YES
    export HEADERMAP_INCLUDES_NONPUBLIC_NONPRIVATE_HEADERS\=YES
    export HEADERMAP_INCLUDES_PROJECT_HEADERS\=YES
    export HEADERMAP_USES_FRAMEWORK_PREFIX_ENTRIES\=YES
    export HEADERMAP_USES_VFS\=NO
    export HEADER_SEARCH_PATHS\=/Users/aadityasingh/Library/Developer/Xcode/DerivedData/Chatlio-erkyzdeecsohoaggpwbjdvavzqfv/SourcePackages/checkouts/swift-numerics/Sources/_NumericsShims/include\ /Users/aadityasingh/Library/Developer/Xcode/DerivedData/Chatlio-erkyzdeecsohoaggpwbjdvavzqfv/SourcePackages/checkouts/posthog-ios/vendor/libwebp/.\ /Users/aadityasingh/Library/Developer/Xcode/DerivedData/Chatlio-erkyzdeecsohoaggpwbjdvavzqfv/SourcePackages/checkouts/GZIP/GZIP/Sources\ /Users/aadityasingh/Library/Developer/Xcode/DerivedData/Chatlio-erkyzdeecsohoaggpwbjdvavzqfv/SourcePackages/checkouts/sentry-cocoa/Sources/SentrySwiftUI/SentryInternal\ /Users/aadityasingh/Library/Developer/Xcode/DerivedData/Chatlio-erkyzdeecsohoaggpwbjdvavzqfv/SourcePackages/checkouts/DTFoundation/Core/include\ /Users/aadityasingh/Library/Developer/Xcode/DerivedData/Chatlio-erkyzdeecsohoaggpwbjdvavzqfv/SourcePackages/checkouts/DTCoreText/Core/include\ /Users/aadityasingh/Library/Developer/Xcode/DerivedData/Chatlio-erkyzdeecsohoaggpwbjdvavzqfv/SourcePackages/checkouts/matrix-rich-text-editor-swift/Sources/DTCoreTextExtended/include\ /Users/aadityasingh/Library/Developer/Xcode/DerivedData/Chatlio-erkyzdeecsohoaggpwbjdvavzqfv/SourcePackages/checkouts/swift-ogg/Sources/SupportingFiles/Dependencies/Copustools/include\ /Users/aadityasingh/Library/Developer/Xcode/DerivedData/Chatlio-erkyzdeecsohoaggpwbjdvavzqfv/SourcePackages/checkouts/swift-atomics/Sources/_AtomicsShims/include\ /Users/aadityasingh/Library/Developer/Xcode/DerivedData/Chatlio-erkyzdeecsohoaggpwbjdvavzqfv/Build/Products/Debug-iphonesimulator/include\ 
    export HOME\=/Users/aadityasingh
    export HOST_ARCH\=arm64
    export HOST_PLATFORM\=macosx
    export ICONV\=/usr/bin/iconv
    export IMPLICIT_DEPENDENCY_DOMAIN\=default
    export INDEX_STORE_COMPRESS\=NO
    export INDEX_STORE_ONLY_PROJECT_FILES\=NO
    export INFOPLIST_ENABLE_CFBUNDLEICONS_MERGE\=YES
    export INFOPLIST_EXPAND_BUILD_SETTINGS\=YES
    export INFOPLIST_FILE\=Chatlio/SupportingFiles/Info.plist
    export INFOPLIST_OUTPUT_FORMAT\=binary
    export INFOPLIST_PATH\=Chatlio.app/Info.plist
    export INFOPLIST_PREPROCESS\=NO
    export INFOSTRINGS_PATH\=Chatlio.app/en.lproj/InfoPlist.strings
    export INLINE_PRIVATE_FRAMEWORKS\=NO
    export INSTALLAPI_IGNORE_SKIP_INSTALL\=YES
    export INSTALLHDRS_COPY_PHASE\=NO
    export INSTALLHDRS_SCRIPT_PHASE\=NO
    export INSTALL_DIR\=/tmp/Chatlio.dst/Applications
    export INSTALL_GROUP\=staff
    export INSTALL_MODE_FLAG\=u+w,go-w,a+rX
    export INSTALL_OWNER\=aadityasingh
    export INSTALL_PATH\=/Applications
    export INSTALL_ROOT\=/tmp/Chatlio.dst
    export IPHONEOS_DEPLOYMENT_TARGET\=17.0
    export IS_UNOPTIMIZED_BUILD\=YES
    export JAVAC_DEFAULT_FLAGS\=-J-Xms64m\ -J-XX:NewSize\=4M\ -J-Dfile.encoding\=UTF8
    export JAVA_APP_STUB\=/System/Library/Frameworks/JavaVM.framework/Resources/MacOS/JavaApplicationStub
    export JAVA_ARCHIVE_CLASSES\=YES
    export JAVA_ARCHIVE_TYPE\=JAR
    export JAVA_COMPILER\=/usr/bin/javac
    export JAVA_FOLDER_PATH\=Chatlio.app/Java
    export JAVA_FRAMEWORK_RESOURCES_DIRS\=Resources
    export JAVA_JAR_FLAGS\=cv
    export JAVA_SOURCE_SUBDIR\=.
    export JAVA_USE_DEPENDENCIES\=YES
    export JAVA_ZIP_FLAGS\=-urg
    export JIKES_DEFAULT_FLAGS\=+E\ +OLDCSO
    export KEEP_PRIVATE_EXTERNS\=NO
    export KEYCHAIN_ACCESS_GROUP_IDENTIFIER\=7J4U792NQT.im.word.skin.chatlio
    export LD_DEPENDENCY_INFO_FILE\=/Users/aadityasingh/Library/Developer/Xcode/DerivedData/Chatlio-erkyzdeecsohoaggpwbjdvavzqfv/Build/Intermediates.noindex/Chatlio.build/Debug-iphonesimulator/Chatlio.build/Objects-normal/undefined_arch/Chatlio_dependency_info.dat
    export LD_ENTITLEMENTS_SECTION\=/Users/aadityasingh/Library/Developer/Xcode/DerivedData/Chatlio-erkyzdeecsohoaggpwbjdvavzqfv/Build/Intermediates.noindex/Chatlio.build/Debug-iphonesimulator/Chatlio.build/Chatlio.app-Simulated.xcent
    export LD_ENTITLEMENTS_SECTION_DER\=/Users/aadityasingh/Library/Developer/Xcode/DerivedData/Chatlio-erkyzdeecsohoaggpwbjdvavzqfv/Build/Intermediates.noindex/Chatlio.build/Debug-iphonesimulator/Chatlio.build/Chatlio.app-Simulated.xcent.der
    export LD_EXPORT_SYMBOLS\=YES
    export LD_GENERATE_MAP_FILE\=NO
    export LD_MAP_FILE_PATH\=/Users/aadityasingh/Library/Developer/Xcode/DerivedData/Chatlio-erkyzdeecsohoaggpwbjdvavzqfv/Build/Intermediates.noindex/Chatlio.build/Debug-iphonesimulator/Chatlio.build/Chatlio-LinkMap-normal-undefined_arch.txt
    export LD_NO_PIE\=NO
    export LD_QUOTE_LINKER_ARGUMENTS_FOR_COMPILER_DRIVER\=YES
    export LD_RUNPATH_SEARCH_PATHS\=/Users/aadityasingh/Library/Developer/Xcode/DerivedData/Chatlio-erkyzdeecsohoaggpwbjdvavzqfv/Build/Products/Debug-iphonesimulator/PackageFrameworks\ /Users/aadityasingh/Library/Developer/Xcode/DerivedData/Chatlio-erkyzdeecsohoaggpwbjdvavzqfv/Build/Products/Debug-iphonesimulator/PackageFrameworks\ /Users/aadityasingh/Library/Developer/Xcode/DerivedData/Chatlio-erkyzdeecsohoaggpwbjdvavzqfv/Build/Products/Debug-iphonesimulator/PackageFrameworks\ /Users/aadityasingh/Library/Developer/Xcode/DerivedData/Chatlio-erkyzdeecsohoaggpwbjdvavzqfv/Build/Products/Debug-iphonesimulator/PackageFrameworks\ /Users/aadityasingh/Library/Developer/Xcode/DerivedData/Chatlio-erkyzdeecsohoaggpwbjdvavzqfv/Build/Products/Debug-iphonesimulator/PackageFrameworks\ /Users/aadityasingh/Library/Developer/Xcode/DerivedData/Chatlio-erkyzdeecsohoaggpwbjdvavzqfv/Build/Products/Debug-iphonesimulator/PackageFrameworks\ /Users/aadityasingh/Library/Developer/Xcode/DerivedData/Chatlio-erkyzdeecsohoaggpwbjdvavzqfv/Build/Products/Debug-iphonesimulator/PackageFrameworks\ /Users/aadityasingh/Library/Developer/Xcode/DerivedData/Chatlio-erkyzdeecsohoaggpwbjdvavzqfv/Build/Products/Debug-iphonesimulator/PackageFrameworks\ /Users/aadityasingh/Library/Developer/Xcode/DerivedData/Chatlio-erkyzdeecsohoaggpwbjdvavzqfv/Build/Products/Debug-iphonesimulator/PackageFrameworks\ /Users/aadityasingh/Library/Developer/Xcode/DerivedData/Chatlio-erkyzdeecsohoaggpwbjdvavzqfv/Build/Products/Debug-iphonesimulator/PackageFrameworks\ /Users/aadityasingh/Library/Developer/Xcode/DerivedData/Chatlio-erkyzdeecsohoaggpwbjdvavzqfv/Build/Products/Debug-iphonesimulator/PackageFrameworks\ /Users/aadityasingh/Library/Developer/Xcode/DerivedData/Chatlio-erkyzdeecsohoaggpwbjdvavzqfv/Build/Products/Debug-iphonesimulator/PackageFrameworks\ /Users/aadityasingh/Library/Developer/Xcode/DerivedData/Chatlio-erkyzdeecsohoaggpwbjdvavzqfv/Build/Products/Debug-iphonesimulator/PackageFrameworks\ /Users/aadityasingh/Library/Developer/Xcode/DerivedData/Chatlio-erkyzdeecsohoaggpwbjdvavzqfv/Build/Products/Debug-iphonesimulator/PackageFrameworks\ /Users/aadityasingh/Library/Developer/Xcode/DerivedData/Chatlio-erkyzdeecsohoaggpwbjdvavzqfv/Build/Products/Debug-iphonesimulator/PackageFrameworks\ /Users/aadityasingh/Library/Developer/Xcode/DerivedData/Chatlio-erkyzdeecsohoaggpwbjdvavzqfv/Build/Products/Debug-iphonesimulator/PackageFrameworks\ /Users/aadityasingh/Library/Developer/Xcode/DerivedData/Chatlio-erkyzdeecsohoaggpwbjdvavzqfv/Build/Products/Debug-iphonesimulator/PackageFrameworks\ /Users/aadityasingh/Library/Developer/Xcode/DerivedData/Chatlio-erkyzdeecsohoaggpwbjdvavzqfv/Build/Products/Debug-iphonesimulator/PackageFrameworks\ /Users/aadityasingh/Library/Developer/Xcode/DerivedData/Chatlio-erkyzdeecsohoaggpwbjdvavzqfv/Build/Products/Debug-iphonesimulator/PackageFrameworks\ /Users/aadityasingh/Library/Developer/Xcode/DerivedData/Chatlio-erkyzdeecsohoaggpwbjdvavzqfv/Build/Products/Debug-iphonesimulator/PackageFrameworks\ /Users/aadityasingh/Library/Developer/Xcode/DerivedData/Chatlio-erkyzdeecsohoaggpwbjdvavzqfv/Build/Products/Debug-iphonesimulator/PackageFrameworks\ /Users/aadityasingh/Library/Developer/Xcode/DerivedData/Chatlio-erkyzdeecsohoaggpwbjdvavzqfv/Build/Products/Debug-iphonesimulator/PackageFrameworks\ /Users/aadityasingh/Library/Developer/Xcode/DerivedData/Chatlio-erkyzdeecsohoaggpwbjdvavzqfv/Build/Products/Debug-iphonesimulator/PackageFrameworks\ /Users/aadityasingh/Library/Developer/Xcode/DerivedData/Chatlio-erkyzdeecsohoaggpwbjdvavzqfv/Build/Products/Debug-iphonesimulator/PackageFrameworks\ /Users/aadityasingh/Library/Developer/Xcode/DerivedData/Chatlio-erkyzdeecsohoaggpwbjdvavzqfv/Build/Products/Debug-iphonesimulator/PackageFrameworks\ /Users/aadityasingh/Library/Developer/Xcode/DerivedData/Chatlio-erkyzdeecsohoaggpwbjdvavzqfv/Build/Products/Debug-iphonesimulator/PackageFrameworks\ /Users/aadityasingh/Library/Developer/Xcode/DerivedData/Chatlio-erkyzdeecsohoaggpwbjdvavzqfv/Build/Products/Debug-iphonesimulator/PackageFrameworks\ /Users/aadityasingh/Library/Developer/Xcode/DerivedData/Chatlio-erkyzdeecsohoaggpwbjdvavzqfv/Build/Products/Debug-iphonesimulator/PackageFrameworks\ /Users/aadityasingh/Library/Developer/Xcode/DerivedData/Chatlio-erkyzdeecsohoaggpwbjdvavzqfv/Build/Products/Debug-iphonesimulator/PackageFrameworks\ /Users/aadityasingh/Library/Developer/Xcode/DerivedData/Chatlio-erkyzdeecsohoaggpwbjdvavzqfv/Build/Products/Debug-iphonesimulator/PackageFrameworks\ /Users/aadityasingh/Library/Developer/Xcode/DerivedData/Chatlio-erkyzdeecsohoaggpwbjdvavzqfv/Build/Products/Debug-iphonesimulator/PackageFrameworks\ /Users/aadityasingh/Library/Developer/Xcode/DerivedData/Chatlio-erkyzdeecsohoaggpwbjdvavzqfv/Build/Products/Debug-iphonesimulator/PackageFrameworks\ /Users/aadityasingh/Library/Developer/Xcode/DerivedData/Chatlio-erkyzdeecsohoaggpwbjdvavzqfv/Build/Products/Debug-iphonesimulator/PackageFrameworks\ /Users/aadityasingh/Library/Developer/Xcode/DerivedData/Chatlio-erkyzdeecsohoaggpwbjdvavzqfv/Build/Products/Debug-iphonesimulator/PackageFrameworks\ /Users/aadityasingh/Library/Developer/Xcode/DerivedData/Chatlio-erkyzdeecsohoaggpwbjdvavzqfv/Build/Products/Debug-iphonesimulator/PackageFrameworks\ /Users/aadityasingh/Library/Developer/Xcode/DerivedData/Chatlio-erkyzdeecsohoaggpwbjdvavzqfv/Build/Products/Debug-iphonesimulator/PackageFrameworks\ /Users/aadityasingh/Library/Developer/Xcode/DerivedData/Chatlio-erkyzdeecsohoaggpwbjdvavzqfv/Build/Products/Debug-iphonesimulator/PackageFrameworks\ /Users/aadityasingh/Library/Developer/Xcode/DerivedData/Chatlio-erkyzdeecsohoaggpwbjdvavzqfv/Build/Products/Debug-iphonesimulator/PackageFrameworks\ /Users/aadityasingh/Library/Developer/Xcode/DerivedData/Chatlio-erkyzdeecsohoaggpwbjdvavzqfv/Build/Products/Debug-iphonesimulator/PackageFrameworks\ /Users/aadityasingh/Library/Developer/Xcode/DerivedData/Chatlio-erkyzdeecsohoaggpwbjdvavzqfv/Build/Products/Debug-iphonesimulator/PackageFrameworks\ /Users/aadityasingh/Library/Developer/Xcode/DerivedData/Chatlio-erkyzdeecsohoaggpwbjdvavzqfv/Build/Products/Debug-iphonesimulator/PackageFrameworks\ /Users/aadityasingh/Library/Developer/Xcode/DerivedData/Chatlio-erkyzdeecsohoaggpwbjdvavzqfv/Build/Products/Debug-iphonesimulator/PackageFrameworks\ /Users/aadityasingh/Library/Developer/Xcode/DerivedData/Chatlio-erkyzdeecsohoaggpwbjdvavzqfv/Build/Products/Debug-iphonesimulator/PackageFrameworks\ /Users/aadityasingh/Library/Developer/Xcode/DerivedData/Chatlio-erkyzdeecsohoaggpwbjdvavzqfv/Build/Products/Debug-iphonesimulator/PackageFrameworks\ /Users/aadityasingh/Library/Developer/Xcode/DerivedData/Chatlio-erkyzdeecsohoaggpwbjdvavzqfv/Build/Products/Debug-iphonesimulator/PackageFrameworks\ /Users/aadityasingh/Library/Developer/Xcode/DerivedData/Chatlio-erkyzdeecsohoaggpwbjdvavzqfv/Build/Products/Debug-iphonesimulator/PackageFrameworks\ /Users/aadityasingh/Library/Developer/Xcode/DerivedData/Chatlio-erkyzdeecsohoaggpwbjdvavzqfv/Build/Products/Debug-iphonesimulator/PackageFrameworks\ \ @executable_path/Frameworks
    export LD_RUNPATH_SEARCH_PATHS_YES\=@loader_path/../Frameworks
    export LD_SHARED_CACHE_ELIGIBLE\=Automatic
    export LD_WARN_DUPLICATE_LIBRARIES\=NO
    export LD_WARN_UNUSED_DYLIBS\=NO
    export LEGACY_DEVELOPER_DIR\=/Applications/Xcode.app/Contents/PlugIns/Xcode3Core.ideplugin/Contents/SharedSupport/Developer
    export LEX\=lex
    export LIBRARY_DEXT_INSTALL_PATH\=/Library/DriverExtensions
    export LIBRARY_FLAG_NOSPACE\=YES
    export LIBRARY_FLAG_PREFIX\=-l
    export LIBRARY_KEXT_INSTALL_PATH\=/Library/Extensions
    export LIBRARY_SEARCH_PATHS\=/Users/aadityasingh/Library/Developer/Xcode/DerivedData/Chatlio-erkyzdeecsohoaggpwbjdvavzqfv/Build/Products/Debug-iphonesimulator\ 
    export LINKER_DISPLAYS_MANGLED_NAMES\=NO
    export LINK_FILE_LIST_normal_arm64\=/Users/aadityasingh/Library/Developer/Xcode/DerivedData/Chatlio-erkyzdeecsohoaggpwbjdvavzqfv/Build/Intermediates.noindex/Chatlio.build/Debug-iphonesimulator/Chatlio.build/Objects-normal/arm64/Chatlio.LinkFileList
    export LINK_OBJC_RUNTIME\=YES
    export LINK_WITH_STANDARD_LIBRARIES\=YES
    export LLVM_TARGET_TRIPLE_OS_VERSION\=ios17.0
    export LLVM_TARGET_TRIPLE_SUFFIX\=-simulator
    export LLVM_TARGET_TRIPLE_VENDOR\=apple
    export LM_AUX_CONST_METADATA_LIST_PATH_normal_arm64\=/Users/aadityasingh/Library/Developer/Xcode/DerivedData/Chatlio-erkyzdeecsohoaggpwbjdvavzqfv/Build/Intermediates.noindex/Chatlio.build/Debug-iphonesimulator/Chatlio.build/Objects-normal/arm64/Chatlio.SwiftConstValuesFileList
    export LOCALIZATION_EXPORT_SUPPORTED\=YES
    export LOCALIZATION_PREFERS_STRING_CATALOGS\=NO
    export LOCALIZED_RESOURCES_FOLDER_PATH\=Chatlio.app/en.lproj
    export LOCALIZED_STRING_CODE_COMMENTS\=NO
    export LOCALIZED_STRING_MACRO_NAMES\=NSLocalizedString\ CFCopyLocalizedString
    export LOCALIZED_STRING_SWIFTUI_SUPPORT\=YES
    export LOCAL_ADMIN_APPS_DIR\=/Applications/Utilities
    export LOCAL_APPS_DIR\=/Applications
    export LOCAL_DEVELOPER_DIR\=/Library/Developer
    export LOCAL_LIBRARY_DIR\=/Library
    export LOCROOT\=/Users/aadityasingh/Documents/Development/element-x-ios
    export LOCSYMROOT\=/Users/aadityasingh/Documents/Development/element-x-ios
    export MACH_O_TYPE\=mh_execute
    export MAC_OS_X_PRODUCT_BUILD_VERSION\=25E253
    export MAC_OS_X_VERSION_ACTUAL\=260401
    export MAC_OS_X_VERSION_MAJOR\=260000
    export MAC_OS_X_VERSION_MINOR\=260400
    export MAKE_MERGEABLE\=NO
    export MARKETING_VERSION\=1.0.0
    export MERGEABLE_LIBRARY\=NO
    export MERGED_BINARY_TYPE\=none
    export MERGE_LINKED_LIBRARIES\=NO
    export METAL_LIBRARY_FILE_BASE\=default
    export METAL_LIBRARY_OUTPUT_DIR\=/Users/aadityasingh/Library/Developer/Xcode/DerivedData/Chatlio-erkyzdeecsohoaggpwbjdvavzqfv/Build/Products/Debug-iphonesimulator/Chatlio.app
    export MODULES_FOLDER_PATH\=Chatlio.app/Modules
    export MODULE_CACHE_DIR\=/Users/aadityasingh/Library/Developer/Xcode/DerivedData/ModuleCache.noindex
    export MTL_ENABLE_DEBUG_INFO\=INCLUDE_SOURCE
    export MTL_FAST_MATH\=YES
    export NATIVE_ARCH\=arm64
    export NATIVE_ARCH_32_BIT\=arm
    export NATIVE_ARCH_64_BIT\=arm64
    export NATIVE_ARCH_ACTUAL\=arm64
    export NO_COMMON\=YES
    export OBJC_ABI_VERSION\=2
    export OBJECT_FILE_DIR\=/Users/aadityasingh/Library/Developer/Xcode/DerivedData/Chatlio-erkyzdeecsohoaggpwbjdvavzqfv/Build/Intermediates.noindex/Chatlio.build/Debug-iphonesimulator/Chatlio.build/Objects
    export OBJECT_FILE_DIR_normal\=/Users/aadityasingh/Library/Developer/Xcode/DerivedData/Chatlio-erkyzdeecsohoaggpwbjdvavzqfv/Build/Intermediates.noindex/Chatlio.build/Debug-iphonesimulator/Chatlio.build/Objects-normal
    export OBJROOT\=/Users/aadityasingh/Library/Developer/Xcode/DerivedData/Chatlio-erkyzdeecsohoaggpwbjdvavzqfv/Build/Intermediates.noindex
    export ONLY_ACTIVE_ARCH\=YES
    export OS\=MACOS
    export OSAC\=/usr/bin/osacompile
    export OTHER_CFLAGS\=-fmodule-map-file\=/Users/aadityasingh/Library/Developer/Xcode/DerivedData/Chatlio-erkyzdeecsohoaggpwbjdvavzqfv/Build/Intermediates.noindex/GeneratedModuleMaps-iphonesimulator/MatrixRustSDK.modulemap\ -fmodule-map-file\=/Users/aadityasingh/Library/Developer/Xcode/DerivedData/Chatlio-erkyzdeecsohoaggpwbjdvavzqfv/Build/Intermediates.noindex/GeneratedModuleMaps-iphonesimulator/CompoundDesignTokens.modulemap\ -fmodule-map-file\=/Users/aadityasingh/Library/Developer/Xcode/DerivedData/Chatlio-erkyzdeecsohoaggpwbjdvavzqfv/Build/Intermediates.noindex/GeneratedModuleMaps-iphonesimulator/SwiftUIIntrospect.modulemap\ -fmodule-map-file\=/Users/aadityasingh/Library/Developer/Xcode/DerivedData/Chatlio-erkyzdeecsohoaggpwbjdvavzqfv/Build/Intermediates.noindex/GeneratedModuleMaps-iphonesimulator/SFSafeSymbols.modulemap\ -fmodule-map-file\=/Users/aadityasingh/Library/Developer/Xcode/DerivedData/Chatlio-erkyzdeecsohoaggpwbjdvavzqfv/Build/Intermediates.noindex/GeneratedModuleMaps-iphonesimulator/Compound.modulemap\ -fmodule-map-file\=/Users/aadityasingh/Library/Developer/Xcode/DerivedData/Chatlio-erkyzdeecsohoaggpwbjdvavzqfv/Build/Intermediates.noindex/GeneratedModuleMaps-iphonesimulator/RealModule.modulemap\ -fmodule-map-file\=/Users/aadityasingh/Library/Developer/Xcode/DerivedData/Chatlio-erkyzdeecsohoaggpwbjdvavzqfv/Build/Intermediates.noindex/GeneratedModuleMaps-iphonesimulator/Algorithms.modulemap\ -fmodule-map-file\=/Users/aadityasingh/Library/Developer/Xcode/DerivedData/Chatlio-erkyzdeecsohoaggpwbjdvavzqfv/Build/Intermediates.noindex/GeneratedModuleMaps-iphonesimulator/AsyncAlgorithms.modulemap\ -fmodule-map-file\=/Users/aadityasingh/Library/Developer/Xcode/DerivedData/Chatlio-erkyzdeecsohoaggpwbjdvavzqfv/Build/Intermediates.noindex/GeneratedModuleMaps-iphonesimulator/AnalyticsEvents.modulemap\ -fmodule-map-file\=/Users/aadityasingh/Library/Developer/Xcode/DerivedData/Chatlio-erkyzdeecsohoaggpwbjdvavzqfv/Build/Intermediates.noindex/GeneratedModuleMaps-iphonesimulator/_RopeModule.modulemap\ -fmodule-map-file\=/Users/aadityasingh/Library/Developer/Xcode/DerivedData/Chatlio-erkyzdeecsohoaggpwbjdvavzqfv/Build/Intermediates.noindex/GeneratedModuleMaps-iphonesimulator/OrderedCollections.modulemap\ -fmodule-map-file\=/Users/aadityasingh/Library/Developer/Xcode/DerivedData/Chatlio-erkyzdeecsohoaggpwbjdvavzqfv/Build/Intermediates.noindex/GeneratedModuleMaps-iphonesimulator/HeapModule.modulemap\ -fmodule-map-file\=/Users/aadityasingh/Library/Developer/Xcode/DerivedData/Chatlio-erkyzdeecsohoaggpwbjdvavzqfv/Build/Intermediates.noindex/GeneratedModuleMaps-iphonesimulator/HashTreeCollections.modulemap\ -fmodule-map-file\=/Users/aadityasingh/Library/Developer/Xcode/DerivedData/Chatlio-erkyzdeecsohoaggpwbjdvavzqfv/Build/Intermediates.noindex/GeneratedModuleMaps-iphonesimulator/DequeModule.modulemap\ -fmodule-map-file\=/Users/aadityasingh/Library/Developer/Xcode/DerivedData/Chatlio-erkyzdeecsohoaggpwbjdvavzqfv/Build/Intermediates.noindex/GeneratedModuleMaps-iphonesimulator/BitCollections.modulemap\ -fmodule-map-file\=/Users/aadityasingh/Library/Developer/Xcode/DerivedData/Chatlio-erkyzdeecsohoaggpwbjdvavzqfv/Build/Intermediates.noindex/GeneratedModuleMaps-iphonesimulator/InternalCollectionsUtilities.modulemap\ -fmodule-map-file\=/Users/aadityasingh/Library/Developer/Xcode/DerivedData/Chatlio-erkyzdeecsohoaggpwbjdvavzqfv/Build/Intermediates.noindex/GeneratedModuleMaps-iphonesimulator/Collections.modulemap\ -fmodule-map-file\=/Users/aadityasingh/Library/Developer/Xcode/DerivedData/Chatlio-erkyzdeecsohoaggpwbjdvavzqfv/Build/Intermediates.noindex/GeneratedModuleMaps-iphonesimulator/DeviceKit.modulemap\ -fmodule-map-file\=/Users/aadityasingh/Library/Developer/Xcode/DerivedData/Chatlio-erkyzdeecsohoaggpwbjdvavzqfv/Build/Intermediates.noindex/GeneratedModuleMaps-iphonesimulator/EmbeddedElementCall.modulemap\ -fmodule-map-file\=/Users/aadityasingh/Library/Developer/Xcode/DerivedData/Chatlio-erkyzdeecsohoaggpwbjdvavzqfv/Build/Intermediates.noindex/GeneratedModuleMaps-iphonesimulator/KeychainAccess.modulemap\ -fmodule-map-file\=/Users/aadityasingh/Library/Developer/Xcode/DerivedData/Chatlio-erkyzdeecsohoaggpwbjdvavzqfv/Build/Intermediates.noindex/GeneratedModuleMaps-iphonesimulator/Kingfisher.modulemap\ -fmodule-map-file\=/Users/aadityasingh/Library/Developer/Xcode/DerivedData/Chatlio-erkyzdeecsohoaggpwbjdvavzqfv/Build/Intermediates.noindex/GeneratedModuleMaps-iphonesimulator/KZFileWatchers.modulemap\ -fmodule-map-file\=/Users/aadityasingh/Library/Developer/Xcode/DerivedData/Chatlio-erkyzdeecsohoaggpwbjdvavzqfv/Build/Intermediates.noindex/GeneratedModuleMaps-iphonesimulator/LoremSwiftum.modulemap\ -fmodule-map-file\=/Users/aadityasingh/Library/Developer/Xcode/DerivedData/Chatlio-erkyzdeecsohoaggpwbjdvavzqfv/Build/Intermediates.noindex/GeneratedModuleMaps-iphonesimulator/LRUCache.modulemap\ -fmodule-map-file\=/Users/aadityasingh/Library/Developer/Xcode/DerivedData/Chatlio-erkyzdeecsohoaggpwbjdvavzqfv/Build/Intermediates.noindex/GeneratedModuleMaps-iphonesimulator/phlibwebp.modulemap\ -fmodule-map-file\=/Users/aadityasingh/Library/Developer/Xcode/DerivedData/Chatlio-erkyzdeecsohoaggpwbjdvavzqfv/Build/Intermediates.noindex/GeneratedModuleMaps-iphonesimulator/PostHog.modulemap\ -fmodule-map-file\=/Users/aadityasingh/Library/Developer/Xcode/DerivedData/Chatlio-erkyzdeecsohoaggpwbjdvavzqfv/Build/Intermediates.noindex/GeneratedModuleMaps-iphonesimulator/SwiftState.modulemap\ -fmodule-map-file\=/Users/aadityasingh/Library/Developer/Xcode/DerivedData/Chatlio-erkyzdeecsohoaggpwbjdvavzqfv/Build/Intermediates.noindex/GeneratedModuleMaps-iphonesimulator/GZIP.modulemap\ -fmodule-map-file\=/Users/aadityasingh/Library/Developer/Xcode/DerivedData/Chatlio-erkyzdeecsohoaggpwbjdvavzqfv/Build/Intermediates.noindex/GeneratedModuleMaps-iphonesimulator/SentryInternal.modulemap\ -fmodule-map-file\=/Users/aadityasingh/Library/Developer/Xcode/DerivedData/Chatlio-erkyzdeecsohoaggpwbjdvavzqfv/Build/Intermediates.noindex/GeneratedModuleMaps-iphonesimulator/SentryCppHelper.modulemap\ -fmodule-map-file\=/Users/aadityasingh/Library/Developer/Xcode/DerivedData/Chatlio-erkyzdeecsohoaggpwbjdvavzqfv/Build/Intermediates.noindex/GeneratedModuleMaps-iphonesimulator/SentrySwiftUI.modulemap\ -fmodule-map-file\=/Users/aadityasingh/Library/Developer/Xcode/DerivedData/Chatlio-erkyzdeecsohoaggpwbjdvavzqfv/Build/Intermediates.noindex/GeneratedModuleMaps-iphonesimulator/Version.modulemap\ -fmodule-map-file\=/Users/aadityasingh/Library/Developer/Xcode/DerivedData/Chatlio-erkyzdeecsohoaggpwbjdvavzqfv/Build/Intermediates.noindex/GeneratedModuleMaps-iphonesimulator/Emojibase.modulemap\ -fmodule-map-file\=/Users/aadityasingh/Library/Developer/Xcode/DerivedData/Chatlio-erkyzdeecsohoaggpwbjdvavzqfv/Build/Intermediates.noindex/GeneratedModuleMaps-iphonesimulator/DTFoundation.modulemap\ -fmodule-map-file\=/Users/aadityasingh/Library/Developer/Xcode/DerivedData/Chatlio-erkyzdeecsohoaggpwbjdvavzqfv/Build/Intermediates.noindex/GeneratedModuleMaps-iphonesimulator/DTCoreText.modulemap\ -fmodule-map-file\=/Users/aadityasingh/Library/Developer/Xcode/DerivedData/Chatlio-erkyzdeecsohoaggpwbjdvavzqfv/Build/Intermediates.noindex/GeneratedModuleMaps-iphonesimulator/HTMLParser.modulemap\ -fmodule-map-file\=/Users/aadityasingh/Library/Developer/Xcode/DerivedData/Chatlio-erkyzdeecsohoaggpwbjdvavzqfv/Build/Intermediates.noindex/GeneratedModuleMaps-iphonesimulator/DTCoreTextExtended.modulemap\ -fmodule-map-file\=/Users/aadityasingh/Library/Developer/Xcode/DerivedData/Chatlio-erkyzdeecsohoaggpwbjdvavzqfv/Build/Intermediates.noindex/GeneratedModuleMaps-iphonesimulator/WysiwygComposer.modulemap\ -fmodule-map-file\=/Users/aadityasingh/Library/Developer/Xcode/DerivedData/Chatlio-erkyzdeecsohoaggpwbjdvavzqfv/Build/Intermediates.noindex/GeneratedModuleMaps-iphonesimulator/SwiftOGG.modulemap\ -fmodule-map-file\=/Users/aadityasingh/Library/Developer/Xcode/DerivedData/Chatlio-erkyzdeecsohoaggpwbjdvavzqfv/Build/Intermediates.noindex/GeneratedModuleMaps-iphonesimulator/Atomics.modulemap\ -fmodule-map-file\=/Users/aadityasingh/Library/Developer/Xcode/DerivedData/Chatlio-erkyzdeecsohoaggpwbjdvavzqfv/Build/Intermediates.noindex/GeneratedModuleMaps-iphonesimulator/SwiftSoup.modulemap\ -fmodule-map-file\=/Users/aadityasingh/Library/Developer/Xcode/DerivedData/Chatlio-erkyzdeecsohoaggpwbjdvavzqfv/Build/Intermediates.noindex/GeneratedModuleMaps-iphonesimulator/Flow.modulemap\ -fmodule-map-file\=/Users/aadityasingh/Library/Developer/Xcode/DerivedData/Chatlio-erkyzdeecsohoaggpwbjdvavzqfv/Build/Intermediates.noindex/GeneratedModuleMaps-iphonesimulator/DSWaveformImage.modulemap\ -fmodule-map-file\=/Users/aadityasingh/Library/Developer/Xcode/DerivedData/Chatlio-erkyzdeecsohoaggpwbjdvavzqfv/Build/Intermediates.noindex/GeneratedModuleMaps-iphonesimulator/DSWaveformImageViews.modulemap\ 
    export OTHER_CPLUSPLUSFLAGS\=-fmodule-map-file\=/Users/aadityasingh/Library/Developer/Xcode/DerivedData/Chatlio-erkyzdeecsohoaggpwbjdvavzqfv/Build/Intermediates.noindex/GeneratedModuleMaps-iphonesimulator/MatrixRustSDK.modulemap\ -fmodule-map-file\=/Users/aadityasingh/Library/Developer/Xcode/DerivedData/Chatlio-erkyzdeecsohoaggpwbjdvavzqfv/Build/Intermediates.noindex/GeneratedModuleMaps-iphonesimulator/CompoundDesignTokens.modulemap\ -fmodule-map-file\=/Users/aadityasingh/Library/Developer/Xcode/DerivedData/Chatlio-erkyzdeecsohoaggpwbjdvavzqfv/Build/Intermediates.noindex/GeneratedModuleMaps-iphonesimulator/SwiftUIIntrospect.modulemap\ -fmodule-map-file\=/Users/aadityasingh/Library/Developer/Xcode/DerivedData/Chatlio-erkyzdeecsohoaggpwbjdvavzqfv/Build/Intermediates.noindex/GeneratedModuleMaps-iphonesimulator/SFSafeSymbols.modulemap\ -fmodule-map-file\=/Users/aadityasingh/Library/Developer/Xcode/DerivedData/Chatlio-erkyzdeecsohoaggpwbjdvavzqfv/Build/Intermediates.noindex/GeneratedModuleMaps-iphonesimulator/Compound.modulemap\ -fmodule-map-file\=/Users/aadityasingh/Library/Developer/Xcode/DerivedData/Chatlio-erkyzdeecsohoaggpwbjdvavzqfv/Build/Intermediates.noindex/GeneratedModuleMaps-iphonesimulator/RealModule.modulemap\ -fmodule-map-file\=/Users/aadityasingh/Library/Developer/Xcode/DerivedData/Chatlio-erkyzdeecsohoaggpwbjdvavzqfv/Build/Intermediates.noindex/GeneratedModuleMaps-iphonesimulator/Algorithms.modulemap\ -fmodule-map-file\=/Users/aadityasingh/Library/Developer/Xcode/DerivedData/Chatlio-erkyzdeecsohoaggpwbjdvavzqfv/Build/Intermediates.noindex/GeneratedModuleMaps-iphonesimulator/AsyncAlgorithms.modulemap\ -fmodule-map-file\=/Users/aadityasingh/Library/Developer/Xcode/DerivedData/Chatlio-erkyzdeecsohoaggpwbjdvavzqfv/Build/Intermediates.noindex/GeneratedModuleMaps-iphonesimulator/AnalyticsEvents.modulemap\ -fmodule-map-file\=/Users/aadityasingh/Library/Developer/Xcode/DerivedData/Chatlio-erkyzdeecsohoaggpwbjdvavzqfv/Build/Intermediates.noindex/GeneratedModuleMaps-iphonesimulator/_RopeModule.modulemap\ -fmodule-map-file\=/Users/aadityasingh/Library/Developer/Xcode/DerivedData/Chatlio-erkyzdeecsohoaggpwbjdvavzqfv/Build/Intermediates.noindex/GeneratedModuleMaps-iphonesimulator/OrderedCollections.modulemap\ -fmodule-map-file\=/Users/aadityasingh/Library/Developer/Xcode/DerivedData/Chatlio-erkyzdeecsohoaggpwbjdvavzqfv/Build/Intermediates.noindex/GeneratedModuleMaps-iphonesimulator/HeapModule.modulemap\ -fmodule-map-file\=/Users/aadityasingh/Library/Developer/Xcode/DerivedData/Chatlio-erkyzdeecsohoaggpwbjdvavzqfv/Build/Intermediates.noindex/GeneratedModuleMaps-iphonesimulator/HashTreeCollections.modulemap\ -fmodule-map-file\=/Users/aadityasingh/Library/Developer/Xcode/DerivedData/Chatlio-erkyzdeecsohoaggpwbjdvavzqfv/Build/Intermediates.noindex/GeneratedModuleMaps-iphonesimulator/DequeModule.modulemap\ -fmodule-map-file\=/Users/aadityasingh/Library/Developer/Xcode/DerivedData/Chatlio-erkyzdeecsohoaggpwbjdvavzqfv/Build/Intermediates.noindex/GeneratedModuleMaps-iphonesimulator/BitCollections.modulemap\ -fmodule-map-file\=/Users/aadityasingh/Library/Developer/Xcode/DerivedData/Chatlio-erkyzdeecsohoaggpwbjdvavzqfv/Build/Intermediates.noindex/GeneratedModuleMaps-iphonesimulator/InternalCollectionsUtilities.modulemap\ -fmodule-map-file\=/Users/aadityasingh/Library/Developer/Xcode/DerivedData/Chatlio-erkyzdeecsohoaggpwbjdvavzqfv/Build/Intermediates.noindex/GeneratedModuleMaps-iphonesimulator/Collections.modulemap\ -fmodule-map-file\=/Users/aadityasingh/Library/Developer/Xcode/DerivedData/Chatlio-erkyzdeecsohoaggpwbjdvavzqfv/Build/Intermediates.noindex/GeneratedModuleMaps-iphonesimulator/DeviceKit.modulemap\ -fmodule-map-file\=/Users/aadityasingh/Library/Developer/Xcode/DerivedData/Chatlio-erkyzdeecsohoaggpwbjdvavzqfv/Build/Intermediates.noindex/GeneratedModuleMaps-iphonesimulator/EmbeddedElementCall.modulemap\ -fmodule-map-file\=/Users/aadityasingh/Library/Developer/Xcode/DerivedData/Chatlio-erkyzdeecsohoaggpwbjdvavzqfv/Build/Intermediates.noindex/GeneratedModuleMaps-iphonesimulator/KeychainAccess.modulemap\ -fmodule-map-file\=/Users/aadityasingh/Library/Developer/Xcode/DerivedData/Chatlio-erkyzdeecsohoaggpwbjdvavzqfv/Build/Intermediates.noindex/GeneratedModuleMaps-iphonesimulator/Kingfisher.modulemap\ -fmodule-map-file\=/Users/aadityasingh/Library/Developer/Xcode/DerivedData/Chatlio-erkyzdeecsohoaggpwbjdvavzqfv/Build/Intermediates.noindex/GeneratedModuleMaps-iphonesimulator/KZFileWatchers.modulemap\ -fmodule-map-file\=/Users/aadityasingh/Library/Developer/Xcode/DerivedData/Chatlio-erkyzdeecsohoaggpwbjdvavzqfv/Build/Intermediates.noindex/GeneratedModuleMaps-iphonesimulator/LoremSwiftum.modulemap\ -fmodule-map-file\=/Users/aadityasingh/Library/Developer/Xcode/DerivedData/Chatlio-erkyzdeecsohoaggpwbjdvavzqfv/Build/Intermediates.noindex/GeneratedModuleMaps-iphonesimulator/LRUCache.modulemap\ -fmodule-map-file\=/Users/aadityasingh/Library/Developer/Xcode/DerivedData/Chatlio-erkyzdeecsohoaggpwbjdvavzqfv/Build/Intermediates.noindex/GeneratedModuleMaps-iphonesimulator/phlibwebp.modulemap\ -fmodule-map-file\=/Users/aadityasingh/Library/Developer/Xcode/DerivedData/Chatlio-erkyzdeecsohoaggpwbjdvavzqfv/Build/Intermediates.noindex/GeneratedModuleMaps-iphonesimulator/PostHog.modulemap\ -fmodule-map-file\=/Users/aadityasingh/Library/Developer/Xcode/DerivedData/Chatlio-erkyzdeecsohoaggpwbjdvavzqfv/Build/Intermediates.noindex/GeneratedModuleMaps-iphonesimulator/SwiftState.modulemap\ -fmodule-map-file\=/Users/aadityasingh/Library/Developer/Xcode/DerivedData/Chatlio-erkyzdeecsohoaggpwbjdvavzqfv/Build/Intermediates.noindex/GeneratedModuleMaps-iphonesimulator/GZIP.modulemap\ -fmodule-map-file\=/Users/aadityasingh/Library/Developer/Xcode/DerivedData/Chatlio-erkyzdeecsohoaggpwbjdvavzqfv/Build/Intermediates.noindex/GeneratedModuleMaps-iphonesimulator/SentryInternal.modulemap\ -fmodule-map-file\=/Users/aadityasingh/Library/Developer/Xcode/DerivedData/Chatlio-erkyzdeecsohoaggpwbjdvavzqfv/Build/Intermediates.noindex/GeneratedModuleMaps-iphonesimulator/SentryCppHelper.modulemap\ -fmodule-map-file\=/Users/aadityasingh/Library/Developer/Xcode/DerivedData/Chatlio-erkyzdeecsohoaggpwbjdvavzqfv/Build/Intermediates.noindex/GeneratedModuleMaps-iphonesimulator/SentrySwiftUI.modulemap\ -fmodule-map-file\=/Users/aadityasingh/Library/Developer/Xcode/DerivedData/Chatlio-erkyzdeecsohoaggpwbjdvavzqfv/Build/Intermediates.noindex/GeneratedModuleMaps-iphonesimulator/Version.modulemap\ -fmodule-map-file\=/Users/aadityasingh/Library/Developer/Xcode/DerivedData/Chatlio-erkyzdeecsohoaggpwbjdvavzqfv/Build/Intermediates.noindex/GeneratedModuleMaps-iphonesimulator/Emojibase.modulemap\ -fmodule-map-file\=/Users/aadityasingh/Library/Developer/Xcode/DerivedData/Chatlio-erkyzdeecsohoaggpwbjdvavzqfv/Build/Intermediates.noindex/GeneratedModuleMaps-iphonesimulator/DTFoundation.modulemap\ -fmodule-map-file\=/Users/aadityasingh/Library/Developer/Xcode/DerivedData/Chatlio-erkyzdeecsohoaggpwbjdvavzqfv/Build/Intermediates.noindex/GeneratedModuleMaps-iphonesimulator/DTCoreText.modulemap\ -fmodule-map-file\=/Users/aadityasingh/Library/Developer/Xcode/DerivedData/Chatlio-erkyzdeecsohoaggpwbjdvavzqfv/Build/Intermediates.noindex/GeneratedModuleMaps-iphonesimulator/HTMLParser.modulemap\ -fmodule-map-file\=/Users/aadityasingh/Library/Developer/Xcode/DerivedData/Chatlio-erkyzdeecsohoaggpwbjdvavzqfv/Build/Intermediates.noindex/GeneratedModuleMaps-iphonesimulator/DTCoreTextExtended.modulemap\ -fmodule-map-file\=/Users/aadityasingh/Library/Developer/Xcode/DerivedData/Chatlio-erkyzdeecsohoaggpwbjdvavzqfv/Build/Intermediates.noindex/GeneratedModuleMaps-iphonesimulator/WysiwygComposer.modulemap\ -fmodule-map-file\=/Users/aadityasingh/Library/Developer/Xcode/DerivedData/Chatlio-erkyzdeecsohoaggpwbjdvavzqfv/Build/Intermediates.noindex/GeneratedModuleMaps-iphonesimulator/SwiftOGG.modulemap\ -fmodule-map-file\=/Users/aadityasingh/Library/Developer/Xcode/DerivedData/Chatlio-erkyzdeecsohoaggpwbjdvavzqfv/Build/Intermediates.noindex/GeneratedModuleMaps-iphonesimulator/Atomics.modulemap\ -fmodule-map-file\=/Users/aadityasingh/Library/Developer/Xcode/DerivedData/Chatlio-erkyzdeecsohoaggpwbjdvavzqfv/Build/Intermediates.noindex/GeneratedModuleMaps-iphonesimulator/SwiftSoup.modulemap\ -fmodule-map-file\=/Users/aadityasingh/Library/Developer/Xcode/DerivedData/Chatlio-erkyzdeecsohoaggpwbjdvavzqfv/Build/Intermediates.noindex/GeneratedModuleMaps-iphonesimulator/Flow.modulemap\ -fmodule-map-file\=/Users/aadityasingh/Library/Developer/Xcode/DerivedData/Chatlio-erkyzdeecsohoaggpwbjdvavzqfv/Build/Intermediates.noindex/GeneratedModuleMaps-iphonesimulator/DSWaveformImage.modulemap\ -fmodule-map-file\=/Users/aadityasingh/Library/Developer/Xcode/DerivedData/Chatlio-erkyzdeecsohoaggpwbjdvavzqfv/Build/Intermediates.noindex/GeneratedModuleMaps-iphonesimulator/DSWaveformImageViews.modulemap\ 
    export OTHER_LDFLAGS\=-Wl,-no_warn_duplicate_libraries\ -Wl,-no_warn_duplicate_libraries\ -Wl,-no_warn_duplicate_libraries\ -Wl,-no_warn_duplicate_libraries\ -Wl,-no_warn_duplicate_libraries\ -Wl,-no_warn_duplicate_libraries\ -Wl,-no_warn_duplicate_libraries\ -Wl,-no_warn_duplicate_libraries\ -Wl,-no_warn_duplicate_libraries\ -Wl,-no_warn_duplicate_libraries\ -Wl,-no_warn_duplicate_libraries\ -Wl,-no_warn_duplicate_libraries\ -Wl,-no_warn_duplicate_libraries\ -Wl,-no_warn_duplicate_libraries\ -Wl,-no_warn_duplicate_libraries\ -Wl,-no_warn_duplicate_libraries\ -Wl,-no_warn_duplicate_libraries\ -Wl,-no_warn_duplicate_libraries\ -Wl,-no_warn_duplicate_libraries\ -Wl,-no_warn_duplicate_libraries\ -Wl,-no_warn_duplicate_libraries\ -Wl,-no_warn_duplicate_libraries\ -Wl,-no_warn_duplicate_libraries\ -Wl,-no_warn_duplicate_libraries\ -Wl,-no_warn_duplicate_libraries\ -Wl,-no_warn_duplicate_libraries\ -Wl,-no_warn_duplicate_libraries\ -Wl,-no_warn_duplicate_libraries\ -Wl,-no_warn_duplicate_libraries\ -Wl,-no_warn_duplicate_libraries\ -Wl,-no_warn_duplicate_libraries\ -Wl,-no_warn_duplicate_libraries\ -Wl,-no_warn_duplicate_libraries\ -Wl,-no_warn_duplicate_libraries\ -Wl,-no_warn_duplicate_libraries\ -Wl,-no_warn_duplicate_libraries\ -Wl,-no_warn_duplicate_libraries\ -Wl,-no_warn_duplicate_libraries\ -Wl,-no_warn_duplicate_libraries\ -Wl,-no_warn_duplicate_libraries\ -Wl,-no_warn_duplicate_libraries\ -Wl,-no_warn_duplicate_libraries\ -Wl,-no_warn_duplicate_libraries\ -Wl,-no_warn_duplicate_libraries\ -Wl,-no_warn_duplicate_libraries\ -Wl,-no_warn_duplicate_libraries\ -Wl,-no_warn_duplicate_libraries\ \ -framework\ Sentry\ -lc++
    export OTHER_SWIFT_FLAGS\=-Xcc\ -fmodule-map-file\=/Users/aadityasingh/Library/Developer/Xcode/DerivedData/Chatlio-erkyzdeecsohoaggpwbjdvavzqfv/Build/Intermediates.noindex/GeneratedModuleMaps-iphonesimulator/phlibwebp.modulemap\ -Xcc\ -fmodule-map-file\=/Users/aadityasingh/Library/Developer/Xcode/DerivedData/Chatlio-erkyzdeecsohoaggpwbjdvavzqfv/Build/Intermediates.noindex/GeneratedModuleMaps-iphonesimulator/GZIP.modulemap\ -Xcc\ -fmodule-map-file\=/Users/aadityasingh/Library/Developer/Xcode/DerivedData/Chatlio-erkyzdeecsohoaggpwbjdvavzqfv/Build/Intermediates.noindex/GeneratedModuleMaps-iphonesimulator/SentryInternal.modulemap\ -Xcc\ -fmodule-map-file\=/Users/aadityasingh/Library/Developer/Xcode/DerivedData/Chatlio-erkyzdeecsohoaggpwbjdvavzqfv/Build/Intermediates.noindex/GeneratedModuleMaps-iphonesimulator/DTFoundation.modulemap\ -Xcc\ -fmodule-map-file\=/Users/aadityasingh/Library/Developer/Xcode/DerivedData/Chatlio-erkyzdeecsohoaggpwbjdvavzqfv/Build/Intermediates.noindex/GeneratedModuleMaps-iphonesimulator/DTCoreText.modulemap\ -Xcc\ -fmodule-map-file\=/Users/aadityasingh/Library/Developer/Xcode/DerivedData/Chatlio-erkyzdeecsohoaggpwbjdvavzqfv/Build/Intermediates.noindex/GeneratedModuleMaps-iphonesimulator/DTCoreTextExtended.modulemap\ -DIS_MAIN_APP
    export PACKAGE_TYPE\=com.apple.package-type.wrapper.application
    export PASCAL_STRINGS\=YES
    export PATH\=/Applications/Xcode.app/Contents/SharedFrameworks/SwiftBuild.framework/Versions/A/PlugIns/SWBBuildService.bundle/Contents/PlugIns/SWBUniversalPlatformPlugin.bundle/Contents/Frameworks/SWBUniversalPlatform.framework/Resources:/Applications/Xcode.app/Contents/Developer/Toolchains/XcodeDefault.xctoolchain/usr/bin:/Applications/Xcode.app/Contents/Developer/Toolchains/XcodeDefault.xctoolchain/usr/local/bin:/Applications/Xcode.app/Contents/Developer/Toolchains/XcodeDefault.xctoolchain/usr/libexec:/Applications/Xcode.app/Contents/Developer/Platforms/iPhoneSimulator.platform/usr/bin:/Applications/Xcode.app/Contents/Developer/Platforms/iPhoneSimulator.platform/usr/local/bin:/Applications/Xcode.app/Contents/Developer/Platforms/iPhoneSimulator.platform/Developer/usr/bin:/Applications/Xcode.app/Contents/Developer/Platforms/iPhoneSimulator.platform/Developer/usr/local/bin:/Applications/Xcode.app/Contents/Developer/usr/bin:/Applications/Xcode.app/Contents/Developer/usr/local/bin:/Users/aadityasingh/Documents/flutter/bin:/Users/aadityasingh/.antigravity/antigravity/bin:/Users/aadityasingh/.local/bin:/Users/aadityasingh/Library/pnpm:/usr/local/bin:/System/Cryptexes/App/usr/bin:/usr/bin:/bin:/usr/sbin:/sbin:/var/run/com.apple.security.cryptexd/codex.system/bootstrap/usr/local/bin:/var/run/com.apple.security.cryptexd/codex.system/bootstrap/usr/bin:/var/run/com.apple.security.cryptexd/codex.system/bootstrap/usr/appleinternal/bin:/opt/pkg/env/active/bin:/opt/pmk/env/global/bin:/Library/Apple/usr/bin:/Library/TeX/texbin:/opt/homebrew/bin:/Users/aadityasingh/Library/Android/sdk/platform-tools
    export PATH_PREFIXES_EXCLUDED_FROM_HEADER_DEPENDENCIES\=/usr/include\ /usr/local/include\ /System/Library/Frameworks\ /System/Library/PrivateFrameworks\ /Applications/Xcode.app/Contents/Developer/Headers\ /Applications/Xcode.app/Contents/Developer/SDKs\ /Applications/Xcode.app/Contents/Developer/Platforms
    export PBDEVELOPMENTPLIST_PATH\=Chatlio.app/pbdevelopment.plist
    export PER_ARCH_MODULE_FILE_DIR\=/Users/aadityasingh/Library/Developer/Xcode/DerivedData/Chatlio-erkyzdeecsohoaggpwbjdvavzqfv/Build/Intermediates.noindex/Chatlio.build/Debug-iphonesimulator/Chatlio.build/Objects-normal/undefined_arch
    export PER_ARCH_OBJECT_FILE_DIR\=/Users/aadityasingh/Library/Developer/Xcode/DerivedData/Chatlio-erkyzdeecsohoaggpwbjdvavzqfv/Build/Intermediates.noindex/Chatlio.build/Debug-iphonesimulator/Chatlio.build/Objects-normal/undefined_arch
    export PER_VARIANT_OBJECT_FILE_DIR\=/Users/aadityasingh/Library/Developer/Xcode/DerivedData/Chatlio-erkyzdeecsohoaggpwbjdvavzqfv/Build/Intermediates.noindex/Chatlio.build/Debug-iphonesimulator/Chatlio.build/Objects-normal
    export PILLS_UT_TYPE_IDENTIFIER\=im.word.skin.chatlio.pills
    export PKGINFO_FILE_PATH\=/Users/aadityasingh/Library/Developer/Xcode/DerivedData/Chatlio-erkyzdeecsohoaggpwbjdvavzqfv/Build/Intermediates.noindex/Chatlio.build/Debug-iphonesimulator/Chatlio.build/PkgInfo
    export PKGINFO_PATH\=Chatlio.app/PkgInfo
    export PLATFORM_DEVELOPER_APPLICATIONS_DIR\=/Applications/Xcode.app/Contents/Developer/Platforms/iPhoneSimulator.platform/Developer/Applications
    export PLATFORM_DEVELOPER_BIN_DIR\=/Applications/Xcode.app/Contents/Developer/Platforms/iPhoneSimulator.platform/Developer/usr/bin
    export PLATFORM_DEVELOPER_LIBRARY_DIR\=/Applications/Xcode.app/Contents/Developer/Platforms/iPhoneSimulator.platform/Developer/Library
    export PLATFORM_DEVELOPER_SDK_DIR\=/Applications/Xcode.app/Contents/Developer/Platforms/iPhoneSimulator.platform/Developer/SDKs
    export PLATFORM_DEVELOPER_TOOLS_DIR\=/Applications/Xcode.app/Contents/Developer/Platforms/iPhoneSimulator.platform/Developer/Tools
    export PLATFORM_DEVELOPER_USR_DIR\=/Applications/Xcode.app/Contents/Developer/Platforms/iPhoneSimulator.platform/Developer/usr
    export PLATFORM_DIR\=/Applications/Xcode.app/Contents/Developer/Platforms/iPhoneSimulator.platform
    export PLATFORM_DISPLAY_NAME\=iOS\ Simulator
    export PLATFORM_FAMILY_NAME\=iOS
    export PLATFORM_NAME\=iphonesimulator
    export PLATFORM_PREFERRED_ARCH\=x86_64
    export PLATFORM_PRODUCT_BUILD_VERSION\=23E252
    export PLATFORM_REQUIRES_SWIFT_AUTOLINK_EXTRACT\=NO
    export PLATFORM_REQUIRES_SWIFT_MODULEWRAP\=NO
    export PLATFORM_USES_DSYMS\=YES
    export PLIST_FILE_OUTPUT_FORMAT\=binary
    export PLUGINS_FOLDER_PATH\=Chatlio.app/PlugIns
    export PRECOMPS_INCLUDE_HEADERS_FROM_BUILT_PRODUCTS_DIR\=YES
    export PRECOMP_DESTINATION_DIR\=/Users/aadityasingh/Library/Developer/Xcode/DerivedData/Chatlio-erkyzdeecsohoaggpwbjdvavzqfv/Build/Intermediates.noindex/Chatlio.build/Debug-iphonesimulator/Chatlio.build/PrefixHeaders
    export PRIVATE_HEADERS_FOLDER_PATH\=Chatlio.app/PrivateHeaders
    export PROCESSED_INFOPLIST_PATH\=/Users/aadityasingh/Library/Developer/Xcode/DerivedData/Chatlio-erkyzdeecsohoaggpwbjdvavzqfv/Build/Intermediates.noindex/Chatlio.build/Debug-iphonesimulator/Chatlio.build/Objects-normal/undefined_arch/Processed-Info.plist
    export PRODUCTION_APP_NAME\=Chatlio
    export PRODUCT_BUNDLE_IDENTIFIER\=im.word.skin.chatlio
    export PRODUCT_BUNDLE_PACKAGE_TYPE\=APPL
    export PRODUCT_MODULE_NAME\=Chatlio
    export PRODUCT_NAME\=Chatlio
    export PRODUCT_SETTINGS_PATH\=/Users/aadityasingh/Documents/Development/element-x-ios/Chatlio/SupportingFiles/Info.plist
    export PRODUCT_TYPE\=com.apple.product-type.application
    export PROFILING_CODE\=NO
    export PROJECT\=Chatlio
    export PROJECT_DERIVED_FILE_DIR\=/Users/aadityasingh/Library/Developer/Xcode/DerivedData/Chatlio-erkyzdeecsohoaggpwbjdvavzqfv/Build/Intermediates.noindex/Chatlio.build/DerivedSources
    export PROJECT_DIR\=/Users/aadityasingh/Documents/Development/element-x-ios
    export PROJECT_FILE_PATH\=/Users/aadityasingh/Documents/Development/element-x-ios/Chatlio.xcodeproj
    export PROJECT_GUID\=c0c2b8f6bf95e401ab7a73c0cdfb87e2
    export PROJECT_NAME\=Chatlio
    export PROJECT_TEMP_DIR\=/Users/aadityasingh/Library/Developer/Xcode/DerivedData/Chatlio-erkyzdeecsohoaggpwbjdvavzqfv/Build/Intermediates.noindex/Chatlio.build
    export PROJECT_TEMP_ROOT\=/Users/aadityasingh/Library/Developer/Xcode/DerivedData/Chatlio-erkyzdeecsohoaggpwbjdvavzqfv/Build/Intermediates.noindex
    export PROVISIONING_PROFILE_REQUIRED\=NO
    export PROVISIONING_PROFILE_REQUIRED_YES_YES\=YES
    export PROVISIONING_PROFILE_SUPPORTED\=YES
    export PUBLIC_HEADERS_FOLDER_PATH\=Chatlio.app/Headers
    export RECOMMENDED_IPHONEOS_DEPLOYMENT_TARGET\=15.0
    export RECURSIVE_SEARCH_PATHS_FOLLOW_SYMLINKS\=YES
    export REMOVE_CVS_FROM_RESOURCES\=YES
    export REMOVE_GIT_FROM_RESOURCES\=YES
    export REMOVE_HEADERS_FROM_EMBEDDED_BUNDLES\=YES
    export REMOVE_HG_FROM_RESOURCES\=YES
    export REMOVE_STATIC_EXECUTABLES_FROM_EMBEDDED_BUNDLES\=YES
    export REMOVE_SVN_FROM_RESOURCES\=YES
    export RESCHEDULE_INDEPENDENT_HEADERS_PHASES\=YES
    export REZ_COLLECTOR_DIR\=/Users/aadityasingh/Library/Developer/Xcode/DerivedData/Chatlio-erkyzdeecsohoaggpwbjdvavzqfv/Build/Intermediates.noindex/Chatlio.build/Debug-iphonesimulator/Chatlio.build/ResourceManagerResources
    export REZ_OBJECTS_DIR\=/Users/aadityasingh/Library/Developer/Xcode/DerivedData/Chatlio-erkyzdeecsohoaggpwbjdvavzqfv/Build/Intermediates.noindex/Chatlio.build/Debug-iphonesimulator/Chatlio.build/ResourceManagerResources/Objects
    export REZ_SEARCH_PATHS\=/Users/aadityasingh/Library/Developer/Xcode/DerivedData/Chatlio-erkyzdeecsohoaggpwbjdvavzqfv/Build/Products/Debug-iphonesimulator\ 
    export RPATH_ORIGIN\=@loader_path
    export RUNTIME_EXCEPTION_ALLOW_DYLD_ENVIRONMENT_VARIABLES\=NO
    export RUNTIME_EXCEPTION_ALLOW_JIT\=NO
    export RUNTIME_EXCEPTION_ALLOW_UNSIGNED_EXECUTABLE_MEMORY\=NO
    export RUNTIME_EXCEPTION_DEBUGGING_TOOL\=NO
    export RUNTIME_EXCEPTION_DISABLE_EXECUTABLE_PAGE_PROTECTION\=NO
    export RUNTIME_EXCEPTION_DISABLE_LIBRARY_VALIDATION\=NO
    export SCANNING_PCM_KEEP_CACHE_DIRECTORY\=YES
    export SCAN_ALL_SOURCE_FILES_FOR_INCLUDES\=NO
    export SCRIPTS_FOLDER_PATH\=Chatlio.app/Scripts
    export SCRIPT_INPUT_FILE_COUNT\=0
    export SCRIPT_INPUT_FILE_LIST_COUNT\=0
    export SCRIPT_OUTPUT_FILE_COUNT\=0
    export SCRIPT_OUTPUT_FILE_LIST_COUNT\=0
    export SDKROOT\=/Applications/Xcode.app/Contents/Developer/Platforms/iPhoneSimulator.platform/Developer/SDKs/iPhoneSimulator26.4.sdk
    export SDK_DIR\=/Applications/Xcode.app/Contents/Developer/Platforms/iPhoneSimulator.platform/Developer/SDKs/iPhoneSimulator26.4.sdk
    export SDK_DIR_iphonesimulator\=/Applications/Xcode.app/Contents/Developer/Platforms/iPhoneSimulator.platform/Developer/SDKs/iPhoneSimulator26.4.sdk
    export SDK_DIR_iphonesimulator26_4\=/Applications/Xcode.app/Contents/Developer/Platforms/iPhoneSimulator.platform/Developer/SDKs/iPhoneSimulator26.4.sdk
    export SDK_NAME\=iphonesimulator26.4
    export SDK_NAMES\=iphonesimulator26.4
    export SDK_PRODUCT_BUILD_VERSION\=23E252
    export SDK_STAT_CACHE_DIR\=/Users/aadityasingh/Library/Developer/Xcode/DerivedData
    export SDK_STAT_CACHE_ENABLE\=YES
    export SDK_STAT_CACHE_PATH\=/Users/aadityasingh/Library/Developer/Xcode/DerivedData/SDKStatCaches.noindex/iphonesimulator26.4-23E252-686eebb5dc1d8ecb277353a59184f4aa.sdkstatcache
    export SDK_VERSION\=26.4
    export SDK_VERSION_ACTUAL\=260400
    export SDK_VERSION_MAJOR\=260000
    export SDK_VERSION_MINOR\=260400
    export SED\=/usr/bin/sed
    export SEPARATE_STRIP\=NO
    export SEPARATE_SYMBOL_EDIT\=NO
    export SET_DIR_MODE_OWNER_GROUP\=YES
    export SET_FILE_MODE_OWNER_GROUP\=NO
    export SHALLOW_BUNDLE\=YES
    export SHALLOW_BUNDLE_TRIPLE\=ios-simulator
    export SHALLOW_BUNDLE_ios_macabi\=NO
    export SHALLOW_BUNDLE_macos\=NO
    export SHARED_DERIVED_FILE_DIR\=/Users/aadityasingh/Library/Developer/Xcode/DerivedData/Chatlio-erkyzdeecsohoaggpwbjdvavzqfv/Build/Products/Debug-iphonesimulator/DerivedSources
    export SHARED_FRAMEWORKS_FOLDER_PATH\=Chatlio.app/SharedFrameworks
    export SHARED_PRECOMPS_DIR\=/Users/aadityasingh/Library/Developer/Xcode/DerivedData/Chatlio-erkyzdeecsohoaggpwbjdvavzqfv/Build/Intermediates.noindex/PrecompiledHeaders
    export SHARED_SUPPORT_FOLDER_PATH\=Chatlio.app/SharedSupport
    export SKIP_INSTALL\=NO
    export SKIP_MERGEABLE_LIBRARY_BUNDLE_HOOK\=NO
    export SOURCE_ROOT\=/Users/aadityasingh/Documents/Development/element-x-ios
    export SRCROOT\=/Users/aadityasingh/Documents/Development/element-x-ios
    export STRINGSDATA_DIR\=/Users/aadityasingh/Library/Developer/Xcode/DerivedData/Chatlio-erkyzdeecsohoaggpwbjdvavzqfv/Build/Intermediates.noindex/Chatlio.build/Debug-iphonesimulator/Chatlio.build/Objects-normal/undefined_arch
    export STRINGSDATA_ROOT\=/Users/aadityasingh/Library/Developer/Xcode/DerivedData/Chatlio-erkyzdeecsohoaggpwbjdvavzqfv/Build/Intermediates.noindex/Chatlio.build/Debug-iphonesimulator/Chatlio.build
    export STRINGS_FILE_INFOPLIST_RENAME\=YES
    export STRINGS_FILE_OUTPUT_ENCODING\=binary
    export STRING_CATALOG_GENERATE_SYMBOLS\=NO
    export STRIP_BITCODE_FROM_COPIED_FILES\=NO
    export STRIP_INSTALLED_PRODUCT\=NO
    export STRIP_STYLE\=all
    export STRIP_SWIFT_SYMBOLS\=YES
    export SUPPORTED_DEVICE_FAMILIES\=1,2
    export SUPPORTED_PLATFORMS\=iphoneos\ iphonesimulator
    export SUPPORTS_MACCATALYST\=NO
    export SUPPORTS_ON_DEMAND_RESOURCES\=YES
    export SUPPORTS_TEXT_BASED_API\=NO
    export SUPPRESS_WARNINGS\=NO
    export SWIFT_ACTIVE_COMPILATION_CONDITIONS\=DEBUG
    export SWIFT_EMIT_CONST_VALUE_PROTOCOLS\=AnyResolverProviding\ AppEntity\ AppEnum\ AppExtension\ AppIntent\ AppIntentsPackage\ AppShortcutProviding\ AppShortcutsProvider\ AppUnionValue\ AppUnionValueCasesProviding\ DynamicOptionsProvider\ EntityQuery\ ExtensionPointDefining\ IntentValueQuery\ Resolver\ TransientEntity\ _AssistantIntentsProvider\ _GenerativeFunctionExtractable\ _IntentValueRepresentable
    export SWIFT_EMIT_LOC_STRINGS\=NO
    export SWIFT_ENABLE_EXPLICIT_MODULES\=YES
    export SWIFT_OBJC_BRIDGING_HEADER\=Chatlio/SupportingFiles/Chatlio-Bridging-Header.h
    export SWIFT_OBJC_INTERFACE_HEADER_NAME\=GeneratedInterface-Swift.h
    export SWIFT_OPTIMIZATION_LEVEL\=-Onone
    export SWIFT_PLATFORM_TARGET_PREFIX\=ios
    export SWIFT_RESPONSE_FILE_PATH_normal_arm64\=/Users/aadityasingh/Library/Developer/Xcode/DerivedData/Chatlio-erkyzdeecsohoaggpwbjdvavzqfv/Build/Intermediates.noindex/Chatlio.build/Debug-iphonesimulator/Chatlio.build/Objects-normal/arm64/Chatlio.SwiftFileList
    export SWIFT_VERSION\=5.0
    export SYMROOT\=/Users/aadityasingh/Library/Developer/Xcode/DerivedData/Chatlio-erkyzdeecsohoaggpwbjdvavzqfv/Build/Products
    export SYSTEM_ADMIN_APPS_DIR\=/Applications/Utilities
    export SYSTEM_APPS_DIR\=/Applications
    export SYSTEM_CORE_SERVICES_DIR\=/System/Library/CoreServices
    export SYSTEM_DEMOS_DIR\=/Applications/Extras
    export SYSTEM_DEVELOPER_APPS_DIR\=/Applications/Xcode.app/Contents/Developer/Applications
    export SYSTEM_DEVELOPER_BIN_DIR\=/Applications/Xcode.app/Contents/Developer/usr/bin
    export SYSTEM_DEVELOPER_DEMOS_DIR\=/Applications/Xcode.app/Contents/Developer/Applications/Utilities/Built\ Examples
    export SYSTEM_DEVELOPER_DIR\=/Applications/Xcode.app/Contents/Developer
    export SYSTEM_DEVELOPER_DOC_DIR\=/Applications/Xcode.app/Contents/Developer/ADC\ Reference\ Library
    export SYSTEM_DEVELOPER_GRAPHICS_TOOLS_DIR\=/Applications/Xcode.app/Contents/Developer/Applications/Graphics\ Tools
    export SYSTEM_DEVELOPER_JAVA_TOOLS_DIR\=/Applications/Xcode.app/Contents/Developer/Applications/Java\ Tools
    export SYSTEM_DEVELOPER_PERFORMANCE_TOOLS_DIR\=/Applications/Xcode.app/Contents/Developer/Applications/Performance\ Tools
    export SYSTEM_DEVELOPER_RELEASENOTES_DIR\=/Applications/Xcode.app/Contents/Developer/ADC\ Reference\ Library/releasenotes
    export SYSTEM_DEVELOPER_TOOLS\=/Applications/Xcode.app/Contents/Developer/Tools
    export SYSTEM_DEVELOPER_TOOLS_DOC_DIR\=/Applications/Xcode.app/Contents/Developer/ADC\ Reference\ Library/documentation/DeveloperTools
    export SYSTEM_DEVELOPER_TOOLS_RELEASENOTES_DIR\=/Applications/Xcode.app/Contents/Developer/ADC\ Reference\ Library/releasenotes/DeveloperTools
    export SYSTEM_DEVELOPER_USR_DIR\=/Applications/Xcode.app/Contents/Developer/usr
    export SYSTEM_DEVELOPER_UTILITIES_DIR\=/Applications/Xcode.app/Contents/Developer/Applications/Utilities
    export SYSTEM_DEXT_INSTALL_PATH\=/System/Library/DriverExtensions
    export SYSTEM_DOCUMENTATION_DIR\=/Library/Documentation
    export SYSTEM_EXTENSIONS_FOLDER_PATH\=Chatlio.app/SystemExtensions
    export SYSTEM_EXTENSIONS_FOLDER_PATH_SHALLOW_BUNDLE_NO\=Chatlio.app/Library/SystemExtensions
    export SYSTEM_EXTENSIONS_FOLDER_PATH_SHALLOW_BUNDLE_YES\=Chatlio.app/SystemExtensions
    export SYSTEM_KEXT_INSTALL_PATH\=/System/Library/Extensions
    export SYSTEM_LIBRARY_DIR\=/System/Library
    export TAPI_DEMANGLE\=YES
    export TAPI_ENABLE_PROJECT_HEADERS\=NO
    export TAPI_LANGUAGE\=objective-c
    export TAPI_LANGUAGE_STANDARD\=compiler-default
    export TAPI_USE_SRCROOT\=YES
    export TAPI_VERIFY_MODE\=Pedantic
    export TARGETED_DEVICE_FAMILY\=1,2
    export TARGETNAME\=Chatlio
    export TARGET_BUILD_DIR\=/Users/aadityasingh/Library/Developer/Xcode/DerivedData/Chatlio-erkyzdeecsohoaggpwbjdvavzqfv/Build/Products/Debug-iphonesimulator
    export TARGET_DEVICE_IDENTIFIER\=9A61A3BE-6F25-4DF4-9709-C0BF9F4EFE59
    export TARGET_DEVICE_MODEL\=iPad15,7
    export TARGET_DEVICE_OS_VERSION\=26.4.1
    export TARGET_DEVICE_PLATFORM_NAME\=iphonesimulator
    export TARGET_NAME\=Chatlio
    export TARGET_TEMP_DIR\=/Users/aadityasingh/Library/Developer/Xcode/DerivedData/Chatlio-erkyzdeecsohoaggpwbjdvavzqfv/Build/Intermediates.noindex/Chatlio.build/Debug-iphonesimulator/Chatlio.build
    export TEMP_DIR\=/Users/aadityasingh/Library/Developer/Xcode/DerivedData/Chatlio-erkyzdeecsohoaggpwbjdvavzqfv/Build/Intermediates.noindex/Chatlio.build/Debug-iphonesimulator/Chatlio.build
    export TEMP_FILES_DIR\=/Users/aadityasingh/Library/Developer/Xcode/DerivedData/Chatlio-erkyzdeecsohoaggpwbjdvavzqfv/Build/Intermediates.noindex/Chatlio.build/Debug-iphonesimulator/Chatlio.build
    export TEMP_FILE_DIR\=/Users/aadityasingh/Library/Developer/Xcode/DerivedData/Chatlio-erkyzdeecsohoaggpwbjdvavzqfv/Build/Intermediates.noindex/Chatlio.build/Debug-iphonesimulator/Chatlio.build
    export TEMP_ROOT\=/Users/aadityasingh/Library/Developer/Xcode/DerivedData/Chatlio-erkyzdeecsohoaggpwbjdvavzqfv/Build/Intermediates.noindex
    export TEMP_SANDBOX_DIR\=/Users/aadityasingh/Library/Developer/Xcode/DerivedData/Chatlio-erkyzdeecsohoaggpwbjdvavzqfv/Build/Intermediates.noindex/TemporaryTaskSandboxes
    export TEST_FRAMEWORK_SEARCH_PATHS\=\ /Applications/Xcode.app/Contents/Developer/Platforms/iPhoneSimulator.platform/Developer/Library/Frameworks\ /Applications/Xcode.app/Contents/Developer/Platforms/iPhoneSimulator.platform/Developer/SDKs/iPhoneSimulator26.4.sdk/Developer/Library/Frameworks
    export TEST_LIBRARY_SEARCH_PATHS\=\ /Applications/Xcode.app/Contents/Developer/Platforms/iPhoneSimulator.platform/Developer/usr/lib
    export TOOLCHAINS\=com.apple.dt.toolchain.XcodeDefault
    export TOOLCHAIN_DIR\=/Applications/Xcode.app/Contents/Developer/Toolchains/XcodeDefault.xctoolchain
    export TREAT_MISSING_BASELINES_AS_TEST_FAILURES\=NO
    export TREAT_MISSING_SCRIPT_PHASE_OUTPUTS_AS_ERRORS\=NO
    export TeamIdentifierPrefix\=7J4U792NQT.
    export UID\=501
    export UNINSTALLED_PRODUCTS_DIR\=/Users/aadityasingh/Library/Developer/Xcode/DerivedData/Chatlio-erkyzdeecsohoaggpwbjdvavzqfv/Build/Intermediates.noindex/UninstalledProducts
    export UNLOCALIZED_RESOURCES_FOLDER_PATH\=Chatlio.app
    export UNLOCALIZED_RESOURCES_FOLDER_PATH_SHALLOW_BUNDLE_NO\=Chatlio.app/Resources
    export UNLOCALIZED_RESOURCES_FOLDER_PATH_SHALLOW_BUNDLE_YES\=Chatlio.app
    export UNSTRIPPED_PRODUCT\=NO
    export USER\=aadityasingh
    export USER_APPS_DIR\=/Users/aadityasingh/Applications
    export USER_LIBRARY_DIR\=/Users/aadityasingh/Library
    export USE_DYNAMIC_NO_PIC\=YES
    export USE_HEADERMAP\=YES
    export USE_HEADER_SYMLINKS\=NO
    export VALIDATE_DEVELOPMENT_ASSET_PATHS\=YES_ERROR
    export VALIDATE_PRODUCT\=NO
    export VALID_ARCHS\=arm64\ x86_64
    export VERBOSE_PBXCP\=NO
    export VERSIONPLIST_PATH\=Chatlio.app/version.plist
    export VERSION_INFO_BUILDER\=aadityasingh
    export VERSION_INFO_FILE\=Chatlio_vers.c
    export VERSION_INFO_STRING\=\"@\(\#\)PROGRAM:Chatlio\ \ PROJECT:Chatlio-1\"
    export WORKSPACE_DIR\=/Users/aadityasingh/Documents/Development/element-x-ios/Chatlio.xcodeproj
    export WRAPPER_EXTENSION\=app
    export WRAPPER_NAME\=Chatlio.app
    export WRAPPER_SUFFIX\=.app
    export WRAP_ASSET_PACKS_IN_SEPARATE_DIRECTORIES\=NO
    export XCODE_APP_SUPPORT_DIR\=/Applications/Xcode.app/Contents/Developer/Library/Xcode
    export XCODE_PRODUCT_BUILD_VERSION\=17E202
    export XCODE_VERSION_ACTUAL\=2641
    export XCODE_VERSION_MAJOR\=2600
    export XCODE_VERSION_MINOR\=2640
    export XPCSERVICES_FOLDER_PATH\=Chatlio.app/XPCServices
    export YACC\=yacc
    export _DISCOVER_COMMAND_LINE_LINKER_INPUTS\=YES
    export _DISCOVER_COMMAND_LINE_LINKER_INPUTS_INCLUDE_WL\=YES
    export _LD_MULTIARCH\=YES
    export _WRAPPER_CONTENTS_DIR_SHALLOW_BUNDLE_NO\=/Contents
    export _WRAPPER_PARENT_PATH_SHALLOW_BUNDLE_NO\=/..
    export _WRAPPER_RESOURCES_DIR_SHALLOW_BUNDLE_NO\=/Resources
    export __DIAGNOSE_DEPRECATED_ARCHS\=YES
    export __IS_NOT_MACOS\=YES
    export __IS_NOT_MACOS_macosx\=NO
    export __IS_NOT_SIMULATOR\=NO
    export __IS_NOT_SIMULATOR_simulator\=NO
    export __ORIGINAL_SDK_DEFINED_LLVM_TARGET_TRIPLE_SYS\=ios
    export arch\=undefined_arch
    export variant\=normal
    /bin/sh -c /Users/aadityasingh/Library/Developer/Xcode/DerivedData/Chatlio-erkyzdeecsohoaggpwbjdvavzqfv/Build/Intermediates.noindex/Chatlio.build/Debug-iphonesimulator/Chatlio.build/Script-394E58E943052FAC5455F0DB.sh
Using configuration file at 'Tools/Sourcery/TestablePreviewsDictionary.yml'
Scanning sources...
Found 2308 types in 1023 files, 0 changed from last run.
Loading templates...
Loaded 1 templates.
Generating code...
Finished.
Processing time 0.47 seconds
Using configuration file at 'Tools/Sourcery/AccessibilityTests.yml'
Scanning sources...
Found 2308 types in 1023 files, 0 changed from last run.
Loading templates...
Loaded 1 templates.
Generating code...
Finished.
Processing time 0.46 seconds

GenerateAssetSymbols /Users/aadityasingh/Documents/Development/element-x-ios/Chatlio/Resources/AppIcon.icon /Users/aadityasingh/Documents/Development/element-x-ios/Chatlio/Resources/Assets.xcassets (in target 'Chatlio' from project 'Chatlio')
    cd /Users/aadityasingh/Documents/Development/element-x-ios
    /Applications/Xcode.app/Contents/Developer/usr/bin/actool /Users/aadityasingh/Documents/Development/element-x-ios/Chatlio/Resources/AppIcon.icon /Users/aadityasingh/Documents/Development/element-x-ios/Chatlio/Resources/Assets.xcassets --compile /Users/aadityasingh/Library/Developer/Xcode/DerivedData/Chatlio-erkyzdeecsohoaggpwbjdvavzqfv/Build/Products/Debug-iphonesimulator/Chatlio.app --output-format human-readable-text --notices --warnings --export-dependency-info /Users/aadityasingh/Library/Developer/Xcode/DerivedData/Chatlio-erkyzdeecsohoaggpwbjdvavzqfv/Build/Intermediates.noindex/Chatlio.build/Debug-iphonesimulator/Chatlio.build/assetcatalog_dependencies --output-partial-info-plist /Users/aadityasingh/Library/Developer/Xcode/DerivedData/Chatlio-erkyzdeecsohoaggpwbjdvavzqfv/Build/Intermediates.noindex/Chatlio.build/Debug-iphonesimulator/Chatlio.build/assetcatalog_generated_info.plist --app-icon AppIcon --accent-color colors/accent-color --compress-pngs --enable-on-demand-resources YES --development-region en --target-device iphone --target-device ipad --minimum-deployment-target 17.0 --platform iphonesimulator --bundle-identifier im.word.skin.chatlio --generate-swift-asset-symbol-extensions NO --generate-swift-asset-symbols /Users/aadityasingh/Library/Developer/Xcode/DerivedData/Chatlio-erkyzdeecsohoaggpwbjdvavzqfv/Build/Intermediates.noindex/Chatlio.build/Debug-iphonesimulator/Chatlio.build/DerivedSources/GeneratedAssetSymbols.swift --generate-objc-asset-symbols /Users/aadityasingh/Library/Developer/Xcode/DerivedData/Chatlio-erkyzdeecsohoaggpwbjdvavzqfv/Build/Intermediates.noindex/Chatlio.build/Debug-iphonesimulator/Chatlio.build/DerivedSources/GeneratedAssetSymbols.h --generate-asset-symbol-index /Users/aadityasingh/Library/Developer/Xcode/DerivedData/Chatlio-erkyzdeecsohoaggpwbjdvavzqfv/Build/Intermediates.noindex/Chatlio.build/Debug-iphonesimulator/Chatlio.build/DerivedSources/GeneratedAssetSymbols-Index.plist
/* com.apple.actool.compilation-results */
/Users/aadityasingh/Library/Developer/Xcode/DerivedData/Chatlio-erkyzdeecsohoaggpwbjdvavzqfv/Build/Intermediates.noindex/Chatlio.build/Debug-iphonesimulator/Chatlio.build/DerivedSources/GeneratedAssetSymbols-Index.plist
/Users/aadityasingh/Library/Developer/Xcode/DerivedData/Chatlio-erkyzdeecsohoaggpwbjdvavzqfv/Build/Intermediates.noindex/Chatlio.build/Debug-iphonesimulator/Chatlio.build/DerivedSources/GeneratedAssetSymbols.h
/Users/aadityasingh/Library/Developer/Xcode/DerivedData/Chatlio-erkyzdeecsohoaggpwbjdvavzqfv/Build/Intermediates.noindex/Chatlio.build/Debug-iphonesimulator/Chatlio.build/DerivedSources/GeneratedAssetSymbols.swift


CpResource /Users/aadityasingh/Library/Developer/Xcode/DerivedData/Chatlio-erkyzdeecsohoaggpwbjdvavzqfv/Build/Products/Debug-iphonesimulator/Chatlio.app/test_voice_message.m4a /Users/aadityasingh/Documents/Development/element-x-ios/DevelopmentAssets/Media/test_voice_message.m4a (in target 'Chatlio' from project 'Chatlio')
    cd /Users/aadityasingh/Documents/Development/element-x-ios
    builtin-copy -exclude .DS_Store -exclude CVS -exclude .svn -exclude .git -exclude .hg -resolve-src-symlinks /Users/aadityasingh/Documents/Development/element-x-ios/DevelopmentAssets/Media/test_voice_message.m4a /Users/aadityasingh/Library/Developer/Xcode/DerivedData/Chatlio-erkyzdeecsohoaggpwbjdvavzqfv/Build/Products/Debug-iphonesimulator/Chatlio.app

CpResource /Users/aadityasingh/Library/Developer/Xcode/DerivedData/Chatlio-erkyzdeecsohoaggpwbjdvavzqfv/Build/Products/Debug-iphonesimulator/Chatlio.app/test_rotated_image.jpg /Users/aadityasingh/Documents/Development/element-x-ios/DevelopmentAssets/Media/test_rotated_image.jpg (in target 'Chatlio' from project 'Chatlio')
    cd /Users/aadityasingh/Documents/Development/element-x-ios
    builtin-copy -exclude .DS_Store -exclude CVS -exclude .svn -exclude .git -exclude .hg -resolve-src-symlinks /Users/aadityasingh/Documents/Development/element-x-ios/DevelopmentAssets/Media/test_rotated_image.jpg /Users/aadityasingh/Library/Developer/Xcode/DerivedData/Chatlio-erkyzdeecsohoaggpwbjdvavzqfv/Build/Products/Debug-iphonesimulator/Chatlio.app

CpResource /Users/aadityasingh/Library/Developer/Xcode/DerivedData/Chatlio-erkyzdeecsohoaggpwbjdvavzqfv/Build/Products/Debug-iphonesimulator/Chatlio.app/test_audio.mp3 /Users/aadityasingh/Documents/Development/element-x-ios/DevelopmentAssets/Media/test_audio.mp3 (in target 'Chatlio' from project 'Chatlio')
    cd /Users/aadityasingh/Documents/Development/element-x-ios
    builtin-copy -exclude .DS_Store -exclude CVS -exclude .svn -exclude .git -exclude .hg -resolve-src-symlinks /Users/aadityasingh/Documents/Development/element-x-ios/DevelopmentAssets/Media/test_audio.mp3 /Users/aadityasingh/Library/Developer/Xcode/DerivedData/Chatlio-erkyzdeecsohoaggpwbjdvavzqfv/Build/Products/Debug-iphonesimulator/Chatlio.app

CpResource /Users/aadityasingh/Library/Developer/Xcode/DerivedData/Chatlio-erkyzdeecsohoaggpwbjdvavzqfv/Build/Products/Debug-iphonesimulator/Chatlio.app/test_pdf.pdf /Users/aadityasingh/Documents/Development/element-x-ios/DevelopmentAssets/Media/test_pdf.pdf (in target 'Chatlio' from project 'Chatlio')
    cd /Users/aadityasingh/Documents/Development/element-x-ios
    builtin-copy -exclude .DS_Store -exclude CVS -exclude .svn -exclude .git -exclude .hg -resolve-src-symlinks /Users/aadityasingh/Documents/Development/element-x-ios/DevelopmentAssets/Media/test_pdf.pdf /Users/aadityasingh/Library/Developer/Xcode/DerivedData/Chatlio-erkyzdeecsohoaggpwbjdvavzqfv/Build/Products/Debug-iphonesimulator/Chatlio.app

CpResource /Users/aadityasingh/Library/Developer/Xcode/DerivedData/Chatlio-erkyzdeecsohoaggpwbjdvavzqfv/Build/Products/Debug-iphonesimulator/Chatlio.app/test_apple_image.heic /Users/aadityasingh/Documents/Development/element-x-ios/DevelopmentAssets/Media/test_apple_image.heic (in target 'Chatlio' from project 'Chatlio')
    cd /Users/aadityasingh/Documents/Development/element-x-ios
    builtin-copy -exclude .DS_Store -exclude CVS -exclude .svn -exclude .git -exclude .hg -resolve-src-symlinks /Users/aadityasingh/Documents/Development/element-x-ios/DevelopmentAssets/Media/test_apple_image.heic /Users/aadityasingh/Library/Developer/Xcode/DerivedData/Chatlio-erkyzdeecsohoaggpwbjdvavzqfv/Build/Products/Debug-iphonesimulator/Chatlio.app

CpResource /Users/aadityasingh/Library/Developer/Xcode/DerivedData/Chatlio-erkyzdeecsohoaggpwbjdvavzqfv/Build/Products/Debug-iphonesimulator/Chatlio.app/test_animated_image.gif /Users/aadityasingh/Documents/Development/element-x-ios/DevelopmentAssets/Media/test_animated_image.gif (in target 'Chatlio' from project 'Chatlio')
    cd /Users/aadityasingh/Documents/Development/element-x-ios
    builtin-copy -exclude .DS_Store -exclude CVS -exclude .svn -exclude .git -exclude .hg -resolve-src-symlinks /Users/aadityasingh/Documents/Development/element-x-ios/DevelopmentAssets/Media/test_animated_image.gif /Users/aadityasingh/Library/Developer/Xcode/DerivedData/Chatlio-erkyzdeecsohoaggpwbjdvavzqfv/Build/Products/Debug-iphonesimulator/Chatlio.app

MkDir /Users/aadityasingh/Library/Developer/Xcode/DerivedData/Chatlio-erkyzdeecsohoaggpwbjdvavzqfv/Build/Intermediates.noindex/Chatlio.build/Debug-iphonesimulator/Chatlio.build/assetcatalog_output/unthinned (in target 'Chatlio' from project 'Chatlio')
    cd /Users/aadityasingh/Documents/Development/element-x-ios
    /bin/mkdir -p /Users/aadityasingh/Library/Developer/Xcode/DerivedData/Chatlio-erkyzdeecsohoaggpwbjdvavzqfv/Build/Intermediates.noindex/Chatlio.build/Debug-iphonesimulator/Chatlio.build/assetcatalog_output/unthinned

CpResource /Users/aadityasingh/Library/Developer/Xcode/DerivedData/Chatlio-erkyzdeecsohoaggpwbjdvavzqfv/Build/Products/Debug-iphonesimulator/Chatlio.app/target.yml /Users/aadityasingh/Documents/Development/element-x-ios/Chatlio/SupportingFiles/target.yml (in target 'Chatlio' from project 'Chatlio')
    cd /Users/aadityasingh/Documents/Development/element-x-ios
    builtin-copy -exclude .DS_Store -exclude CVS -exclude .svn -exclude .git -exclude .hg -resolve-src-symlinks /Users/aadityasingh/Documents/Development/element-x-ios/Chatlio/SupportingFiles/target.yml /Users/aadityasingh/Library/Developer/Xcode/DerivedData/Chatlio-erkyzdeecsohoaggpwbjdvavzqfv/Build/Products/Debug-iphonesimulator/Chatlio.app

MkDir /Users/aadityasingh/Library/Developer/Xcode/DerivedData/Chatlio-erkyzdeecsohoaggpwbjdvavzqfv/Build/Intermediates.noindex/Chatlio.build/Debug-iphonesimulator/Chatlio.build/assetcatalog_output/thinned (in target 'Chatlio' from project 'Chatlio')
    cd /Users/aadityasingh/Documents/Development/element-x-ios
    /bin/mkdir -p /Users/aadityasingh/Library/Developer/Xcode/DerivedData/Chatlio-erkyzdeecsohoaggpwbjdvavzqfv/Build/Intermediates.noindex/Chatlio.build/Debug-iphonesimulator/Chatlio.build/assetcatalog_output/thinned

CpResource /Users/aadityasingh/Library/Developer/Xcode/DerivedData/Chatlio-erkyzdeecsohoaggpwbjdvavzqfv/Build/Products/Debug-iphonesimulator/Chatlio.app/preview_video.jpg /Users/aadityasingh/Documents/Development/element-x-ios/DevelopmentAssets/Media/preview_video.jpg (in target 'Chatlio' from project 'Chatlio')
    cd /Users/aadityasingh/Documents/Development/element-x-ios
    builtin-copy -exclude .DS_Store -exclude CVS -exclude .svn -exclude .git -exclude .hg -resolve-src-symlinks /Users/aadityasingh/Documents/Development/element-x-ios/DevelopmentAssets/Media/preview_video.jpg /Users/aadityasingh/Library/Developer/Xcode/DerivedData/Chatlio-erkyzdeecsohoaggpwbjdvavzqfv/Build/Products/Debug-iphonesimulator/Chatlio.app

Ld /Users/aadityasingh/Library/Developer/Xcode/DerivedData/Chatlio-erkyzdeecsohoaggpwbjdvavzqfv/Build/Products/Debug-iphonesimulator/Chatlio.app/__preview.dylib normal (in target 'Chatlio' from project 'Chatlio')
    cd /Users/aadityasingh/Documents/Development/element-x-ios
    /Applications/Xcode.app/Contents/Developer/Toolchains/XcodeDefault.xctoolchain/usr/bin/clang -Xlinker -reproducible -target arm64-apple-ios17.0-simulator -dynamiclib -isysroot /Applications/Xcode.app/Contents/Developer/Platforms/iPhoneSimulator.platform/Developer/SDKs/iPhoneSimulator26.4.sdk -O0 -L/Users/aadityasingh/Library/Developer/Xcode/DerivedData/Chatlio-erkyzdeecsohoaggpwbjdvavzqfv/Build/Products/Debug-iphonesimulator -F/Users/aadityasingh/Library/Developer/Xcode/DerivedData/Chatlio-erkyzdeecsohoaggpwbjdvavzqfv/Build/Products/Debug-iphonesimulator/PackageFrameworks -F/Users/aadityasingh/Library/Developer/Xcode/DerivedData/Chatlio-erkyzdeecsohoaggpwbjdvavzqfv/Build/Products/Debug-iphonesimulator/PackageFrameworks -F/Users/aadityasingh/Library/Developer/Xcode/DerivedData/Chatlio-erkyzdeecsohoaggpwbjdvavzqfv/Build/Products/Debug-iphonesimulator/PackageFrameworks -F/Users/aadityasingh/Library/Developer/Xcode/DerivedData/Chatlio-erkyzdeecsohoaggpwbjdvavzqfv/Build/Products/Debug-iphonesimulator/PackageFrameworks -F/Users/aadityasingh/Library/Developer/Xcode/DerivedData/Chatlio-erkyzdeecsohoaggpwbjdvavzqfv/Build/Products/Debug-iphonesimulator/PackageFrameworks -F/Users/aadityasingh/Library/Developer/Xcode/DerivedData/Chatlio-erkyzdeecsohoaggpwbjdvavzqfv/Build/Products/Debug-iphonesimulator/PackageFrameworks -F/Users/aadityasingh/Library/Developer/Xcode/DerivedData/Chatlio-erkyzdeecsohoaggpwbjdvavzqfv/Build/Products/Debug-iphonesimulator/PackageFrameworks -F/Users/aadityasingh/Library/Developer/Xcode/DerivedData/Chatlio-erkyzdeecsohoaggpwbjdvavzqfv/Build/Products/Debug-iphonesimulator/PackageFrameworks -F/Users/aadityasingh/Library/Developer/Xcode/DerivedData/Chatlio-erkyzdeecsohoaggpwbjdvavzqfv/Build/Products/Debug-iphonesimulator/PackageFrameworks -F/Users/aadityasingh/Library/Developer/Xcode/DerivedData/Chatlio-erkyzdeecsohoaggpwbjdvavzqfv/Build/Products/Debug-iphonesimulator/PackageFrameworks -F/Users/aadityasingh/Library/Developer/Xcode/DerivedData/Chatlio-erkyzdeecsohoaggpwbjdvavzqfv/Build/Products/Debug-iphonesimulator/PackageFrameworks -F/Users/aadityasingh/Library/Developer/Xcode/DerivedData/Chatlio-erkyzdeecsohoaggpwbjdvavzqfv/Build/Products/Debug-iphonesimulator/PackageFrameworks -F/Users/aadityasingh/Library/Developer/Xcode/DerivedData/Chatlio-erkyzdeecsohoaggpwbjdvavzqfv/Build/Products/Debug-iphonesimulator/PackageFrameworks -F/Users/aadityasingh/Library/Developer/Xcode/DerivedData/Chatlio-erkyzdeecsohoaggpwbjdvavzqfv/Build/Products/Debug-iphonesimulator/PackageFrameworks -F/Users/aadityasingh/Library/Developer/Xcode/DerivedData/Chatlio-erkyzdeecsohoaggpwbjdvavzqfv/Build/Products/Debug-iphonesimulator/PackageFrameworks -F/Users/aadityasingh/Library/Developer/Xcode/DerivedData/Chatlio-erkyzdeecsohoaggpwbjdvavzqfv/Build/Products/Debug-iphonesimulator/PackageFrameworks -F/Users/aadityasingh/Library/Developer/Xcode/DerivedData/Chatlio-erkyzdeecsohoaggpwbjdvavzqfv/Build/Products/Debug-iphonesimulator/PackageFrameworks -F/Users/aadityasingh/Library/Developer/Xcode/DerivedData/Chatlio-erkyzdeecsohoaggpwbjdvavzqfv/Build/Products/Debug-iphonesimulator/PackageFrameworks -F/Users/aadityasingh/Library/Developer/Xcode/DerivedData/Chatlio-erkyzdeecsohoaggpwbjdvavzqfv/Build/Products/Debug-iphonesimulator/PackageFrameworks -F/Users/aadityasingh/Library/Developer/Xcode/DerivedData/Chatlio-erkyzdeecsohoaggpwbjdvavzqfv/Build/Products/Debug-iphonesimulator/PackageFrameworks -F/Users/aadityasingh/Library/Developer/Xcode/DerivedData/Chatlio-erkyzdeecsohoaggpwbjdvavzqfv/Build/Products/Debug-iphonesimulator/PackageFrameworks -F/Users/aadityasingh/Library/Developer/Xcode/DerivedData/Chatlio-erkyzdeecsohoaggpwbjdvavzqfv/Build/Products/Debug-iphonesimulator/PackageFrameworks -F/Users/aadityasingh/Library/Developer/Xcode/DerivedData/Chatlio-erkyzdeecsohoaggpwbjdvavzqfv/Build/Products/Debug-iphonesimulator/PackageFrameworks -F/Users/aadityasingh/Library/Developer/Xcode/DerivedData/Chatlio-erkyzdeecsohoaggpwbjdvavzqfv/Build/Products/Debug-iphonesimulator/PackageFrameworks -F/Users/aadityasingh/Library/Developer/Xcode/DerivedData/Chatlio-erkyzdeecsohoaggpwbjdvavzqfv/Build/Products/Debug-iphonesimulator/PackageFrameworks -F/Users/aadityasingh/Library/Developer/Xcode/DerivedData/Chatlio-erkyzdeecsohoaggpwbjdvavzqfv/Build/Products/Debug-iphonesimulator/PackageFrameworks -F/Users/aadityasingh/Library/Developer/Xcode/DerivedData/Chatlio-erkyzdeecsohoaggpwbjdvavzqfv/Build/Products/Debug-iphonesimulator/PackageFrameworks -F/Users/aadityasingh/Library/Developer/Xcode/DerivedData/Chatlio-erkyzdeecsohoaggpwbjdvavzqfv/Build/Products/Debug-iphonesimulator/PackageFrameworks -F/Users/aadityasingh/Library/Developer/Xcode/DerivedData/Chatlio-erkyzdeecsohoaggpwbjdvavzqfv/Build/Products/Debug-iphonesimulator/PackageFrameworks -F/Users/aadityasingh/Library/Developer/Xcode/DerivedData/Chatlio-erkyzdeecsohoaggpwbjdvavzqfv/Build/Products/Debug-iphonesimulator/PackageFrameworks -F/Users/aadityasingh/Library/Developer/Xcode/DerivedData/Chatlio-erkyzdeecsohoaggpwbjdvavzqfv/Build/Products/Debug-iphonesimulator/PackageFrameworks -F/Users/aadityasingh/Library/Developer/Xcode/DerivedData/Chatlio-erkyzdeecsohoaggpwbjdvavzqfv/Build/Products/Debug-iphonesimulator/PackageFrameworks -F/Users/aadityasingh/Library/Developer/Xcode/DerivedData/Chatlio-erkyzdeecsohoaggpwbjdvavzqfv/Build/Products/Debug-iphonesimulator/PackageFrameworks -F/Users/aadityasingh/Library/Developer/Xcode/DerivedData/Chatlio-erkyzdeecsohoaggpwbjdvavzqfv/Build/Products/Debug-iphonesimulator/PackageFrameworks -F/Users/aadityasingh/Library/Developer/Xcode/DerivedData/Chatlio-erkyzdeecsohoaggpwbjdvavzqfv/Build/Products/Debug-iphonesimulator/PackageFrameworks -F/Users/aadityasingh/Library/Developer/Xcode/DerivedData/Chatlio-erkyzdeecsohoaggpwbjdvavzqfv/Build/Products/Debug-iphonesimulator/PackageFrameworks -F/Users/aadityasingh/Library/Developer/Xcode/DerivedData/Chatlio-erkyzdeecsohoaggpwbjdvavzqfv/Build/Products/Debug-iphonesimulator/PackageFrameworks -F/Users/aadityasingh/Library/Developer/Xcode/DerivedData/Chatlio-erkyzdeecsohoaggpwbjdvavzqfv/Build/Products/Debug-iphonesimulator/PackageFrameworks -F/Users/aadityasingh/Library/Developer/Xcode/DerivedData/Chatlio-erkyzdeecsohoaggpwbjdvavzqfv/Build/Products/Debug-iphonesimulator/PackageFrameworks -F/Users/aadityasingh/Library/Developer/Xcode/DerivedData/Chatlio-erkyzdeecsohoaggpwbjdvavzqfv/Build/Products/Debug-iphonesimulator/PackageFrameworks -F/Users/aadityasingh/Library/Developer/Xcode/DerivedData/Chatlio-erkyzdeecsohoaggpwbjdvavzqfv/Build/Products/Debug-iphonesimulator/PackageFrameworks -F/Users/aadityasingh/Library/Developer/Xcode/DerivedData/Chatlio-erkyzdeecsohoaggpwbjdvavzqfv/Build/Products/Debug-iphonesimulator/PackageFrameworks -F/Users/aadityasingh/Library/Developer/Xcode/DerivedData/Chatlio-erkyzdeecsohoaggpwbjdvavzqfv/Build/Products/Debug-iphonesimulator/PackageFrameworks -F/Users/aadityasingh/Library/Developer/Xcode/DerivedData/Chatlio-erkyzdeecsohoaggpwbjdvavzqfv/Build/Products/Debug-iphonesimulator/PackageFrameworks -F/Users/aadityasingh/Library/Developer/Xcode/DerivedData/Chatlio-erkyzdeecsohoaggpwbjdvavzqfv/Build/Products/Debug-iphonesimulator/PackageFrameworks -F/Users/aadityasingh/Library/Developer/Xcode/DerivedData/Chatlio-erkyzdeecsohoaggpwbjdvavzqfv/Build/Products/Debug-iphonesimulator/PackageFrameworks -F/Users/aadityasingh/Library/Developer/Xcode/DerivedData/Chatlio-erkyzdeecsohoaggpwbjdvavzqfv/Build/Products/Debug-iphonesimulator/PackageFrameworks -F/Users/aadityasingh/Library/Developer/Xcode/DerivedData/Chatlio-erkyzdeecsohoaggpwbjdvavzqfv/Build/Products/Debug-iphonesimulator -install_name @rpath/Chatlio.debug.dylib -Xlinker -dead_strip -rdynamic -Xlinker -no_deduplicate -Xlinker -objc_abi_version -Xlinker 2 -Xlinker -debug_variant -Xlinker -dependency_info -Xlinker /Users/aadityasingh/Library/Developer/Xcode/DerivedData/Chatlio-erkyzdeecsohoaggpwbjdvavzqfv/Build/Intermediates.noindex/Chatlio.build/Debug-iphonesimulator/Chatlio.build/Objects-normal/arm64/Chatlio_dependency_info.dat -Xlinker -sectcreate -Xlinker __TEXT -Xlinker __entitlements -Xlinker /Users/aadityasingh/Library/Developer/Xcode/DerivedData/Chatlio-erkyzdeecsohoaggpwbjdvavzqfv/Build/Intermediates.noindex/Chatlio.build/Debug-iphonesimulator/Chatlio.build/Chatlio.app-Simulated.xcent -Xlinker -sectcreate -Xlinker __TEXT -Xlinker __ents_der -Xlinker /Users/aadityasingh/Library/Developer/Xcode/DerivedData/Chatlio-erkyzdeecsohoaggpwbjdvavzqfv/Build/Intermediates.noindex/Chatlio.build/Debug-iphonesimulator/Chatlio.build/Chatlio.app-Simulated.xcent.der -Xlinker -no_adhoc_codesign -o /Users/aadityasingh/Library/Developer/Xcode/DerivedData/Chatlio-erkyzdeecsohoaggpwbjdvavzqfv/Build/Products/Debug-iphonesimulator/Chatlio.app/__preview.dylib

CpResource /Users/aadityasingh/Library/Developer/Xcode/DerivedData/Chatlio-erkyzdeecsohoaggpwbjdvavzqfv/Build/Products/Debug-iphonesimulator/Chatlio.app/preview_image.jpg /Users/aadityasingh/Documents/Development/element-x-ios/DevelopmentAssets/Media/preview_image.jpg (in target 'Chatlio' from project 'Chatlio')
    cd /Users/aadityasingh/Documents/Development/element-x-ios
    builtin-copy -exclude .DS_Store -exclude CVS -exclude .svn -exclude .git -exclude .hg -resolve-src-symlinks /Users/aadityasingh/Documents/Development/element-x-ios/DevelopmentAssets/Media/preview_image.jpg /Users/aadityasingh/Library/Developer/Xcode/DerivedData/Chatlio-erkyzdeecsohoaggpwbjdvavzqfv/Build/Products/Debug-iphonesimulator/Chatlio.app

CpResource /Users/aadityasingh/Library/Developer/Xcode/DerivedData/Chatlio-erkyzdeecsohoaggpwbjdvavzqfv/Build/Products/Debug-iphonesimulator/Chatlio.app/preview_avatar_user.jpg /Users/aadityasingh/Documents/Development/element-x-ios/DevelopmentAssets/Media/preview_avatar_user.jpg (in target 'Chatlio' from project 'Chatlio')
    cd /Users/aadityasingh/Documents/Development/element-x-ios
    builtin-copy -exclude .DS_Store -exclude CVS -exclude .svn -exclude .git -exclude .hg -resolve-src-symlinks /Users/aadityasingh/Documents/Development/element-x-ios/DevelopmentAssets/Media/preview_avatar_user.jpg /Users/aadityasingh/Library/Developer/Xcode/DerivedData/Chatlio-erkyzdeecsohoaggpwbjdvavzqfv/Build/Products/Debug-iphonesimulator/Chatlio.app

CpResource /Users/aadityasingh/Library/Developer/Xcode/DerivedData/Chatlio-erkyzdeecsohoaggpwbjdvavzqfv/Build/Products/Debug-iphonesimulator/Chatlio.app/preview_avatar_room.jpg /Users/aadityasingh/Documents/Development/element-x-ios/DevelopmentAssets/Media/preview_avatar_room.jpg (in target 'Chatlio' from project 'Chatlio')
    cd /Users/aadityasingh/Documents/Development/element-x-ios
    builtin-copy -exclude .DS_Store -exclude CVS -exclude .svn -exclude .git -exclude .hg -resolve-src-symlinks /Users/aadityasingh/Documents/Development/element-x-ios/DevelopmentAssets/Media/preview_avatar_room.jpg /Users/aadityasingh/Library/Developer/Xcode/DerivedData/Chatlio-erkyzdeecsohoaggpwbjdvavzqfv/Build/Products/Debug-iphonesimulator/Chatlio.app

CpResource /Users/aadityasingh/Library/Developer/Xcode/DerivedData/Chatlio-erkyzdeecsohoaggpwbjdvavzqfv/Build/Products/Debug-iphonesimulator/Chatlio.app/portrait_test_video.mp4 /Users/aadityasingh/Documents/Development/element-x-ios/DevelopmentAssets/Media/portrait_test_video.mp4 (in target 'Chatlio' from project 'Chatlio')
    cd /Users/aadityasingh/Documents/Development/element-x-ios
    builtin-copy -exclude .DS_Store -exclude CVS -exclude .svn -exclude .git -exclude .hg -resolve-src-symlinks /Users/aadityasingh/Documents/Development/element-x-ios/DevelopmentAssets/Media/portrait_test_video.mp4 /Users/aadityasingh/Library/Developer/Xcode/DerivedData/Chatlio-erkyzdeecsohoaggpwbjdvavzqfv/Build/Products/Debug-iphonesimulator/Chatlio.app

CpResource /Users/aadityasingh/Library/Developer/Xcode/DerivedData/Chatlio-erkyzdeecsohoaggpwbjdvavzqfv/Build/Products/Debug-iphonesimulator/Chatlio.app/portrait_test_image.jpg /Users/aadityasingh/Documents/Development/element-x-ios/DevelopmentAssets/Media/portrait_test_image.jpg (in target 'Chatlio' from project 'Chatlio')
    cd /Users/aadityasingh/Documents/Development/element-x-ios
    builtin-copy -exclude .DS_Store -exclude CVS -exclude .svn -exclude .git -exclude .hg -resolve-src-symlinks /Users/aadityasingh/Documents/Development/element-x-ios/DevelopmentAssets/Media/portrait_test_image.jpg /Users/aadityasingh/Library/Developer/Xcode/DerivedData/Chatlio-erkyzdeecsohoaggpwbjdvavzqfv/Build/Products/Debug-iphonesimulator/Chatlio.app

CpResource /Users/aadityasingh/Library/Developer/Xcode/DerivedData/Chatlio-erkyzdeecsohoaggpwbjdvavzqfv/Build/Products/Debug-iphonesimulator/Chatlio.app/message.caf /Users/aadityasingh/Documents/Development/element-x-ios/Chatlio/Resources/Sounds/message.caf (in target 'Chatlio' from project 'Chatlio')
    cd /Users/aadityasingh/Documents/Development/element-x-ios
    builtin-copy -exclude .DS_Store -exclude CVS -exclude .svn -exclude .git -exclude .hg -resolve-src-symlinks /Users/aadityasingh/Documents/Development/element-x-ios/Chatlio/Resources/Sounds/message.caf /Users/aadityasingh/Library/Developer/Xcode/DerivedData/Chatlio-erkyzdeecsohoaggpwbjdvavzqfv/Build/Products/Debug-iphonesimulator/Chatlio.app

CpResource /Users/aadityasingh/Library/Developer/Xcode/DerivedData/Chatlio-erkyzdeecsohoaggpwbjdvavzqfv/Build/Products/Debug-iphonesimulator/Chatlio.app/landscape_test_video.mov /Users/aadityasingh/Documents/Development/element-x-ios/DevelopmentAssets/Media/landscape_test_video.mov (in target 'Chatlio' from project 'Chatlio')
    cd /Users/aadityasingh/Documents/Development/element-x-ios
    builtin-copy -exclude .DS_Store -exclude CVS -exclude .svn -exclude .git -exclude .hg -resolve-src-symlinks /Users/aadityasingh/Documents/Development/element-x-ios/DevelopmentAssets/Media/landscape_test_video.mov /Users/aadityasingh/Library/Developer/Xcode/DerivedData/Chatlio-erkyzdeecsohoaggpwbjdvavzqfv/Build/Products/Debug-iphonesimulator/Chatlio.app

CpResource /Users/aadityasingh/Library/Developer/Xcode/DerivedData/Chatlio-erkyzdeecsohoaggpwbjdvavzqfv/Build/Products/Debug-iphonesimulator/Chatlio.app/landscape_test_image.jpg /Users/aadityasingh/Documents/Development/element-x-ios/DevelopmentAssets/Media/landscape_test_image.jpg (in target 'Chatlio' from project 'Chatlio')
    cd /Users/aadityasingh/Documents/Development/element-x-ios
    builtin-copy -exclude .DS_Store -exclude CVS -exclude .svn -exclude .git -exclude .hg -resolve-src-symlinks /Users/aadityasingh/Documents/Development/element-x-ios/DevelopmentAssets/Media/landscape_test_image.jpg /Users/aadityasingh/Library/Developer/Xcode/DerivedData/Chatlio-erkyzdeecsohoaggpwbjdvavzqfv/Build/Products/Debug-iphonesimulator/Chatlio.app

CpResource /Users/aadityasingh/Library/Developer/Xcode/DerivedData/Chatlio-erkyzdeecsohoaggpwbjdvavzqfv/Build/Products/Debug-iphonesimulator/Chatlio.app/Settings.bundle /Users/aadityasingh/Documents/Development/element-x-ios/Chatlio/SupportingFiles/Settings.bundle (in target 'Chatlio' from project 'Chatlio')
    cd /Users/aadityasingh/Documents/Development/element-x-ios
    builtin-copy -exclude .DS_Store -exclude CVS -exclude .svn -exclude .git -exclude .hg -resolve-src-symlinks /Users/aadityasingh/Documents/Development/element-x-ios/Chatlio/SupportingFiles/Settings.bundle /Users/aadityasingh/Library/Developer/Xcode/DerivedData/Chatlio-erkyzdeecsohoaggpwbjdvavzqfv/Build/Products/Debug-iphonesimulator/Chatlio.app

CpResource /Users/aadityasingh/Library/Developer/Xcode/DerivedData/Chatlio-erkyzdeecsohoaggpwbjdvavzqfv/Build/Products/Debug-iphonesimulator/Chatlio.app/PrivacyInfo.xcprivacy /Users/aadityasingh/Documents/Development/element-x-ios/Chatlio/SupportingFiles/PrivacyInfo.xcprivacy (in target 'Chatlio' from project 'Chatlio')
    cd /Users/aadityasingh/Documents/Development/element-x-ios
    builtin-copy -exclude .DS_Store -exclude CVS -exclude .svn -exclude .git -exclude .hg -resolve-src-symlinks /Users/aadityasingh/Documents/Development/element-x-ios/Chatlio/SupportingFiles/PrivacyInfo.xcprivacy /Users/aadityasingh/Library/Developer/Xcode/DerivedData/Chatlio-erkyzdeecsohoaggpwbjdvavzqfv/Build/Products/Debug-iphonesimulator/Chatlio.app

CopyStringsFile /Users/aadityasingh/Library/Developer/Xcode/DerivedData/Chatlio-erkyzdeecsohoaggpwbjdvavzqfv/Build/Products/Debug-iphonesimulator/Chatlio.app/zh-Hant-TW.lproj/InfoPlist.strings /Users/aadityasingh/Documents/Development/element-x-ios/Chatlio/Resources/Localizations/zh-Hant-TW.lproj/InfoPlist.strings (in target 'Chatlio' from project 'Chatlio')
    cd /Users/aadityasingh/Documents/Development/element-x-ios
    builtin-copyStrings --validate --outputencoding binary --outfilename InfoPlist.strings --outdir /Users/aadityasingh/Library/Developer/Xcode/DerivedData/Chatlio-erkyzdeecsohoaggpwbjdvavzqfv/Build/Products/Debug-iphonesimulator/Chatlio.app/zh-Hant-TW.lproj -- /Users/aadityasingh/Documents/Development/element-x-ios/Chatlio/Resources/Localizations/zh-Hant-TW.lproj/InfoPlist.strings
/Users/aadityasingh/Documents/Development/element-x-ios/Chatlio/Resources/Localizations/zh-Hant-TW.lproj/InfoPlist.strings:1:1: note: detected encoding of input file as Unicode (UTF-8) (in target 'Chatlio' from project 'Chatlio')

CopyStringsFile /Users/aadityasingh/Library/Developer/Xcode/DerivedData/Chatlio-erkyzdeecsohoaggpwbjdvavzqfv/Build/Products/Debug-iphonesimulator/Chatlio.app/zh-Hant-TW.lproj/Localizable.stringsdict /Users/aadityasingh/Documents/Development/element-x-ios/Chatlio/Resources/Localizations/zh-Hant-TW.lproj/Localizable.stringsdict (in target 'Chatlio' from project 'Chatlio')
    cd /Users/aadityasingh/Documents/Development/element-x-ios
    builtin-copyStrings --validate --outputencoding binary --outfilename Localizable.stringsdict --outdir /Users/aadityasingh/Library/Developer/Xcode/DerivedData/Chatlio-erkyzdeecsohoaggpwbjdvavzqfv/Build/Products/Debug-iphonesimulator/Chatlio.app/zh-Hant-TW.lproj -- /Users/aadityasingh/Documents/Development/element-x-ios/Chatlio/Resources/Localizations/zh-Hant-TW.lproj/Localizable.stringsdict
/Users/aadityasingh/Documents/Development/element-x-ios/Chatlio/Resources/Localizations/zh-Hant-TW.lproj/Localizable.stringsdict:1:1: note: detected encoding of input file as Unicode (UTF-8) (in target 'Chatlio' from project 'Chatlio')

CopyStringsFile /Users/aadityasingh/Library/Developer/Xcode/DerivedData/Chatlio-erkyzdeecsohoaggpwbjdvavzqfv/Build/Products/Debug-iphonesimulator/Chatlio.app/zh-Hant-TW.lproj/Localizable.strings /Users/aadityasingh/Documents/Development/element-x-ios/Chatlio/Resources/Localizations/zh-Hant-TW.lproj/Localizable.strings (in target 'Chatlio' from project 'Chatlio')
    cd /Users/aadityasingh/Documents/Development/element-x-ios
    builtin-copyStrings --validate --outputencoding binary --outfilename Localizable.strings --outdir /Users/aadityasingh/Library/Developer/Xcode/DerivedData/Chatlio-erkyzdeecsohoaggpwbjdvavzqfv/Build/Products/Debug-iphonesimulator/Chatlio.app/zh-Hant-TW.lproj -- /Users/aadityasingh/Documents/Development/element-x-ios/Chatlio/Resources/Localizations/zh-Hant-TW.lproj/Localizable.strings
/Users/aadityasingh/Documents/Development/element-x-ios/Chatlio/Resources/Localizations/zh-Hant-TW.lproj/Localizable.strings:1:1: note: detected encoding of input file as Unicode (UTF-8) (in target 'Chatlio' from project 'Chatlio')

CopyStringsFile /Users/aadityasingh/Library/Developer/Xcode/DerivedData/Chatlio-erkyzdeecsohoaggpwbjdvavzqfv/Build/Products/Debug-iphonesimulator/Chatlio.app/zh-Hans.lproj/SAS.strings /Users/aadityasingh/Documents/Development/element-x-ios/Chatlio/Resources/Localizations/zh-Hans.lproj/SAS.strings (in target 'Chatlio' from project 'Chatlio')
    cd /Users/aadityasingh/Documents/Development/element-x-ios
    builtin-copyStrings --validate --outputencoding binary --outfilename SAS.strings --outdir /Users/aadityasingh/Library/Developer/Xcode/DerivedData/Chatlio-erkyzdeecsohoaggpwbjdvavzqfv/Build/Products/Debug-iphonesimulator/Chatlio.app/zh-Hans.lproj -- /Users/aadityasingh/Documents/Development/element-x-ios/Chatlio/Resources/Localizations/zh-Hans.lproj/SAS.strings
/Users/aadityasingh/Documents/Development/element-x-ios/Chatlio/Resources/Localizations/zh-Hans.lproj/SAS.strings:1:1: note: detected encoding of input file as Unicode (UTF-8) (in target 'Chatlio' from project 'Chatlio')

CopyStringsFile /Users/aadityasingh/Library/Developer/Xcode/DerivedData/Chatlio-erkyzdeecsohoaggpwbjdvavzqfv/Build/Products/Debug-iphonesimulator/Chatlio.app/zh-Hans.lproj/Localizable.strings /Users/aadityasingh/Documents/Development/element-x-ios/Chatlio/Resources/Localizations/zh-Hans.lproj/Localizable.strings (in target 'Chatlio' from project 'Chatlio')
    cd /Users/aadityasingh/Documents/Development/element-x-ios
    builtin-copyStrings --validate --outputencoding binary --outfilename Localizable.strings --outdir /Users/aadityasingh/Library/Developer/Xcode/DerivedData/Chatlio-erkyzdeecsohoaggpwbjdvavzqfv/Build/Products/Debug-iphonesimulator/Chatlio.app/zh-Hans.lproj -- /Users/aadityasingh/Documents/Development/element-x-ios/Chatlio/Resources/Localizations/zh-Hans.lproj/Localizable.strings
/Users/aadityasingh/Documents/Development/element-x-ios/Chatlio/Resources/Localizations/zh-Hans.lproj/Localizable.strings:1:1: note: detected encoding of input file as Unicode (UTF-8) (in target 'Chatlio' from project 'Chatlio')

CopyStringsFile /Users/aadityasingh/Library/Developer/Xcode/DerivedData/Chatlio-erkyzdeecsohoaggpwbjdvavzqfv/Build/Products/Debug-iphonesimulator/Chatlio.app/zh-Hans.lproj/Localizable.stringsdict /Users/aadityasingh/Documents/Development/element-x-ios/Chatlio/Resources/Localizations/zh-Hans.lproj/Localizable.stringsdict (in target 'Chatlio' from project 'Chatlio')
    cd /Users/aadityasingh/Documents/Development/element-x-ios
    builtin-copyStrings --validate --outputencoding binary --outfilename Localizable.stringsdict --outdir /Users/aadityasingh/Library/Developer/Xcode/DerivedData/Chatlio-erkyzdeecsohoaggpwbjdvavzqfv/Build/Products/Debug-iphonesimulator/Chatlio.app/zh-Hans.lproj -- /Users/aadityasingh/Documents/Development/element-x-ios/Chatlio/Resources/Localizations/zh-Hans.lproj/Localizable.stringsdict
/Users/aadityasingh/Documents/Development/element-x-ios/Chatlio/Resources/Localizations/zh-Hans.lproj/Localizable.stringsdict:1:1: note: detected encoding of input file as Unicode (UTF-8) (in target 'Chatlio' from project 'Chatlio')

CopyStringsFile /Users/aadityasingh/Library/Developer/Xcode/DerivedData/Chatlio-erkyzdeecsohoaggpwbjdvavzqfv/Build/Products/Debug-iphonesimulator/Chatlio.app/zh-Hans.lproj/InfoPlist.strings /Users/aadityasingh/Documents/Development/element-x-ios/Chatlio/Resources/Localizations/zh-Hans.lproj/InfoPlist.strings (in target 'Chatlio' from project 'Chatlio')
    cd /Users/aadityasingh/Documents/Development/element-x-ios
    builtin-copyStrings --validate --outputencoding binary --outfilename InfoPlist.strings --outdir /Users/aadityasingh/Library/Developer/Xcode/DerivedData/Chatlio-erkyzdeecsohoaggpwbjdvavzqfv/Build/Products/Debug-iphonesimulator/Chatlio.app/zh-Hans.lproj -- /Users/aadityasingh/Documents/Development/element-x-ios/Chatlio/Resources/Localizations/zh-Hans.lproj/InfoPlist.strings
/Users/aadityasingh/Documents/Development/element-x-ios/Chatlio/Resources/Localizations/zh-Hans.lproj/InfoPlist.strings:1:1: note: detected encoding of input file as Unicode (UTF-8) (in target 'Chatlio' from project 'Chatlio')

CopyStringsFile /Users/aadityasingh/Library/Developer/Xcode/DerivedData/Chatlio-erkyzdeecsohoaggpwbjdvavzqfv/Build/Products/Debug-iphonesimulator/Chatlio.app/uz.lproj/Localizable.strings /Users/aadityasingh/Documents/Development/element-x-ios/Chatlio/Resources/Localizations/uz.lproj/Localizable.strings (in target 'Chatlio' from project 'Chatlio')
    cd /Users/aadityasingh/Documents/Development/element-x-ios
    builtin-copyStrings --validate --outputencoding binary --outfilename Localizable.strings --outdir /Users/aadityasingh/Library/Developer/Xcode/DerivedData/Chatlio-erkyzdeecsohoaggpwbjdvavzqfv/Build/Products/Debug-iphonesimulator/Chatlio.app/uz.lproj -- /Users/aadityasingh/Documents/Development/element-x-ios/Chatlio/Resources/Localizations/uz.lproj/Localizable.strings
/Users/aadityasingh/Documents/Development/element-x-ios/Chatlio/Resources/Localizations/uz.lproj/Localizable.strings:1:1: note: detected encoding of input file as Unicode (UTF-8) (in target 'Chatlio' from project 'Chatlio')

CopyStringsFile /Users/aadityasingh/Library/Developer/Xcode/DerivedData/Chatlio-erkyzdeecsohoaggpwbjdvavzqfv/Build/Products/Debug-iphonesimulator/Chatlio.app/uz.lproj/Localizable.stringsdict /Users/aadityasingh/Documents/Development/element-x-ios/Chatlio/Resources/Localizations/uz.lproj/Localizable.stringsdict (in target 'Chatlio' from project 'Chatlio')
    cd /Users/aadityasingh/Documents/Development/element-x-ios
    builtin-copyStrings --validate --outputencoding binary --outfilename Localizable.stringsdict --outdir /Users/aadityasingh/Library/Developer/Xcode/DerivedData/Chatlio-erkyzdeecsohoaggpwbjdvavzqfv/Build/Products/Debug-iphonesimulator/Chatlio.app/uz.lproj -- /Users/aadityasingh/Documents/Development/element-x-ios/Chatlio/Resources/Localizations/uz.lproj/Localizable.stringsdict
/Users/aadityasingh/Documents/Development/element-x-ios/Chatlio/Resources/Localizations/uz.lproj/Localizable.stringsdict:1:1: note: detected encoding of input file as Unicode (UTF-8) (in target 'Chatlio' from project 'Chatlio')

CopyStringsFile /Users/aadityasingh/Library/Developer/Xcode/DerivedData/Chatlio-erkyzdeecsohoaggpwbjdvavzqfv/Build/Products/Debug-iphonesimulator/Chatlio.app/uz.lproj/InfoPlist.strings /Users/aadityasingh/Documents/Development/element-x-ios/Chatlio/Resources/Localizations/uz.lproj/InfoPlist.strings (in target 'Chatlio' from project 'Chatlio')
    cd /Users/aadityasingh/Documents/Development/element-x-ios
    builtin-copyStrings --validate --outputencoding binary --outfilename InfoPlist.strings --outdir /Users/aadityasingh/Library/Developer/Xcode/DerivedData/Chatlio-erkyzdeecsohoaggpwbjdvavzqfv/Build/Products/Debug-iphonesimulator/Chatlio.app/uz.lproj -- /Users/aadityasingh/Documents/Development/element-x-ios/Chatlio/Resources/Localizations/uz.lproj/InfoPlist.strings
/Users/aadityasingh/Documents/Development/element-x-ios/Chatlio/Resources/Localizations/uz.lproj/InfoPlist.strings:1:1: note: detected encoding of input file as Unicode (UTF-8) (in target 'Chatlio' from project 'Chatlio')

CopyStringsFile /Users/aadityasingh/Library/Developer/Xcode/DerivedData/Chatlio-erkyzdeecsohoaggpwbjdvavzqfv/Build/Products/Debug-iphonesimulator/Chatlio.app/ur.lproj/Localizable.stringsdict /Users/aadityasingh/Documents/Development/element-x-ios/Chatlio/Resources/Localizations/ur.lproj/Localizable.stringsdict (in target 'Chatlio' from project 'Chatlio')
    cd /Users/aadityasingh/Documents/Development/element-x-ios
    builtin-copyStrings --validate --outputencoding binary --outfilename Localizable.stringsdict --outdir /Users/aadityasingh/Library/Developer/Xcode/DerivedData/Chatlio-erkyzdeecsohoaggpwbjdvavzqfv/Build/Products/Debug-iphonesimulator/Chatlio.app/ur.lproj -- /Users/aadityasingh/Documents/Development/element-x-ios/Chatlio/Resources/Localizations/ur.lproj/Localizable.stringsdict
/Users/aadityasingh/Documents/Development/element-x-ios/Chatlio/Resources/Localizations/ur.lproj/Localizable.stringsdict:1:1: note: detected encoding of input file as Unicode (UTF-8) (in target 'Chatlio' from project 'Chatlio')

CopyStringsFile /Users/aadityasingh/Library/Developer/Xcode/DerivedData/Chatlio-erkyzdeecsohoaggpwbjdvavzqfv/Build/Products/Debug-iphonesimulator/Chatlio.app/ur.lproj/Localizable.strings /Users/aadityasingh/Documents/Development/element-x-ios/Chatlio/Resources/Localizations/ur.lproj/Localizable.strings (in target 'Chatlio' from project 'Chatlio')
    cd /Users/aadityasingh/Documents/Development/element-x-ios
    builtin-copyStrings --validate --outputencoding binary --outfilename Localizable.strings --outdir /Users/aadityasingh/Library/Developer/Xcode/DerivedData/Chatlio-erkyzdeecsohoaggpwbjdvavzqfv/Build/Products/Debug-iphonesimulator/Chatlio.app/ur.lproj -- /Users/aadityasingh/Documents/Development/element-x-ios/Chatlio/Resources/Localizations/ur.lproj/Localizable.strings
/Users/aadityasingh/Documents/Development/element-x-ios/Chatlio/Resources/Localizations/ur.lproj/Localizable.strings:1:1: note: detected encoding of input file as Unicode (UTF-8) (in target 'Chatlio' from project 'Chatlio')

CopyStringsFile /Users/aadityasingh/Library/Developer/Xcode/DerivedData/Chatlio-erkyzdeecsohoaggpwbjdvavzqfv/Build/Products/Debug-iphonesimulator/Chatlio.app/ur.lproj/InfoPlist.strings /Users/aadityasingh/Documents/Development/element-x-ios/Chatlio/Resources/Localizations/ur.lproj/InfoPlist.strings (in target 'Chatlio' from project 'Chatlio')
    cd /Users/aadityasingh/Documents/Development/element-x-ios
    builtin-copyStrings --validate --outputencoding binary --outfilename InfoPlist.strings --outdir /Users/aadityasingh/Library/Developer/Xcode/DerivedData/Chatlio-erkyzdeecsohoaggpwbjdvavzqfv/Build/Products/Debug-iphonesimulator/Chatlio.app/ur.lproj -- /Users/aadityasingh/Documents/Development/element-x-ios/Chatlio/Resources/Localizations/ur.lproj/InfoPlist.strings
/Users/aadityasingh/Documents/Development/element-x-ios/Chatlio/Resources/Localizations/ur.lproj/InfoPlist.strings:1:1: note: detected encoding of input file as Unicode (UTF-8) (in target 'Chatlio' from project 'Chatlio')

CopyStringsFile /Users/aadityasingh/Library/Developer/Xcode/DerivedData/Chatlio-erkyzdeecsohoaggpwbjdvavzqfv/Build/Products/Debug-iphonesimulator/Chatlio.app/uk.lproj/SAS.strings /Users/aadityasingh/Documents/Development/element-x-ios/Chatlio/Resources/Localizations/uk.lproj/SAS.strings (in target 'Chatlio' from project 'Chatlio')
    cd /Users/aadityasingh/Documents/Development/element-x-ios
    builtin-copyStrings --validate --outputencoding binary --outfilename SAS.strings --outdir /Users/aadityasingh/Library/Developer/Xcode/DerivedData/Chatlio-erkyzdeecsohoaggpwbjdvavzqfv/Build/Products/Debug-iphonesimulator/Chatlio.app/uk.lproj -- /Users/aadityasingh/Documents/Development/element-x-ios/Chatlio/Resources/Localizations/uk.lproj/SAS.strings
/Users/aadityasingh/Documents/Development/element-x-ios/Chatlio/Resources/Localizations/uk.lproj/SAS.strings:1:1: note: detected encoding of input file as Unicode (UTF-8) (in target 'Chatlio' from project 'Chatlio')

CopyStringsFile /Users/aadityasingh/Library/Developer/Xcode/DerivedData/Chatlio-erkyzdeecsohoaggpwbjdvavzqfv/Build/Products/Debug-iphonesimulator/Chatlio.app/uk.lproj/Localizable.stringsdict /Users/aadityasingh/Documents/Development/element-x-ios/Chatlio/Resources/Localizations/uk.lproj/Localizable.stringsdict (in target 'Chatlio' from project 'Chatlio')
    cd /Users/aadityasingh/Documents/Development/element-x-ios
    builtin-copyStrings --validate --outputencoding binary --outfilename Localizable.stringsdict --outdir /Users/aadityasingh/Library/Developer/Xcode/DerivedData/Chatlio-erkyzdeecsohoaggpwbjdvavzqfv/Build/Products/Debug-iphonesimulator/Chatlio.app/uk.lproj -- /Users/aadityasingh/Documents/Development/element-x-ios/Chatlio/Resources/Localizations/uk.lproj/Localizable.stringsdict
/Users/aadityasingh/Documents/Development/element-x-ios/Chatlio/Resources/Localizations/uk.lproj/Localizable.stringsdict:1:1: note: detected encoding of input file as Unicode (UTF-8) (in target 'Chatlio' from project 'Chatlio')

CopyStringsFile /Users/aadityasingh/Library/Developer/Xcode/DerivedData/Chatlio-erkyzdeecsohoaggpwbjdvavzqfv/Build/Products/Debug-iphonesimulator/Chatlio.app/uk.lproj/Localizable.strings /Users/aadityasingh/Documents/Development/element-x-ios/Chatlio/Resources/Localizations/uk.lproj/Localizable.strings (in target 'Chatlio' from project 'Chatlio')
    cd /Users/aadityasingh/Documents/Development/element-x-ios
    builtin-copyStrings --validate --outputencoding binary --outfilename Localizable.strings --outdir /Users/aadityasingh/Library/Developer/Xcode/DerivedData/Chatlio-erkyzdeecsohoaggpwbjdvavzqfv/Build/Products/Debug-iphonesimulator/Chatlio.app/uk.lproj -- /Users/aadityasingh/Documents/Development/element-x-ios/Chatlio/Resources/Localizations/uk.lproj/Localizable.strings
/Users/aadityasingh/Documents/Development/element-x-ios/Chatlio/Resources/Localizations/uk.lproj/Localizable.strings:1:1: note: detected encoding of input file as Unicode (UTF-8) (in target 'Chatlio' from project 'Chatlio')

CopyStringsFile /Users/aadityasingh/Library/Developer/Xcode/DerivedData/Chatlio-erkyzdeecsohoaggpwbjdvavzqfv/Build/Products/Debug-iphonesimulator/Chatlio.app/uk.lproj/InfoPlist.strings /Users/aadityasingh/Documents/Development/element-x-ios/Chatlio/Resources/Localizations/uk.lproj/InfoPlist.strings (in target 'Chatlio' from project 'Chatlio')
    cd /Users/aadityasingh/Documents/Development/element-x-ios
    builtin-copyStrings --validate --outputencoding binary --outfilename InfoPlist.strings --outdir /Users/aadityasingh/Library/Developer/Xcode/DerivedData/Chatlio-erkyzdeecsohoaggpwbjdvavzqfv/Build/Products/Debug-iphonesimulator/Chatlio.app/uk.lproj -- /Users/aadityasingh/Documents/Development/element-x-ios/Chatlio/Resources/Localizations/uk.lproj/InfoPlist.strings
/Users/aadityasingh/Documents/Development/element-x-ios/Chatlio/Resources/Localizations/uk.lproj/InfoPlist.strings:1:1: note: detected encoding of input file as Unicode (UTF-8) (in target 'Chatlio' from project 'Chatlio')

CopyStringsFile /Users/aadityasingh/Library/Developer/Xcode/DerivedData/Chatlio-erkyzdeecsohoaggpwbjdvavzqfv/Build/Products/Debug-iphonesimulator/Chatlio.app/tr.lproj/Localizable.stringsdict /Users/aadityasingh/Documents/Development/element-x-ios/Chatlio/Resources/Localizations/tr.lproj/Localizable.stringsdict (in target 'Chatlio' from project 'Chatlio')
    cd /Users/aadityasingh/Documents/Development/element-x-ios
    builtin-copyStrings --validate --outputencoding binary --outfilename Localizable.stringsdict --outdir /Users/aadityasingh/Library/Developer/Xcode/DerivedData/Chatlio-erkyzdeecsohoaggpwbjdvavzqfv/Build/Products/Debug-iphonesimulator/Chatlio.app/tr.lproj -- /Users/aadityasingh/Documents/Development/element-x-ios/Chatlio/Resources/Localizations/tr.lproj/Localizable.stringsdict
/Users/aadityasingh/Documents/Development/element-x-ios/Chatlio/Resources/Localizations/tr.lproj/Localizable.stringsdict:1:1: note: detected encoding of input file as Unicode (UTF-8) (in target 'Chatlio' from project 'Chatlio')

CopyStringsFile /Users/aadityasingh/Library/Developer/Xcode/DerivedData/Chatlio-erkyzdeecsohoaggpwbjdvavzqfv/Build/Products/Debug-iphonesimulator/Chatlio.app/tr.lproj/Localizable.strings /Users/aadityasingh/Documents/Development/element-x-ios/Chatlio/Resources/Localizations/tr.lproj/Localizable.strings (in target 'Chatlio' from project 'Chatlio')
    cd /Users/aadityasingh/Documents/Development/element-x-ios
    builtin-copyStrings --validate --outputencoding binary --outfilename Localizable.strings --outdir /Users/aadityasingh/Library/Developer/Xcode/DerivedData/Chatlio-erkyzdeecsohoaggpwbjdvavzqfv/Build/Products/Debug-iphonesimulator/Chatlio.app/tr.lproj -- /Users/aadityasingh/Documents/Development/element-x-ios/Chatlio/Resources/Localizations/tr.lproj/Localizable.strings
/Users/aadityasingh/Documents/Development/element-x-ios/Chatlio/Resources/Localizations/tr.lproj/Localizable.strings:1:1: note: detected encoding of input file as Unicode (UTF-8) (in target 'Chatlio' from project 'Chatlio')

CopyStringsFile /Users/aadityasingh/Library/Developer/Xcode/DerivedData/Chatlio-erkyzdeecsohoaggpwbjdvavzqfv/Build/Products/Debug-iphonesimulator/Chatlio.app/tr.lproj/InfoPlist.strings /Users/aadityasingh/Documents/Development/element-x-ios/Chatlio/Resources/Localizations/tr.lproj/InfoPlist.strings (in target 'Chatlio' from project 'Chatlio')
    cd /Users/aadityasingh/Documents/Development/element-x-ios
    builtin-copyStrings --validate --outputencoding binary --outfilename InfoPlist.strings --outdir /Users/aadityasingh/Library/Developer/Xcode/DerivedData/Chatlio-erkyzdeecsohoaggpwbjdvavzqfv/Build/Products/Debug-iphonesimulator/Chatlio.app/tr.lproj -- /Users/aadityasingh/Documents/Development/element-x-ios/Chatlio/Resources/Localizations/tr.lproj/InfoPlist.strings
/Users/aadityasingh/Documents/Development/element-x-ios/Chatlio/Resources/Localizations/tr.lproj/InfoPlist.strings:1:1: note: detected encoding of input file as Unicode (UTF-8) (in target 'Chatlio' from project 'Chatlio')

CopyStringsFile /Users/aadityasingh/Library/Developer/Xcode/DerivedData/Chatlio-erkyzdeecsohoaggpwbjdvavzqfv/Build/Products/Debug-iphonesimulator/Chatlio.app/sv.lproj/SAS.strings /Users/aadityasingh/Documents/Development/element-x-ios/Chatlio/Resources/Localizations/sv.lproj/SAS.strings (in target 'Chatlio' from project 'Chatlio')
    cd /Users/aadityasingh/Documents/Development/element-x-ios
    builtin-copyStrings --validate --outputencoding binary --outfilename SAS.strings --outdir /Users/aadityasingh/Library/Developer/Xcode/DerivedData/Chatlio-erkyzdeecsohoaggpwbjdvavzqfv/Build/Products/Debug-iphonesimulator/Chatlio.app/sv.lproj -- /Users/aadityasingh/Documents/Development/element-x-ios/Chatlio/Resources/Localizations/sv.lproj/SAS.strings
/Users/aadityasingh/Documents/Development/element-x-ios/Chatlio/Resources/Localizations/sv.lproj/SAS.strings:1:1: note: detected encoding of input file as Unicode (UTF-8) (in target 'Chatlio' from project 'Chatlio')

CopyStringsFile /Users/aadityasingh/Library/Developer/Xcode/DerivedData/Chatlio-erkyzdeecsohoaggpwbjdvavzqfv/Build/Products/Debug-iphonesimulator/Chatlio.app/sv.lproj/Localizable.stringsdict /Users/aadityasingh/Documents/Development/element-x-ios/Chatlio/Resources/Localizations/sv.lproj/Localizable.stringsdict (in target 'Chatlio' from project 'Chatlio')
    cd /Users/aadityasingh/Documents/Development/element-x-ios
    builtin-copyStrings --validate --outputencoding binary --outfilename Localizable.stringsdict --outdir /Users/aadityasingh/Library/Developer/Xcode/DerivedData/Chatlio-erkyzdeecsohoaggpwbjdvavzqfv/Build/Products/Debug-iphonesimulator/Chatlio.app/sv.lproj -- /Users/aadityasingh/Documents/Development/element-x-ios/Chatlio/Resources/Localizations/sv.lproj/Localizable.stringsdict
/Users/aadityasingh/Documents/Development/element-x-ios/Chatlio/Resources/Localizations/sv.lproj/Localizable.stringsdict:1:1: note: detected encoding of input file as Unicode (UTF-8) (in target 'Chatlio' from project 'Chatlio')

CopyStringsFile /Users/aadityasingh/Library/Developer/Xcode/DerivedData/Chatlio-erkyzdeecsohoaggpwbjdvavzqfv/Build/Products/Debug-iphonesimulator/Chatlio.app/sv.lproj/Localizable.strings /Users/aadityasingh/Documents/Development/element-x-ios/Chatlio/Resources/Localizations/sv.lproj/Localizable.strings (in target 'Chatlio' from project 'Chatlio')
    cd /Users/aadityasingh/Documents/Development/element-x-ios
    builtin-copyStrings --validate --outputencoding binary --outfilename Localizable.strings --outdir /Users/aadityasingh/Library/Developer/Xcode/DerivedData/Chatlio-erkyzdeecsohoaggpwbjdvavzqfv/Build/Products/Debug-iphonesimulator/Chatlio.app/sv.lproj -- /Users/aadityasingh/Documents/Development/element-x-ios/Chatlio/Resources/Localizations/sv.lproj/Localizable.strings
/Users/aadityasingh/Documents/Development/element-x-ios/Chatlio/Resources/Localizations/sv.lproj/Localizable.strings:1:1: note: detected encoding of input file as Unicode (UTF-8) (in target 'Chatlio' from project 'Chatlio')

CopyStringsFile /Users/aadityasingh/Library/Developer/Xcode/DerivedData/Chatlio-erkyzdeecsohoaggpwbjdvavzqfv/Build/Products/Debug-iphonesimulator/Chatlio.app/sv.lproj/InfoPlist.strings /Users/aadityasingh/Documents/Development/element-x-ios/Chatlio/Resources/Localizations/sv.lproj/InfoPlist.strings (in target 'Chatlio' from project 'Chatlio')
    cd /Users/aadityasingh/Documents/Development/element-x-ios
    builtin-copyStrings --validate --outputencoding binary --outfilename InfoPlist.strings --outdir /Users/aadityasingh/Library/Developer/Xcode/DerivedData/Chatlio-erkyzdeecsohoaggpwbjdvavzqfv/Build/Products/Debug-iphonesimulator/Chatlio.app/sv.lproj -- /Users/aadityasingh/Documents/Development/element-x-ios/Chatlio/Resources/Localizations/sv.lproj/InfoPlist.strings
/Users/aadityasingh/Documents/Development/element-x-ios/Chatlio/Resources/Localizations/sv.lproj/InfoPlist.strings:1:1: note: detected encoding of input file as Unicode (UTF-8) (in target 'Chatlio' from project 'Chatlio')

CopyStringsFile /Users/aadityasingh/Library/Developer/Xcode/DerivedData/Chatlio-erkyzdeecsohoaggpwbjdvavzqfv/Build/Products/Debug-iphonesimulator/Chatlio.app/sk.lproj/SAS.strings /Users/aadityasingh/Documents/Development/element-x-ios/Chatlio/Resources/Localizations/sk.lproj/SAS.strings (in target 'Chatlio' from project 'Chatlio')
    cd /Users/aadityasingh/Documents/Development/element-x-ios
    builtin-copyStrings --validate --outputencoding binary --outfilename SAS.strings --outdir /Users/aadityasingh/Library/Developer/Xcode/DerivedData/Chatlio-erkyzdeecsohoaggpwbjdvavzqfv/Build/Products/Debug-iphonesimulator/Chatlio.app/sk.lproj -- /Users/aadityasingh/Documents/Development/element-x-ios/Chatlio/Resources/Localizations/sk.lproj/SAS.strings
/Users/aadityasingh/Documents/Development/element-x-ios/Chatlio/Resources/Localizations/sk.lproj/SAS.strings:1:1: note: detected encoding of input file as Unicode (UTF-8) (in target 'Chatlio' from project 'Chatlio')

CopyStringsFile /Users/aadityasingh/Library/Developer/Xcode/DerivedData/Chatlio-erkyzdeecsohoaggpwbjdvavzqfv/Build/Products/Debug-iphonesimulator/Chatlio.app/sk.lproj/Localizable.stringsdict /Users/aadityasingh/Documents/Development/element-x-ios/Chatlio/Resources/Localizations/sk.lproj/Localizable.stringsdict (in target 'Chatlio' from project 'Chatlio')
    cd /Users/aadityasingh/Documents/Development/element-x-ios
    builtin-copyStrings --validate --outputencoding binary --outfilename Localizable.stringsdict --outdir /Users/aadityasingh/Library/Developer/Xcode/DerivedData/Chatlio-erkyzdeecsohoaggpwbjdvavzqfv/Build/Products/Debug-iphonesimulator/Chatlio.app/sk.lproj -- /Users/aadityasingh/Documents/Development/element-x-ios/Chatlio/Resources/Localizations/sk.lproj/Localizable.stringsdict
/Users/aadityasingh/Documents/Development/element-x-ios/Chatlio/Resources/Localizations/sk.lproj/Localizable.stringsdict:1:1: note: detected encoding of input file as Unicode (UTF-8) (in target 'Chatlio' from project 'Chatlio')

CopyStringsFile /Users/aadityasingh/Library/Developer/Xcode/DerivedData/Chatlio-erkyzdeecsohoaggpwbjdvavzqfv/Build/Products/Debug-iphonesimulator/Chatlio.app/sk.lproj/Localizable.strings /Users/aadityasingh/Documents/Development/element-x-ios/Chatlio/Resources/Localizations/sk.lproj/Localizable.strings (in target 'Chatlio' from project 'Chatlio')
    cd /Users/aadityasingh/Documents/Development/element-x-ios
    builtin-copyStrings --validate --outputencoding binary --outfilename Localizable.strings --outdir /Users/aadityasingh/Library/Developer/Xcode/DerivedData/Chatlio-erkyzdeecsohoaggpwbjdvavzqfv/Build/Products/Debug-iphonesimulator/Chatlio.app/sk.lproj -- /Users/aadityasingh/Documents/Development/element-x-ios/Chatlio/Resources/Localizations/sk.lproj/Localizable.strings
/Users/aadityasingh/Documents/Development/element-x-ios/Chatlio/Resources/Localizations/sk.lproj/Localizable.strings:1:1: note: detected encoding of input file as Unicode (UTF-8) (in target 'Chatlio' from project 'Chatlio')

CopyStringsFile /Users/aadityasingh/Library/Developer/Xcode/DerivedData/Chatlio-erkyzdeecsohoaggpwbjdvavzqfv/Build/Products/Debug-iphonesimulator/Chatlio.app/sk.lproj/InfoPlist.strings /Users/aadityasingh/Documents/Development/element-x-ios/Chatlio/Resources/Localizations/sk.lproj/InfoPlist.strings (in target 'Chatlio' from project 'Chatlio')
    cd /Users/aadityasingh/Documents/Development/element-x-ios
    builtin-copyStrings --validate --outputencoding binary --outfilename InfoPlist.strings --outdir /Users/aadityasingh/Library/Developer/Xcode/DerivedData/Chatlio-erkyzdeecsohoaggpwbjdvavzqfv/Build/Products/Debug-iphonesimulator/Chatlio.app/sk.lproj -- /Users/aadityasingh/Documents/Development/element-x-ios/Chatlio/Resources/Localizations/sk.lproj/InfoPlist.strings
/Users/aadityasingh/Documents/Development/element-x-ios/Chatlio/Resources/Localizations/sk.lproj/InfoPlist.strings:1:1: note: detected encoding of input file as Unicode (UTF-8) (in target 'Chatlio' from project 'Chatlio')

CopyStringsFile /Users/aadityasingh/Library/Developer/Xcode/DerivedData/Chatlio-erkyzdeecsohoaggpwbjdvavzqfv/Build/Products/Debug-iphonesimulator/Chatlio.app/ru.lproj/SAS.strings /Users/aadityasingh/Documents/Development/element-x-ios/Chatlio/Resources/Localizations/ru.lproj/SAS.strings (in target 'Chatlio' from project 'Chatlio')
    cd /Users/aadityasingh/Documents/Development/element-x-ios
    builtin-copyStrings --validate --outputencoding binary --outfilename SAS.strings --outdir /Users/aadityasingh/Library/Developer/Xcode/DerivedData/Chatlio-erkyzdeecsohoaggpwbjdvavzqfv/Build/Products/Debug-iphonesimulator/Chatlio.app/ru.lproj -- /Users/aadityasingh/Documents/Development/element-x-ios/Chatlio/Resources/Localizations/ru.lproj/SAS.strings
/Users/aadityasingh/Documents/Development/element-x-ios/Chatlio/Resources/Localizations/ru.lproj/SAS.strings:1:1: note: detected encoding of input file as Unicode (UTF-8) (in target 'Chatlio' from project 'Chatlio')

CopyStringsFile /Users/aadityasingh/Library/Developer/Xcode/DerivedData/Chatlio-erkyzdeecsohoaggpwbjdvavzqfv/Build/Products/Debug-iphonesimulator/Chatlio.app/ru.lproj/Localizable.stringsdict /Users/aadityasingh/Documents/Development/element-x-ios/Chatlio/Resources/Localizations/ru.lproj/Localizable.stringsdict (in target 'Chatlio' from project 'Chatlio')
    cd /Users/aadityasingh/Documents/Development/element-x-ios
    builtin-copyStrings --validate --outputencoding binary --outfilename Localizable.stringsdict --outdir /Users/aadityasingh/Library/Developer/Xcode/DerivedData/Chatlio-erkyzdeecsohoaggpwbjdvavzqfv/Build/Products/Debug-iphonesimulator/Chatlio.app/ru.lproj -- /Users/aadityasingh/Documents/Development/element-x-ios/Chatlio/Resources/Localizations/ru.lproj/Localizable.stringsdict
/Users/aadityasingh/Documents/Development/element-x-ios/Chatlio/Resources/Localizations/ru.lproj/Localizable.stringsdict:1:1: note: detected encoding of input file as Unicode (UTF-8) (in target 'Chatlio' from project 'Chatlio')

CopyStringsFile /Users/aadityasingh/Library/Developer/Xcode/DerivedData/Chatlio-erkyzdeecsohoaggpwbjdvavzqfv/Build/Products/Debug-iphonesimulator/Chatlio.app/ru.lproj/Localizable.strings /Users/aadityasingh/Documents/Development/element-x-ios/Chatlio/Resources/Localizations/ru.lproj/Localizable.strings (in target 'Chatlio' from project 'Chatlio')
    cd /Users/aadityasingh/Documents/Development/element-x-ios
    builtin-copyStrings --validate --outputencoding binary --outfilename Localizable.strings --outdir /Users/aadityasingh/Library/Developer/Xcode/DerivedData/Chatlio-erkyzdeecsohoaggpwbjdvavzqfv/Build/Products/Debug-iphonesimulator/Chatlio.app/ru.lproj -- /Users/aadityasingh/Documents/Development/element-x-ios/Chatlio/Resources/Localizations/ru.lproj/Localizable.strings
/Users/aadityasingh/Documents/Development/element-x-ios/Chatlio/Resources/Localizations/ru.lproj/Localizable.strings:1:1: note: detected encoding of input file as Unicode (UTF-8) (in target 'Chatlio' from project 'Chatlio')

CopyStringsFile /Users/aadityasingh/Library/Developer/Xcode/DerivedData/Chatlio-erkyzdeecsohoaggpwbjdvavzqfv/Build/Products/Debug-iphonesimulator/Chatlio.app/ru.lproj/InfoPlist.strings /Users/aadityasingh/Documents/Development/element-x-ios/Chatlio/Resources/Localizations/ru.lproj/InfoPlist.strings (in target 'Chatlio' from project 'Chatlio')
    cd /Users/aadityasingh/Documents/Development/element-x-ios
    builtin-copyStrings --validate --outputencoding binary --outfilename InfoPlist.strings --outdir /Users/aadityasingh/Library/Developer/Xcode/DerivedData/Chatlio-erkyzdeecsohoaggpwbjdvavzqfv/Build/Products/Debug-iphonesimulator/Chatlio.app/ru.lproj -- /Users/aadityasingh/Documents/Development/element-x-ios/Chatlio/Resources/Localizations/ru.lproj/InfoPlist.strings
/Users/aadityasingh/Documents/Development/element-x-ios/Chatlio/Resources/Localizations/ru.lproj/InfoPlist.strings:1:1: note: detected encoding of input file as Unicode (UTF-8) (in target 'Chatlio' from project 'Chatlio')

CopyStringsFile /Users/aadityasingh/Library/Developer/Xcode/DerivedData/Chatlio-erkyzdeecsohoaggpwbjdvavzqfv/Build/Products/Debug-iphonesimulator/Chatlio.app/ro.lproj/Localizable.stringsdict /Users/aadityasingh/Documents/Development/element-x-ios/Chatlio/Resources/Localizations/ro.lproj/Localizable.stringsdict (in target 'Chatlio' from project 'Chatlio')
    cd /Users/aadityasingh/Documents/Development/element-x-ios
    builtin-copyStrings --validate --outputencoding binary --outfilename Localizable.stringsdict --outdir /Users/aadityasingh/Library/Developer/Xcode/DerivedData/Chatlio-erkyzdeecsohoaggpwbjdvavzqfv/Build/Products/Debug-iphonesimulator/Chatlio.app/ro.lproj -- /Users/aadityasingh/Documents/Development/element-x-ios/Chatlio/Resources/Localizations/ro.lproj/Localizable.stringsdict
/Users/aadityasingh/Documents/Development/element-x-ios/Chatlio/Resources/Localizations/ro.lproj/Localizable.stringsdict:1:1: note: detected encoding of input file as Unicode (UTF-8) (in target 'Chatlio' from project 'Chatlio')

CopyStringsFile /Users/aadityasingh/Library/Developer/Xcode/DerivedData/Chatlio-erkyzdeecsohoaggpwbjdvavzqfv/Build/Products/Debug-iphonesimulator/Chatlio.app/ro.lproj/Localizable.strings /Users/aadityasingh/Documents/Development/element-x-ios/Chatlio/Resources/Localizations/ro.lproj/Localizable.strings (in target 'Chatlio' from project 'Chatlio')
    cd /Users/aadityasingh/Documents/Development/element-x-ios
    builtin-copyStrings --validate --outputencoding binary --outfilename Localizable.strings --outdir /Users/aadityasingh/Library/Developer/Xcode/DerivedData/Chatlio-erkyzdeecsohoaggpwbjdvavzqfv/Build/Products/Debug-iphonesimulator/Chatlio.app/ro.lproj -- /Users/aadityasingh/Documents/Development/element-x-ios/Chatlio/Resources/Localizations/ro.lproj/Localizable.strings
/Users/aadityasingh/Documents/Development/element-x-ios/Chatlio/Resources/Localizations/ro.lproj/Localizable.strings:1:1: note: detected encoding of input file as Unicode (UTF-8) (in target 'Chatlio' from project 'Chatlio')

CopyStringsFile /Users/aadityasingh/Library/Developer/Xcode/DerivedData/Chatlio-erkyzdeecsohoaggpwbjdvavzqfv/Build/Products/Debug-iphonesimulator/Chatlio.app/ro.lproj/InfoPlist.strings /Users/aadityasingh/Documents/Development/element-x-ios/Chatlio/Resources/Localizations/ro.lproj/InfoPlist.strings (in target 'Chatlio' from project 'Chatlio')
    cd /Users/aadityasingh/Documents/Development/element-x-ios
    builtin-copyStrings --validate --outputencoding binary --outfilename InfoPlist.strings --outdir /Users/aadityasingh/Library/Developer/Xcode/DerivedData/Chatlio-erkyzdeecsohoaggpwbjdvavzqfv/Build/Products/Debug-iphonesimulator/Chatlio.app/ro.lproj -- /Users/aadityasingh/Documents/Development/element-x-ios/Chatlio/Resources/Localizations/ro.lproj/InfoPlist.strings
/Users/aadityasingh/Documents/Development/element-x-ios/Chatlio/Resources/Localizations/ro.lproj/InfoPlist.strings:1:1: note: detected encoding of input file as Unicode (UTF-8) (in target 'Chatlio' from project 'Chatlio')

CopyStringsFile /Users/aadityasingh/Library/Developer/Xcode/DerivedData/Chatlio-erkyzdeecsohoaggpwbjdvavzqfv/Build/Products/Debug-iphonesimulator/Chatlio.app/pt.lproj/SAS.strings /Users/aadityasingh/Documents/Development/element-x-ios/Chatlio/Resources/Localizations/pt.lproj/SAS.strings (in target 'Chatlio' from project 'Chatlio')
    cd /Users/aadityasingh/Documents/Development/element-x-ios
    builtin-copyStrings --validate --outputencoding binary --outfilename SAS.strings --outdir /Users/aadityasingh/Library/Developer/Xcode/DerivedData/Chatlio-erkyzdeecsohoaggpwbjdvavzqfv/Build/Products/Debug-iphonesimulator/Chatlio.app/pt.lproj -- /Users/aadityasingh/Documents/Development/element-x-ios/Chatlio/Resources/Localizations/pt.lproj/SAS.strings
/Users/aadityasingh/Documents/Development/element-x-ios/Chatlio/Resources/Localizations/pt.lproj/SAS.strings:1:1: note: detected encoding of input file as Unicode (UTF-8) (in target 'Chatlio' from project 'Chatlio')

CopyStringsFile /Users/aadityasingh/Library/Developer/Xcode/DerivedData/Chatlio-erkyzdeecsohoaggpwbjdvavzqfv/Build/Products/Debug-iphonesimulator/Chatlio.app/pt.lproj/Localizable.stringsdict /Users/aadityasingh/Documents/Development/element-x-ios/Chatlio/Resources/Localizations/pt.lproj/Localizable.stringsdict (in target 'Chatlio' from project 'Chatlio')
    cd /Users/aadityasingh/Documents/Development/element-x-ios
    builtin-copyStrings --validate --outputencoding binary --outfilename Localizable.stringsdict --outdir /Users/aadityasingh/Library/Developer/Xcode/DerivedData/Chatlio-erkyzdeecsohoaggpwbjdvavzqfv/Build/Products/Debug-iphonesimulator/Chatlio.app/pt.lproj -- /Users/aadityasingh/Documents/Development/element-x-ios/Chatlio/Resources/Localizations/pt.lproj/Localizable.stringsdict
/Users/aadityasingh/Documents/Development/element-x-ios/Chatlio/Resources/Localizations/pt.lproj/Localizable.stringsdict:1:1: note: detected encoding of input file as Unicode (UTF-8) (in target 'Chatlio' from project 'Chatlio')

CopyStringsFile /Users/aadityasingh/Library/Developer/Xcode/DerivedData/Chatlio-erkyzdeecsohoaggpwbjdvavzqfv/Build/Products/Debug-iphonesimulator/Chatlio.app/pt.lproj/Localizable.strings /Users/aadityasingh/Documents/Development/element-x-ios/Chatlio/Resources/Localizations/pt.lproj/Localizable.strings (in target 'Chatlio' from project 'Chatlio')
    cd /Users/aadityasingh/Documents/Development/element-x-ios
    builtin-copyStrings --validate --outputencoding binary --outfilename Localizable.strings --outdir /Users/aadityasingh/Library/Developer/Xcode/DerivedData/Chatlio-erkyzdeecsohoaggpwbjdvavzqfv/Build/Products/Debug-iphonesimulator/Chatlio.app/pt.lproj -- /Users/aadityasingh/Documents/Development/element-x-ios/Chatlio/Resources/Localizations/pt.lproj/Localizable.strings
/Users/aadityasingh/Documents/Development/element-x-ios/Chatlio/Resources/Localizations/pt.lproj/Localizable.strings:1:1: note: detected encoding of input file as Unicode (UTF-8) (in target 'Chatlio' from project 'Chatlio')

CopyStringsFile /Users/aadityasingh/Library/Developer/Xcode/DerivedData/Chatlio-erkyzdeecsohoaggpwbjdvavzqfv/Build/Products/Debug-iphonesimulator/Chatlio.app/pt.lproj/InfoPlist.strings /Users/aadityasingh/Documents/Development/element-x-ios/Chatlio/Resources/Localizations/pt.lproj/InfoPlist.strings (in target 'Chatlio' from project 'Chatlio')
    cd /Users/aadityasingh/Documents/Development/element-x-ios
    builtin-copyStrings --validate --outputencoding binary --outfilename InfoPlist.strings --outdir /Users/aadityasingh/Library/Developer/Xcode/DerivedData/Chatlio-erkyzdeecsohoaggpwbjdvavzqfv/Build/Products/Debug-iphonesimulator/Chatlio.app/pt.lproj -- /Users/aadityasingh/Documents/Development/element-x-ios/Chatlio/Resources/Localizations/pt.lproj/InfoPlist.strings
/Users/aadityasingh/Documents/Development/element-x-ios/Chatlio/Resources/Localizations/pt.lproj/InfoPlist.strings:1:1: note: detected encoding of input file as Unicode (UTF-8) (in target 'Chatlio' from project 'Chatlio')

CopyStringsFile /Users/aadityasingh/Library/Developer/Xcode/DerivedData/Chatlio-erkyzdeecsohoaggpwbjdvavzqfv/Build/Products/Debug-iphonesimulator/Chatlio.app/pt-BR.lproj/SAS.strings /Users/aadityasingh/Documents/Development/element-x-ios/Chatlio/Resources/Localizations/pt-BR.lproj/SAS.strings (in target 'Chatlio' from project 'Chatlio')
    cd /Users/aadityasingh/Documents/Development/element-x-ios
    builtin-copyStrings --validate --outputencoding binary --outfilename SAS.strings --outdir /Users/aadityasingh/Library/Developer/Xcode/DerivedData/Chatlio-erkyzdeecsohoaggpwbjdvavzqfv/Build/Products/Debug-iphonesimulator/Chatlio.app/pt-BR.lproj -- /Users/aadityasingh/Documents/Development/element-x-ios/Chatlio/Resources/Localizations/pt-BR.lproj/SAS.strings
/Users/aadityasingh/Documents/Development/element-x-ios/Chatlio/Resources/Localizations/pt-BR.lproj/SAS.strings:1:1: note: detected encoding of input file as Unicode (UTF-8) (in target 'Chatlio' from project 'Chatlio')

CopyStringsFile /Users/aadityasingh/Library/Developer/Xcode/DerivedData/Chatlio-erkyzdeecsohoaggpwbjdvavzqfv/Build/Products/Debug-iphonesimulator/Chatlio.app/pt-BR.lproj/Localizable.stringsdict /Users/aadityasingh/Documents/Development/element-x-ios/Chatlio/Resources/Localizations/pt-BR.lproj/Localizable.stringsdict (in target 'Chatlio' from project 'Chatlio')
    cd /Users/aadityasingh/Documents/Development/element-x-ios
    builtin-copyStrings --validate --outputencoding binary --outfilename Localizable.stringsdict --outdir /Users/aadityasingh/Library/Developer/Xcode/DerivedData/Chatlio-erkyzdeecsohoaggpwbjdvavzqfv/Build/Products/Debug-iphonesimulator/Chatlio.app/pt-BR.lproj -- /Users/aadityasingh/Documents/Development/element-x-ios/Chatlio/Resources/Localizations/pt-BR.lproj/Localizable.stringsdict
/Users/aadityasingh/Documents/Development/element-x-ios/Chatlio/Resources/Localizations/pt-BR.lproj/Localizable.stringsdict:1:1: note: detected encoding of input file as Unicode (UTF-8) (in target 'Chatlio' from project 'Chatlio')

CopyStringsFile /Users/aadityasingh/Library/Developer/Xcode/DerivedData/Chatlio-erkyzdeecsohoaggpwbjdvavzqfv/Build/Products/Debug-iphonesimulator/Chatlio.app/pt-BR.lproj/Localizable.strings /Users/aadityasingh/Documents/Development/element-x-ios/Chatlio/Resources/Localizations/pt-BR.lproj/Localizable.strings (in target 'Chatlio' from project 'Chatlio')
    cd /Users/aadityasingh/Documents/Development/element-x-ios
    builtin-copyStrings --validate --outputencoding binary --outfilename Localizable.strings --outdir /Users/aadityasingh/Library/Developer/Xcode/DerivedData/Chatlio-erkyzdeecsohoaggpwbjdvavzqfv/Build/Products/Debug-iphonesimulator/Chatlio.app/pt-BR.lproj -- /Users/aadityasingh/Documents/Development/element-x-ios/Chatlio/Resources/Localizations/pt-BR.lproj/Localizable.strings
/Users/aadityasingh/Documents/Development/element-x-ios/Chatlio/Resources/Localizations/pt-BR.lproj/Localizable.strings:1:1: note: detected encoding of input file as Unicode (UTF-8) (in target 'Chatlio' from project 'Chatlio')

CopyStringsFile /Users/aadityasingh/Library/Developer/Xcode/DerivedData/Chatlio-erkyzdeecsohoaggpwbjdvavzqfv/Build/Products/Debug-iphonesimulator/Chatlio.app/pt-BR.lproj/InfoPlist.strings /Users/aadityasingh/Documents/Development/element-x-ios/Chatlio/Resources/Localizations/pt-BR.lproj/InfoPlist.strings (in target 'Chatlio' from project 'Chatlio')
    cd /Users/aadityasingh/Documents/Development/element-x-ios
    builtin-copyStrings --validate --outputencoding binary --outfilename InfoPlist.strings --outdir /Users/aadityasingh/Library/Developer/Xcode/DerivedData/Chatlio-erkyzdeecsohoaggpwbjdvavzqfv/Build/Products/Debug-iphonesimulator/Chatlio.app/pt-BR.lproj -- /Users/aadityasingh/Documents/Development/element-x-ios/Chatlio/Resources/Localizations/pt-BR.lproj/InfoPlist.strings
/Users/aadityasingh/Documents/Development/element-x-ios/Chatlio/Resources/Localizations/pt-BR.lproj/InfoPlist.strings:1:1: note: detected encoding of input file as Unicode (UTF-8) (in target 'Chatlio' from project 'Chatlio')

CopyStringsFile /Users/aadityasingh/Library/Developer/Xcode/DerivedData/Chatlio-erkyzdeecsohoaggpwbjdvavzqfv/Build/Products/Debug-iphonesimulator/Chatlio.app/pl.lproj/Localizable.stringsdict /Users/aadityasingh/Documents/Development/element-x-ios/Chatlio/Resources/Localizations/pl.lproj/Localizable.stringsdict (in target 'Chatlio' from project 'Chatlio')
    cd /Users/aadityasingh/Documents/Development/element-x-ios
    builtin-copyStrings --validate --outputencoding binary --outfilename Localizable.stringsdict --outdir /Users/aadityasingh/Library/Developer/Xcode/DerivedData/Chatlio-erkyzdeecsohoaggpwbjdvavzqfv/Build/Products/Debug-iphonesimulator/Chatlio.app/pl.lproj -- /Users/aadityasingh/Documents/Development/element-x-ios/Chatlio/Resources/Localizations/pl.lproj/Localizable.stringsdict
/Users/aadityasingh/Documents/Development/element-x-ios/Chatlio/Resources/Localizations/pl.lproj/Localizable.stringsdict:1:1: note: detected encoding of input file as Unicode (UTF-8) (in target 'Chatlio' from project 'Chatlio')

CopyStringsFile /Users/aadityasingh/Library/Developer/Xcode/DerivedData/Chatlio-erkyzdeecsohoaggpwbjdvavzqfv/Build/Products/Debug-iphonesimulator/Chatlio.app/pl.lproj/Localizable.strings /Users/aadityasingh/Documents/Development/element-x-ios/Chatlio/Resources/Localizations/pl.lproj/Localizable.strings (in target 'Chatlio' from project 'Chatlio')
    cd /Users/aadityasingh/Documents/Development/element-x-ios
    builtin-copyStrings --validate --outputencoding binary --outfilename Localizable.strings --outdir /Users/aadityasingh/Library/Developer/Xcode/DerivedData/Chatlio-erkyzdeecsohoaggpwbjdvavzqfv/Build/Products/Debug-iphonesimulator/Chatlio.app/pl.lproj -- /Users/aadityasingh/Documents/Development/element-x-ios/Chatlio/Resources/Localizations/pl.lproj/Localizable.strings
/Users/aadityasingh/Documents/Development/element-x-ios/Chatlio/Resources/Localizations/pl.lproj/Localizable.strings:1:1: note: detected encoding of input file as Unicode (UTF-8) (in target 'Chatlio' from project 'Chatlio')

CopyStringsFile /Users/aadityasingh/Library/Developer/Xcode/DerivedData/Chatlio-erkyzdeecsohoaggpwbjdvavzqfv/Build/Products/Debug-iphonesimulator/Chatlio.app/pl.lproj/InfoPlist.strings /Users/aadityasingh/Documents/Development/element-x-ios/Chatlio/Resources/Localizations/pl.lproj/InfoPlist.strings (in target 'Chatlio' from project 'Chatlio')
    cd /Users/aadityasingh/Documents/Development/element-x-ios
    builtin-copyStrings --validate --outputencoding binary --outfilename InfoPlist.strings --outdir /Users/aadityasingh/Library/Developer/Xcode/DerivedData/Chatlio-erkyzdeecsohoaggpwbjdvavzqfv/Build/Products/Debug-iphonesimulator/Chatlio.app/pl.lproj -- /Users/aadityasingh/Documents/Development/element-x-ios/Chatlio/Resources/Localizations/pl.lproj/InfoPlist.strings
/Users/aadityasingh/Documents/Development/element-x-ios/Chatlio/Resources/Localizations/pl.lproj/InfoPlist.strings:1:1: note: detected encoding of input file as Unicode (UTF-8) (in target 'Chatlio' from project 'Chatlio')

CopyStringsFile /Users/aadityasingh/Library/Developer/Xcode/DerivedData/Chatlio-erkyzdeecsohoaggpwbjdvavzqfv/Build/Products/Debug-iphonesimulator/Chatlio.app/nl.lproj/SAS.strings /Users/aadityasingh/Documents/Development/element-x-ios/Chatlio/Resources/Localizations/nl.lproj/SAS.strings (in target 'Chatlio' from project 'Chatlio')
    cd /Users/aadityasingh/Documents/Development/element-x-ios
    builtin-copyStrings --validate --outputencoding binary --outfilename SAS.strings --outdir /Users/aadityasingh/Library/Developer/Xcode/DerivedData/Chatlio-erkyzdeecsohoaggpwbjdvavzqfv/Build/Products/Debug-iphonesimulator/Chatlio.app/nl.lproj -- /Users/aadityasingh/Documents/Development/element-x-ios/Chatlio/Resources/Localizations/nl.lproj/SAS.strings
/Users/aadityasingh/Documents/Development/element-x-ios/Chatlio/Resources/Localizations/nl.lproj/SAS.strings:1:1: note: detected encoding of input file as Unicode (UTF-8) (in target 'Chatlio' from project 'Chatlio')

CopyStringsFile /Users/aadityasingh/Library/Developer/Xcode/DerivedData/Chatlio-erkyzdeecsohoaggpwbjdvavzqfv/Build/Products/Debug-iphonesimulator/Chatlio.app/nl.lproj/Localizable.stringsdict /Users/aadityasingh/Documents/Development/element-x-ios/Chatlio/Resources/Localizations/nl.lproj/Localizable.stringsdict (in target 'Chatlio' from project 'Chatlio')
    cd /Users/aadityasingh/Documents/Development/element-x-ios
    builtin-copyStrings --validate --outputencoding binary --outfilename Localizable.stringsdict --outdir /Users/aadityasingh/Library/Developer/Xcode/DerivedData/Chatlio-erkyzdeecsohoaggpwbjdvavzqfv/Build/Products/Debug-iphonesimulator/Chatlio.app/nl.lproj -- /Users/aadityasingh/Documents/Development/element-x-ios/Chatlio/Resources/Localizations/nl.lproj/Localizable.stringsdict
/Users/aadityasingh/Documents/Development/element-x-ios/Chatlio/Resources/Localizations/nl.lproj/Localizable.stringsdict:1:1: note: detected encoding of input file as Unicode (UTF-8) (in target 'Chatlio' from project 'Chatlio')

CopyStringsFile /Users/aadityasingh/Library/Developer/Xcode/DerivedData/Chatlio-erkyzdeecsohoaggpwbjdvavzqfv/Build/Products/Debug-iphonesimulator/Chatlio.app/nl.lproj/Localizable.strings /Users/aadityasingh/Documents/Development/element-x-ios/Chatlio/Resources/Localizations/nl.lproj/Localizable.strings (in target 'Chatlio' from project 'Chatlio')
    cd /Users/aadityasingh/Documents/Development/element-x-ios
    builtin-copyStrings --validate --outputencoding binary --outfilename Localizable.strings --outdir /Users/aadityasingh/Library/Developer/Xcode/DerivedData/Chatlio-erkyzdeecsohoaggpwbjdvavzqfv/Build/Products/Debug-iphonesimulator/Chatlio.app/nl.lproj -- /Users/aadityasingh/Documents/Development/element-x-ios/Chatlio/Resources/Localizations/nl.lproj/Localizable.strings
/Users/aadityasingh/Documents/Development/element-x-ios/Chatlio/Resources/Localizations/nl.lproj/Localizable.strings:1:1: note: detected encoding of input file as Unicode (UTF-8) (in target 'Chatlio' from project 'Chatlio')

CopyStringsFile /Users/aadityasingh/Library/Developer/Xcode/DerivedData/Chatlio-erkyzdeecsohoaggpwbjdvavzqfv/Build/Products/Debug-iphonesimulator/Chatlio.app/nl.lproj/InfoPlist.strings /Users/aadityasingh/Documents/Development/element-x-ios/Chatlio/Resources/Localizations/nl.lproj/InfoPlist.strings (in target 'Chatlio' from project 'Chatlio')
    cd /Users/aadityasingh/Documents/Development/element-x-ios
    builtin-copyStrings --validate --outputencoding binary --outfilename InfoPlist.strings --outdir /Users/aadityasingh/Library/Developer/Xcode/DerivedData/Chatlio-erkyzdeecsohoaggpwbjdvavzqfv/Build/Products/Debug-iphonesimulator/Chatlio.app/nl.lproj -- /Users/aadityasingh/Documents/Development/element-x-ios/Chatlio/Resources/Localizations/nl.lproj/InfoPlist.strings
/Users/aadityasingh/Documents/Development/element-x-ios/Chatlio/Resources/Localizations/nl.lproj/InfoPlist.strings:1:1: note: detected encoding of input file as Unicode (UTF-8) (in target 'Chatlio' from project 'Chatlio')

CopyStringsFile /Users/aadityasingh/Library/Developer/Xcode/DerivedData/Chatlio-erkyzdeecsohoaggpwbjdvavzqfv/Build/Products/Debug-iphonesimulator/Chatlio.app/nb.lproj/Localizable.stringsdict /Users/aadityasingh/Documents/Development/element-x-ios/Chatlio/Resources/Localizations/nb.lproj/Localizable.stringsdict (in target 'Chatlio' from project 'Chatlio')
    cd /Users/aadityasingh/Documents/Development/element-x-ios
    builtin-copyStrings --validate --outputencoding binary --outfilename Localizable.stringsdict --outdir /Users/aadityasingh/Library/Developer/Xcode/DerivedData/Chatlio-erkyzdeecsohoaggpwbjdvavzqfv/Build/Products/Debug-iphonesimulator/Chatlio.app/nb.lproj -- /Users/aadityasingh/Documents/Development/element-x-ios/Chatlio/Resources/Localizations/nb.lproj/Localizable.stringsdict
/Users/aadityasingh/Documents/Development/element-x-ios/Chatlio/Resources/Localizations/nb.lproj/Localizable.stringsdict:1:1: note: detected encoding of input file as Unicode (UTF-8) (in target 'Chatlio' from project 'Chatlio')

CopyStringsFile /Users/aadityasingh/Library/Developer/Xcode/DerivedData/Chatlio-erkyzdeecsohoaggpwbjdvavzqfv/Build/Products/Debug-iphonesimulator/Chatlio.app/nb.lproj/Localizable.strings /Users/aadityasingh/Documents/Development/element-x-ios/Chatlio/Resources/Localizations/nb.lproj/Localizable.strings (in target 'Chatlio' from project 'Chatlio')
    cd /Users/aadityasingh/Documents/Development/element-x-ios
    builtin-copyStrings --validate --outputencoding binary --outfilename Localizable.strings --outdir /Users/aadityasingh/Library/Developer/Xcode/DerivedData/Chatlio-erkyzdeecsohoaggpwbjdvavzqfv/Build/Products/Debug-iphonesimulator/Chatlio.app/nb.lproj -- /Users/aadityasingh/Documents/Development/element-x-ios/Chatlio/Resources/Localizations/nb.lproj/Localizable.strings
/Users/aadityasingh/Documents/Development/element-x-ios/Chatlio/Resources/Localizations/nb.lproj/Localizable.strings:1:1: note: detected encoding of input file as Unicode (UTF-8) (in target 'Chatlio' from project 'Chatlio')

CopyStringsFile /Users/aadityasingh/Library/Developer/Xcode/DerivedData/Chatlio-erkyzdeecsohoaggpwbjdvavzqfv/Build/Products/Debug-iphonesimulator/Chatlio.app/nb.lproj/InfoPlist.strings /Users/aadityasingh/Documents/Development/element-x-ios/Chatlio/Resources/Localizations/nb.lproj/InfoPlist.strings (in target 'Chatlio' from project 'Chatlio')
    cd /Users/aadityasingh/Documents/Development/element-x-ios
    builtin-copyStrings --validate --outputencoding binary --outfilename InfoPlist.strings --outdir /Users/aadityasingh/Library/Developer/Xcode/DerivedData/Chatlio-erkyzdeecsohoaggpwbjdvavzqfv/Build/Products/Debug-iphonesimulator/Chatlio.app/nb.lproj -- /Users/aadityasingh/Documents/Development/element-x-ios/Chatlio/Resources/Localizations/nb.lproj/InfoPlist.strings
/Users/aadityasingh/Documents/Development/element-x-ios/Chatlio/Resources/Localizations/nb.lproj/InfoPlist.strings:1:1: note: detected encoding of input file as Unicode (UTF-8) (in target 'Chatlio' from project 'Chatlio')

CopyStringsFile /Users/aadityasingh/Library/Developer/Xcode/DerivedData/Chatlio-erkyzdeecsohoaggpwbjdvavzqfv/Build/Products/Debug-iphonesimulator/Chatlio.app/lt.lproj/Localizable.stringsdict /Users/aadityasingh/Documents/Development/element-x-ios/Chatlio/Resources/Localizations/lt.lproj/Localizable.stringsdict (in target 'Chatlio' from project 'Chatlio')
    cd /Users/aadityasingh/Documents/Development/element-x-ios
    builtin-copyStrings --validate --outputencoding binary --outfilename Localizable.stringsdict --outdir /Users/aadityasingh/Library/Developer/Xcode/DerivedData/Chatlio-erkyzdeecsohoaggpwbjdvavzqfv/Build/Products/Debug-iphonesimulator/Chatlio.app/lt.lproj -- /Users/aadityasingh/Documents/Development/element-x-ios/Chatlio/Resources/Localizations/lt.lproj/Localizable.stringsdict
/Users/aadityasingh/Documents/Development/element-x-ios/Chatlio/Resources/Localizations/lt.lproj/Localizable.stringsdict:1:1: note: detected encoding of input file as Unicode (UTF-8) (in target 'Chatlio' from project 'Chatlio')

CopyStringsFile /Users/aadityasingh/Library/Developer/Xcode/DerivedData/Chatlio-erkyzdeecsohoaggpwbjdvavzqfv/Build/Products/Debug-iphonesimulator/Chatlio.app/lt.lproj/Localizable.strings /Users/aadityasingh/Documents/Development/element-x-ios/Chatlio/Resources/Localizations/lt.lproj/Localizable.strings (in target 'Chatlio' from project 'Chatlio')
    cd /Users/aadityasingh/Documents/Development/element-x-ios
    builtin-copyStrings --validate --outputencoding binary --outfilename Localizable.strings --outdir /Users/aadityasingh/Library/Developer/Xcode/DerivedData/Chatlio-erkyzdeecsohoaggpwbjdvavzqfv/Build/Products/Debug-iphonesimulator/Chatlio.app/lt.lproj -- /Users/aadityasingh/Documents/Development/element-x-ios/Chatlio/Resources/Localizations/lt.lproj/Localizable.strings
/Users/aadityasingh/Documents/Development/element-x-ios/Chatlio/Resources/Localizations/lt.lproj/Localizable.strings:1:1: note: detected encoding of input file as Unicode (UTF-8) (in target 'Chatlio' from project 'Chatlio')

CopyStringsFile /Users/aadityasingh/Library/Developer/Xcode/DerivedData/Chatlio-erkyzdeecsohoaggpwbjdvavzqfv/Build/Products/Debug-iphonesimulator/Chatlio.app/ko.lproj/Localizable.stringsdict /Users/aadityasingh/Documents/Development/element-x-ios/Chatlio/Resources/Localizations/ko.lproj/Localizable.stringsdict (in target 'Chatlio' from project 'Chatlio')
    cd /Users/aadityasingh/Documents/Development/element-x-ios
    builtin-copyStrings --validate --outputencoding binary --outfilename Localizable.stringsdict --outdir /Users/aadityasingh/Library/Developer/Xcode/DerivedData/Chatlio-erkyzdeecsohoaggpwbjdvavzqfv/Build/Products/Debug-iphonesimulator/Chatlio.app/ko.lproj -- /Users/aadityasingh/Documents/Development/element-x-ios/Chatlio/Resources/Localizations/ko.lproj/Localizable.stringsdict
/Users/aadityasingh/Documents/Development/element-x-ios/Chatlio/Resources/Localizations/ko.lproj/Localizable.stringsdict:1:1: note: detected encoding of input file as Unicode (UTF-8) (in target 'Chatlio' from project 'Chatlio')

CopyStringsFile /Users/aadityasingh/Library/Developer/Xcode/DerivedData/Chatlio-erkyzdeecsohoaggpwbjdvavzqfv/Build/Products/Debug-iphonesimulator/Chatlio.app/ko.lproj/Localizable.strings /Users/aadityasingh/Documents/Development/element-x-ios/Chatlio/Resources/Localizations/ko.lproj/Localizable.strings (in target 'Chatlio' from project 'Chatlio')
    cd /Users/aadityasingh/Documents/Development/element-x-ios
    builtin-copyStrings --validate --outputencoding binary --outfilename Localizable.strings --outdir /Users/aadityasingh/Library/Developer/Xcode/DerivedData/Chatlio-erkyzdeecsohoaggpwbjdvavzqfv/Build/Products/Debug-iphonesimulator/Chatlio.app/ko.lproj -- /Users/aadityasingh/Documents/Development/element-x-ios/Chatlio/Resources/Localizations/ko.lproj/Localizable.strings
/Users/aadityasingh/Documents/Development/element-x-ios/Chatlio/Resources/Localizations/ko.lproj/Localizable.strings:1:1: note: detected encoding of input file as Unicode (UTF-8) (in target 'Chatlio' from project 'Chatlio')

CopyStringsFile /Users/aadityasingh/Library/Developer/Xcode/DerivedData/Chatlio-erkyzdeecsohoaggpwbjdvavzqfv/Build/Products/Debug-iphonesimulator/Chatlio.app/ko.lproj/InfoPlist.strings /Users/aadityasingh/Documents/Development/element-x-ios/Chatlio/Resources/Localizations/ko.lproj/InfoPlist.strings (in target 'Chatlio' from project 'Chatlio')
    cd /Users/aadityasingh/Documents/Development/element-x-ios
    builtin-copyStrings --validate --outputencoding binary --outfilename InfoPlist.strings --outdir /Users/aadityasingh/Library/Developer/Xcode/DerivedData/Chatlio-erkyzdeecsohoaggpwbjdvavzqfv/Build/Products/Debug-iphonesimulator/Chatlio.app/ko.lproj -- /Users/aadityasingh/Documents/Development/element-x-ios/Chatlio/Resources/Localizations/ko.lproj/InfoPlist.strings
/Users/aadityasingh/Documents/Development/element-x-ios/Chatlio/Resources/Localizations/ko.lproj/InfoPlist.strings:1:1: note: detected encoding of input file as Unicode (UTF-8) (in target 'Chatlio' from project 'Chatlio')

CopyStringsFile /Users/aadityasingh/Library/Developer/Xcode/DerivedData/Chatlio-erkyzdeecsohoaggpwbjdvavzqfv/Build/Products/Debug-iphonesimulator/Chatlio.app/ka.lproj/Localizable.strings /Users/aadityasingh/Documents/Development/element-x-ios/Chatlio/Resources/Localizations/ka.lproj/Localizable.strings (in target 'Chatlio' from project 'Chatlio')
    cd /Users/aadityasingh/Documents/Development/element-x-ios
    builtin-copyStrings --validate --outputencoding binary --outfilename Localizable.strings --outdir /Users/aadityasingh/Library/Developer/Xcode/DerivedData/Chatlio-erkyzdeecsohoaggpwbjdvavzqfv/Build/Products/Debug-iphonesimulator/Chatlio.app/ka.lproj -- /Users/aadityasingh/Documents/Development/element-x-ios/Chatlio/Resources/Localizations/ka.lproj/Localizable.strings
/Users/aadityasingh/Documents/Development/element-x-ios/Chatlio/Resources/Localizations/ka.lproj/Localizable.strings:1:1: note: detected encoding of input file as Unicode (UTF-8) (in target 'Chatlio' from project 'Chatlio')

CopyStringsFile /Users/aadityasingh/Library/Developer/Xcode/DerivedData/Chatlio-erkyzdeecsohoaggpwbjdvavzqfv/Build/Products/Debug-iphonesimulator/Chatlio.app/ka.lproj/Localizable.stringsdict /Users/aadityasingh/Documents/Development/element-x-ios/Chatlio/Resources/Localizations/ka.lproj/Localizable.stringsdict (in target 'Chatlio' from project 'Chatlio')
    cd /Users/aadityasingh/Documents/Development/element-x-ios
    builtin-copyStrings --validate --outputencoding binary --outfilename Localizable.stringsdict --outdir /Users/aadityasingh/Library/Developer/Xcode/DerivedData/Chatlio-erkyzdeecsohoaggpwbjdvavzqfv/Build/Products/Debug-iphonesimulator/Chatlio.app/ka.lproj -- /Users/aadityasingh/Documents/Development/element-x-ios/Chatlio/Resources/Localizations/ka.lproj/Localizable.stringsdict
/Users/aadityasingh/Documents/Development/element-x-ios/Chatlio/Resources/Localizations/ka.lproj/Localizable.stringsdict:1:1: note: detected encoding of input file as Unicode (UTF-8) (in target 'Chatlio' from project 'Chatlio')

CopyStringsFile /Users/aadityasingh/Library/Developer/Xcode/DerivedData/Chatlio-erkyzdeecsohoaggpwbjdvavzqfv/Build/Products/Debug-iphonesimulator/Chatlio.app/ka.lproj/InfoPlist.strings /Users/aadityasingh/Documents/Development/element-x-ios/Chatlio/Resources/Localizations/ka.lproj/InfoPlist.strings (in target 'Chatlio' from project 'Chatlio')
    cd /Users/aadityasingh/Documents/Development/element-x-ios
    builtin-copyStrings --validate --outputencoding binary --outfilename InfoPlist.strings --outdir /Users/aadityasingh/Library/Developer/Xcode/DerivedData/Chatlio-erkyzdeecsohoaggpwbjdvavzqfv/Build/Products/Debug-iphonesimulator/Chatlio.app/ka.lproj -- /Users/aadityasingh/Documents/Development/element-x-ios/Chatlio/Resources/Localizations/ka.lproj/InfoPlist.strings
/Users/aadityasingh/Documents/Development/element-x-ios/Chatlio/Resources/Localizations/ka.lproj/InfoPlist.strings:1:1: note: detected encoding of input file as Unicode (UTF-8) (in target 'Chatlio' from project 'Chatlio')

CopyStringsFile /Users/aadityasingh/Library/Developer/Xcode/DerivedData/Chatlio-erkyzdeecsohoaggpwbjdvavzqfv/Build/Products/Debug-iphonesimulator/Chatlio.app/it.lproj/SAS.strings /Users/aadityasingh/Documents/Development/element-x-ios/Chatlio/Resources/Localizations/it.lproj/SAS.strings (in target 'Chatlio' from project 'Chatlio')
    cd /Users/aadityasingh/Documents/Development/element-x-ios
    builtin-copyStrings --validate --outputencoding binary --outfilename SAS.strings --outdir /Users/aadityasingh/Library/Developer/Xcode/DerivedData/Chatlio-erkyzdeecsohoaggpwbjdvavzqfv/Build/Products/Debug-iphonesimulator/Chatlio.app/it.lproj -- /Users/aadityasingh/Documents/Development/element-x-ios/Chatlio/Resources/Localizations/it.lproj/SAS.strings
/Users/aadityasingh/Documents/Development/element-x-ios/Chatlio/Resources/Localizations/it.lproj/SAS.strings:1:1: note: detected encoding of input file as Unicode (UTF-8) (in target 'Chatlio' from project 'Chatlio')

CopyStringsFile /Users/aadityasingh/Library/Developer/Xcode/DerivedData/Chatlio-erkyzdeecsohoaggpwbjdvavzqfv/Build/Products/Debug-iphonesimulator/Chatlio.app/it.lproj/Localizable.stringsdict /Users/aadityasingh/Documents/Development/element-x-ios/Chatlio/Resources/Localizations/it.lproj/Localizable.stringsdict (in target 'Chatlio' from project 'Chatlio')
    cd /Users/aadityasingh/Documents/Development/element-x-ios
    builtin-copyStrings --validate --outputencoding binary --outfilename Localizable.stringsdict --outdir /Users/aadityasingh/Library/Developer/Xcode/DerivedData/Chatlio-erkyzdeecsohoaggpwbjdvavzqfv/Build/Products/Debug-iphonesimulator/Chatlio.app/it.lproj -- /Users/aadityasingh/Documents/Development/element-x-ios/Chatlio/Resources/Localizations/it.lproj/Localizable.stringsdict
/Users/aadityasingh/Documents/Development/element-x-ios/Chatlio/Resources/Localizations/it.lproj/Localizable.stringsdict:1:1: note: detected encoding of input file as Unicode (UTF-8) (in target 'Chatlio' from project 'Chatlio')

CopyStringsFile /Users/aadityasingh/Library/Developer/Xcode/DerivedData/Chatlio-erkyzdeecsohoaggpwbjdvavzqfv/Build/Products/Debug-iphonesimulator/Chatlio.app/it.lproj/Localizable.strings /Users/aadityasingh/Documents/Development/element-x-ios/Chatlio/Resources/Localizations/it.lproj/Localizable.strings (in target 'Chatlio' from project 'Chatlio')
    cd /Users/aadityasingh/Documents/Development/element-x-ios
    builtin-copyStrings --validate --outputencoding binary --outfilename Localizable.strings --outdir /Users/aadityasingh/Library/Developer/Xcode/DerivedData/Chatlio-erkyzdeecsohoaggpwbjdvavzqfv/Build/Products/Debug-iphonesimulator/Chatlio.app/it.lproj -- /Users/aadityasingh/Documents/Development/element-x-ios/Chatlio/Resources/Localizations/it.lproj/Localizable.strings
/Users/aadityasingh/Documents/Development/element-x-ios/Chatlio/Resources/Localizations/it.lproj/Localizable.strings:1:1: note: detected encoding of input file as Unicode (UTF-8) (in target 'Chatlio' from project 'Chatlio')

CopyStringsFile /Users/aadityasingh/Library/Developer/Xcode/DerivedData/Chatlio-erkyzdeecsohoaggpwbjdvavzqfv/Build/Products/Debug-iphonesimulator/Chatlio.app/it.lproj/InfoPlist.strings /Users/aadityasingh/Documents/Development/element-x-ios/Chatlio/Resources/Localizations/it.lproj/InfoPlist.strings (in target 'Chatlio' from project 'Chatlio')
    cd /Users/aadityasingh/Documents/Development/element-x-ios
    builtin-copyStrings --validate --outputencoding binary --outfilename InfoPlist.strings --outdir /Users/aadityasingh/Library/Developer/Xcode/DerivedData/Chatlio-erkyzdeecsohoaggpwbjdvavzqfv/Build/Products/Debug-iphonesimulator/Chatlio.app/it.lproj -- /Users/aadityasingh/Documents/Development/element-x-ios/Chatlio/Resources/Localizations/it.lproj/InfoPlist.strings
/Users/aadityasingh/Documents/Development/element-x-ios/Chatlio/Resources/Localizations/it.lproj/InfoPlist.strings:1:1: note: detected encoding of input file as Unicode (UTF-8) (in target 'Chatlio' from project 'Chatlio')

CopyStringsFile /Users/aadityasingh/Library/Developer/Xcode/DerivedData/Chatlio-erkyzdeecsohoaggpwbjdvavzqfv/Build/Products/Debug-iphonesimulator/Chatlio.app/id.lproj/SAS.strings /Users/aadityasingh/Documents/Development/element-x-ios/Chatlio/Resources/Localizations/id.lproj/SAS.strings (in target 'Chatlio' from project 'Chatlio')
    cd /Users/aadityasingh/Documents/Development/element-x-ios
    builtin-copyStrings --validate --outputencoding binary --outfilename SAS.strings --outdir /Users/aadityasingh/Library/Developer/Xcode/DerivedData/Chatlio-erkyzdeecsohoaggpwbjdvavzqfv/Build/Products/Debug-iphonesimulator/Chatlio.app/id.lproj -- /Users/aadityasingh/Documents/Development/element-x-ios/Chatlio/Resources/Localizations/id.lproj/SAS.strings
/Users/aadityasingh/Documents/Development/element-x-ios/Chatlio/Resources/Localizations/id.lproj/SAS.strings:1:1: note: detected encoding of input file as Unicode (UTF-8) (in target 'Chatlio' from project 'Chatlio')

CopyStringsFile /Users/aadityasingh/Library/Developer/Xcode/DerivedData/Chatlio-erkyzdeecsohoaggpwbjdvavzqfv/Build/Products/Debug-iphonesimulator/Chatlio.app/id.lproj/Localizable.stringsdict /Users/aadityasingh/Documents/Development/element-x-ios/Chatlio/Resources/Localizations/id.lproj/Localizable.stringsdict (in target 'Chatlio' from project 'Chatlio')
    cd /Users/aadityasingh/Documents/Development/element-x-ios
    builtin-copyStrings --validate --outputencoding binary --outfilename Localizable.stringsdict --outdir /Users/aadityasingh/Library/Developer/Xcode/DerivedData/Chatlio-erkyzdeecsohoaggpwbjdvavzqfv/Build/Products/Debug-iphonesimulator/Chatlio.app/id.lproj -- /Users/aadityasingh/Documents/Development/element-x-ios/Chatlio/Resources/Localizations/id.lproj/Localizable.stringsdict
/Users/aadityasingh/Documents/Development/element-x-ios/Chatlio/Resources/Localizations/id.lproj/Localizable.stringsdict:1:1: note: detected encoding of input file as Unicode (UTF-8) (in target 'Chatlio' from project 'Chatlio')

CopyStringsFile /Users/aadityasingh/Library/Developer/Xcode/DerivedData/Chatlio-erkyzdeecsohoaggpwbjdvavzqfv/Build/Products/Debug-iphonesimulator/Chatlio.app/id.lproj/Localizable.strings /Users/aadityasingh/Documents/Development/element-x-ios/Chatlio/Resources/Localizations/id.lproj/Localizable.strings (in target 'Chatlio' from project 'Chatlio')
    cd /Users/aadityasingh/Documents/Development/element-x-ios
    builtin-copyStrings --validate --outputencoding binary --outfilename Localizable.strings --outdir /Users/aadityasingh/Library/Developer/Xcode/DerivedData/Chatlio-erkyzdeecsohoaggpwbjdvavzqfv/Build/Products/Debug-iphonesimulator/Chatlio.app/id.lproj -- /Users/aadityasingh/Documents/Development/element-x-ios/Chatlio/Resources/Localizations/id.lproj/Localizable.strings
/Users/aadityasingh/Documents/Development/element-x-ios/Chatlio/Resources/Localizations/id.lproj/Localizable.strings:1:1: note: detected encoding of input file as Unicode (UTF-8) (in target 'Chatlio' from project 'Chatlio')

CopyStringsFile /Users/aadityasingh/Library/Developer/Xcode/DerivedData/Chatlio-erkyzdeecsohoaggpwbjdvavzqfv/Build/Products/Debug-iphonesimulator/Chatlio.app/id.lproj/InfoPlist.strings /Users/aadityasingh/Documents/Development/element-x-ios/Chatlio/Resources/Localizations/id.lproj/InfoPlist.strings (in target 'Chatlio' from project 'Chatlio')
    cd /Users/aadityasingh/Documents/Development/element-x-ios
    builtin-copyStrings --validate --outputencoding binary --outfilename InfoPlist.strings --outdir /Users/aadityasingh/Library/Developer/Xcode/DerivedData/Chatlio-erkyzdeecsohoaggpwbjdvavzqfv/Build/Products/Debug-iphonesimulator/Chatlio.app/id.lproj -- /Users/aadityasingh/Documents/Development/element-x-ios/Chatlio/Resources/Localizations/id.lproj/InfoPlist.strings
/Users/aadityasingh/Documents/Development/element-x-ios/Chatlio/Resources/Localizations/id.lproj/InfoPlist.strings:1:1: note: detected encoding of input file as Unicode (UTF-8) (in target 'Chatlio' from project 'Chatlio')

CopyStringsFile /Users/aadityasingh/Library/Developer/Xcode/DerivedData/Chatlio-erkyzdeecsohoaggpwbjdvavzqfv/Build/Products/Debug-iphonesimulator/Chatlio.app/hu.lproj/SAS.strings /Users/aadityasingh/Documents/Development/element-x-ios/Chatlio/Resources/Localizations/hu.lproj/SAS.strings (in target 'Chatlio' from project 'Chatlio')
    cd /Users/aadityasingh/Documents/Development/element-x-ios
    builtin-copyStrings --validate --outputencoding binary --outfilename SAS.strings --outdir /Users/aadityasingh/Library/Developer/Xcode/DerivedData/Chatlio-erkyzdeecsohoaggpwbjdvavzqfv/Build/Products/Debug-iphonesimulator/Chatlio.app/hu.lproj -- /Users/aadityasingh/Documents/Development/element-x-ios/Chatlio/Resources/Localizations/hu.lproj/SAS.strings
/Users/aadityasingh/Documents/Development/element-x-ios/Chatlio/Resources/Localizations/hu.lproj/SAS.strings:1:1: note: detected encoding of input file as Unicode (UTF-8) (in target 'Chatlio' from project 'Chatlio')

CopyStringsFile /Users/aadityasingh/Library/Developer/Xcode/DerivedData/Chatlio-erkyzdeecsohoaggpwbjdvavzqfv/Build/Products/Debug-iphonesimulator/Chatlio.app/hu.lproj/Localizable.stringsdict /Users/aadityasingh/Documents/Development/element-x-ios/Chatlio/Resources/Localizations/hu.lproj/Localizable.stringsdict (in target 'Chatlio' from project 'Chatlio')
    cd /Users/aadityasingh/Documents/Development/element-x-ios
    builtin-copyStrings --validate --outputencoding binary --outfilename Localizable.stringsdict --outdir /Users/aadityasingh/Library/Developer/Xcode/DerivedData/Chatlio-erkyzdeecsohoaggpwbjdvavzqfv/Build/Products/Debug-iphonesimulator/Chatlio.app/hu.lproj -- /Users/aadityasingh/Documents/Development/element-x-ios/Chatlio/Resources/Localizations/hu.lproj/Localizable.stringsdict
/Users/aadityasingh/Documents/Development/element-x-ios/Chatlio/Resources/Localizations/hu.lproj/Localizable.stringsdict:1:1: note: detected encoding of input file as Unicode (UTF-8) (in target 'Chatlio' from project 'Chatlio')

CopyStringsFile /Users/aadityasingh/Library/Developer/Xcode/DerivedData/Chatlio-erkyzdeecsohoaggpwbjdvavzqfv/Build/Products/Debug-iphonesimulator/Chatlio.app/hu.lproj/Localizable.strings /Users/aadityasingh/Documents/Development/element-x-ios/Chatlio/Resources/Localizations/hu.lproj/Localizable.strings (in target 'Chatlio' from project 'Chatlio')
    cd /Users/aadityasingh/Documents/Development/element-x-ios
    builtin-copyStrings --validate --outputencoding binary --outfilename Localizable.strings --outdir /Users/aadityasingh/Library/Developer/Xcode/DerivedData/Chatlio-erkyzdeecsohoaggpwbjdvavzqfv/Build/Products/Debug-iphonesimulator/Chatlio.app/hu.lproj -- /Users/aadityasingh/Documents/Development/element-x-ios/Chatlio/Resources/Localizations/hu.lproj/Localizable.strings
/Users/aadityasingh/Documents/Development/element-x-ios/Chatlio/Resources/Localizations/hu.lproj/Localizable.strings:1:1: note: detected encoding of input file as Unicode (UTF-8) (in target 'Chatlio' from project 'Chatlio')

CopyStringsFile /Users/aadityasingh/Library/Developer/Xcode/DerivedData/Chatlio-erkyzdeecsohoaggpwbjdvavzqfv/Build/Products/Debug-iphonesimulator/Chatlio.app/hu.lproj/InfoPlist.strings /Users/aadityasingh/Documents/Development/element-x-ios/Chatlio/Resources/Localizations/hu.lproj/InfoPlist.strings (in target 'Chatlio' from project 'Chatlio')
    cd /Users/aadityasingh/Documents/Development/element-x-ios
    builtin-copyStrings --validate --outputencoding binary --outfilename InfoPlist.strings --outdir /Users/aadityasingh/Library/Developer/Xcode/DerivedData/Chatlio-erkyzdeecsohoaggpwbjdvavzqfv/Build/Products/Debug-iphonesimulator/Chatlio.app/hu.lproj -- /Users/aadityasingh/Documents/Development/element-x-ios/Chatlio/Resources/Localizations/hu.lproj/InfoPlist.strings
/Users/aadityasingh/Documents/Development/element-x-ios/Chatlio/Resources/Localizations/hu.lproj/InfoPlist.strings:1:1: note: detected encoding of input file as Unicode (UTF-8) (in target 'Chatlio' from project 'Chatlio')

CopyStringsFile /Users/aadityasingh/Library/Developer/Xcode/DerivedData/Chatlio-erkyzdeecsohoaggpwbjdvavzqfv/Build/Products/Debug-iphonesimulator/Chatlio.app/hr.lproj/SAS.strings /Users/aadityasingh/Documents/Development/element-x-ios/Chatlio/Resources/Localizations/hr.lproj/SAS.strings (in target 'Chatlio' from project 'Chatlio')
    cd /Users/aadityasingh/Documents/Development/element-x-ios
    builtin-copyStrings --validate --outputencoding binary --outfilename SAS.strings --outdir /Users/aadityasingh/Library/Developer/Xcode/DerivedData/Chatlio-erkyzdeecsohoaggpwbjdvavzqfv/Build/Products/Debug-iphonesimulator/Chatlio.app/hr.lproj -- /Users/aadityasingh/Documents/Development/element-x-ios/Chatlio/Resources/Localizations/hr.lproj/SAS.strings
/Users/aadityasingh/Documents/Development/element-x-ios/Chatlio/Resources/Localizations/hr.lproj/SAS.strings:1:1: note: detected encoding of input file as Unicode (UTF-8) (in target 'Chatlio' from project 'Chatlio')

CopyStringsFile /Users/aadityasingh/Library/Developer/Xcode/DerivedData/Chatlio-erkyzdeecsohoaggpwbjdvavzqfv/Build/Products/Debug-iphonesimulator/Chatlio.app/hr.lproj/Localizable.stringsdict /Users/aadityasingh/Documents/Development/element-x-ios/Chatlio/Resources/Localizations/hr.lproj/Localizable.stringsdict (in target 'Chatlio' from project 'Chatlio')
    cd /Users/aadityasingh/Documents/Development/element-x-ios
    builtin-copyStrings --validate --outputencoding binary --outfilename Localizable.stringsdict --outdir /Users/aadityasingh/Library/Developer/Xcode/DerivedData/Chatlio-erkyzdeecsohoaggpwbjdvavzqfv/Build/Products/Debug-iphonesimulator/Chatlio.app/hr.lproj -- /Users/aadityasingh/Documents/Development/element-x-ios/Chatlio/Resources/Localizations/hr.lproj/Localizable.stringsdict
/Users/aadityasingh/Documents/Development/element-x-ios/Chatlio/Resources/Localizations/hr.lproj/Localizable.stringsdict:1:1: note: detected encoding of input file as Unicode (UTF-8) (in target 'Chatlio' from project 'Chatlio')

CopyStringsFile /Users/aadityasingh/Library/Developer/Xcode/DerivedData/Chatlio-erkyzdeecsohoaggpwbjdvavzqfv/Build/Products/Debug-iphonesimulator/Chatlio.app/hr.lproj/Localizable.strings /Users/aadityasingh/Documents/Development/element-x-ios/Chatlio/Resources/Localizations/hr.lproj/Localizable.strings (in target 'Chatlio' from project 'Chatlio')
    cd /Users/aadityasingh/Documents/Development/element-x-ios
    builtin-copyStrings --validate --outputencoding binary --outfilename Localizable.strings --outdir /Users/aadityasingh/Library/Developer/Xcode/DerivedData/Chatlio-erkyzdeecsohoaggpwbjdvavzqfv/Build/Products/Debug-iphonesimulator/Chatlio.app/hr.lproj -- /Users/aadityasingh/Documents/Development/element-x-ios/Chatlio/Resources/Localizations/hr.lproj/Localizable.strings
/Users/aadityasingh/Documents/Development/element-x-ios/Chatlio/Resources/Localizations/hr.lproj/Localizable.strings:1:1: note: detected encoding of input file as Unicode (UTF-8) (in target 'Chatlio' from project 'Chatlio')

CopyStringsFile /Users/aadityasingh/Library/Developer/Xcode/DerivedData/Chatlio-erkyzdeecsohoaggpwbjdvavzqfv/Build/Products/Debug-iphonesimulator/Chatlio.app/hr.lproj/InfoPlist.strings /Users/aadityasingh/Documents/Development/element-x-ios/Chatlio/Resources/Localizations/hr.lproj/InfoPlist.strings (in target 'Chatlio' from project 'Chatlio')
    cd /Users/aadityasingh/Documents/Development/element-x-ios
    builtin-copyStrings --validate --outputencoding binary --outfilename InfoPlist.strings --outdir /Users/aadityasingh/Library/Developer/Xcode/DerivedData/Chatlio-erkyzdeecsohoaggpwbjdvavzqfv/Build/Products/Debug-iphonesimulator/Chatlio.app/hr.lproj -- /Users/aadityasingh/Documents/Development/element-x-ios/Chatlio/Resources/Localizations/hr.lproj/InfoPlist.strings
/Users/aadityasingh/Documents/Development/element-x-ios/Chatlio/Resources/Localizations/hr.lproj/InfoPlist.strings:1:1: note: detected encoding of input file as Unicode (UTF-8) (in target 'Chatlio' from project 'Chatlio')

CopyStringsFile /Users/aadityasingh/Library/Developer/Xcode/DerivedData/Chatlio-erkyzdeecsohoaggpwbjdvavzqfv/Build/Products/Debug-iphonesimulator/Chatlio.app/fr.lproj/SAS.strings /Users/aadityasingh/Documents/Development/element-x-ios/Chatlio/Resources/Localizations/fr.lproj/SAS.strings (in target 'Chatlio' from project 'Chatlio')
    cd /Users/aadityasingh/Documents/Development/element-x-ios
    builtin-copyStrings --validate --outputencoding binary --outfilename SAS.strings --outdir /Users/aadityasingh/Library/Developer/Xcode/DerivedData/Chatlio-erkyzdeecsohoaggpwbjdvavzqfv/Build/Products/Debug-iphonesimulator/Chatlio.app/fr.lproj -- /Users/aadityasingh/Documents/Development/element-x-ios/Chatlio/Resources/Localizations/fr.lproj/SAS.strings
/Users/aadityasingh/Documents/Development/element-x-ios/Chatlio/Resources/Localizations/fr.lproj/SAS.strings:1:1: note: detected encoding of input file as Unicode (UTF-8) (in target 'Chatlio' from project 'Chatlio')

CopyStringsFile /Users/aadityasingh/Library/Developer/Xcode/DerivedData/Chatlio-erkyzdeecsohoaggpwbjdvavzqfv/Build/Products/Debug-iphonesimulator/Chatlio.app/fr.lproj/Localizable.stringsdict /Users/aadityasingh/Documents/Development/element-x-ios/Chatlio/Resources/Localizations/fr.lproj/Localizable.stringsdict (in target 'Chatlio' from project 'Chatlio')
    cd /Users/aadityasingh/Documents/Development/element-x-ios
    builtin-copyStrings --validate --outputencoding binary --outfilename Localizable.stringsdict --outdir /Users/aadityasingh/Library/Developer/Xcode/DerivedData/Chatlio-erkyzdeecsohoaggpwbjdvavzqfv/Build/Products/Debug-iphonesimulator/Chatlio.app/fr.lproj -- /Users/aadityasingh/Documents/Development/element-x-ios/Chatlio/Resources/Localizations/fr.lproj/Localizable.stringsdict
/Users/aadityasingh/Documents/Development/element-x-ios/Chatlio/Resources/Localizations/fr.lproj/Localizable.stringsdict:1:1: note: detected encoding of input file as Unicode (UTF-8) (in target 'Chatlio' from project 'Chatlio')

CopyStringsFile /Users/aadityasingh/Library/Developer/Xcode/DerivedData/Chatlio-erkyzdeecsohoaggpwbjdvavzqfv/Build/Products/Debug-iphonesimulator/Chatlio.app/fr.lproj/Localizable.strings /Users/aadityasingh/Documents/Development/element-x-ios/Chatlio/Resources/Localizations/fr.lproj/Localizable.strings (in target 'Chatlio' from project 'Chatlio')
    cd /Users/aadityasingh/Documents/Development/element-x-ios
    builtin-copyStrings --validate --outputencoding binary --outfilename Localizable.strings --outdir /Users/aadityasingh/Library/Developer/Xcode/DerivedData/Chatlio-erkyzdeecsohoaggpwbjdvavzqfv/Build/Products/Debug-iphonesimulator/Chatlio.app/fr.lproj -- /Users/aadityasingh/Documents/Development/element-x-ios/Chatlio/Resources/Localizations/fr.lproj/Localizable.strings
/Users/aadityasingh/Documents/Development/element-x-ios/Chatlio/Resources/Localizations/fr.lproj/Localizable.strings:1:1: note: detected encoding of input file as Unicode (UTF-8) (in target 'Chatlio' from project 'Chatlio')

CopyStringsFile /Users/aadityasingh/Library/Developer/Xcode/DerivedData/Chatlio-erkyzdeecsohoaggpwbjdvavzqfv/Build/Products/Debug-iphonesimulator/Chatlio.app/fr.lproj/InfoPlist.strings /Users/aadityasingh/Documents/Development/element-x-ios/Chatlio/Resources/Localizations/fr.lproj/InfoPlist.strings (in target 'Chatlio' from project 'Chatlio')
    cd /Users/aadityasingh/Documents/Development/element-x-ios
    builtin-copyStrings --validate --outputencoding binary --outfilename InfoPlist.strings --outdir /Users/aadityasingh/Library/Developer/Xcode/DerivedData/Chatlio-erkyzdeecsohoaggpwbjdvavzqfv/Build/Products/Debug-iphonesimulator/Chatlio.app/fr.lproj -- /Users/aadityasingh/Documents/Development/element-x-ios/Chatlio/Resources/Localizations/fr.lproj/InfoPlist.strings
/Users/aadityasingh/Documents/Development/element-x-ios/Chatlio/Resources/Localizations/fr.lproj/InfoPlist.strings:1:1: note: detected encoding of input file as Unicode (UTF-8) (in target 'Chatlio' from project 'Chatlio')

CopyStringsFile /Users/aadityasingh/Library/Developer/Xcode/DerivedData/Chatlio-erkyzdeecsohoaggpwbjdvavzqfv/Build/Products/Debug-iphonesimulator/Chatlio.app/fi.lproj/SAS.strings /Users/aadityasingh/Documents/Development/element-x-ios/Chatlio/Resources/Localizations/fi.lproj/SAS.strings (in target 'Chatlio' from project 'Chatlio')
    cd /Users/aadityasingh/Documents/Development/element-x-ios
    builtin-copyStrings --validate --outputencoding binary --outfilename SAS.strings --outdir /Users/aadityasingh/Library/Developer/Xcode/DerivedData/Chatlio-erkyzdeecsohoaggpwbjdvavzqfv/Build/Products/Debug-iphonesimulator/Chatlio.app/fi.lproj -- /Users/aadityasingh/Documents/Development/element-x-ios/Chatlio/Resources/Localizations/fi.lproj/SAS.strings
/Users/aadityasingh/Documents/Development/element-x-ios/Chatlio/Resources/Localizations/fi.lproj/SAS.strings:1:1: note: detected encoding of input file as Unicode (UTF-8) (in target 'Chatlio' from project 'Chatlio')

CopyStringsFile /Users/aadityasingh/Library/Developer/Xcode/DerivedData/Chatlio-erkyzdeecsohoaggpwbjdvavzqfv/Build/Products/Debug-iphonesimulator/Chatlio.app/fi.lproj/Localizable.stringsdict /Users/aadityasingh/Documents/Development/element-x-ios/Chatlio/Resources/Localizations/fi.lproj/Localizable.stringsdict (in target 'Chatlio' from project 'Chatlio')
    cd /Users/aadityasingh/Documents/Development/element-x-ios
    builtin-copyStrings --validate --outputencoding binary --outfilename Localizable.stringsdict --outdir /Users/aadityasingh/Library/Developer/Xcode/DerivedData/Chatlio-erkyzdeecsohoaggpwbjdvavzqfv/Build/Products/Debug-iphonesimulator/Chatlio.app/fi.lproj -- /Users/aadityasingh/Documents/Development/element-x-ios/Chatlio/Resources/Localizations/fi.lproj/Localizable.stringsdict
/Users/aadityasingh/Documents/Development/element-x-ios/Chatlio/Resources/Localizations/fi.lproj/Localizable.stringsdict:1:1: note: detected encoding of input file as Unicode (UTF-8) (in target 'Chatlio' from project 'Chatlio')

CopyStringsFile /Users/aadityasingh/Library/Developer/Xcode/DerivedData/Chatlio-erkyzdeecsohoaggpwbjdvavzqfv/Build/Products/Debug-iphonesimulator/Chatlio.app/fi.lproj/Localizable.strings /Users/aadityasingh/Documents/Development/element-x-ios/Chatlio/Resources/Localizations/fi.lproj/Localizable.strings (in target 'Chatlio' from project 'Chatlio')
    cd /Users/aadityasingh/Documents/Development/element-x-ios
    builtin-copyStrings --validate --outputencoding binary --outfilename Localizable.strings --outdir /Users/aadityasingh/Library/Developer/Xcode/DerivedData/Chatlio-erkyzdeecsohoaggpwbjdvavzqfv/Build/Products/Debug-iphonesimulator/Chatlio.app/fi.lproj -- /Users/aadityasingh/Documents/Development/element-x-ios/Chatlio/Resources/Localizations/fi.lproj/Localizable.strings
/Users/aadityasingh/Documents/Development/element-x-ios/Chatlio/Resources/Localizations/fi.lproj/Localizable.strings:1:1: note: detected encoding of input file as Unicode (UTF-8) (in target 'Chatlio' from project 'Chatlio')

CopyStringsFile /Users/aadityasingh/Library/Developer/Xcode/DerivedData/Chatlio-erkyzdeecsohoaggpwbjdvavzqfv/Build/Products/Debug-iphonesimulator/Chatlio.app/fi.lproj/InfoPlist.strings /Users/aadityasingh/Documents/Development/element-x-ios/Chatlio/Resources/Localizations/fi.lproj/InfoPlist.strings (in target 'Chatlio' from project 'Chatlio')
    cd /Users/aadityasingh/Documents/Development/element-x-ios
    builtin-copyStrings --validate --outputencoding binary --outfilename InfoPlist.strings --outdir /Users/aadityasingh/Library/Developer/Xcode/DerivedData/Chatlio-erkyzdeecsohoaggpwbjdvavzqfv/Build/Products/Debug-iphonesimulator/Chatlio.app/fi.lproj -- /Users/aadityasingh/Documents/Development/element-x-ios/Chatlio/Resources/Localizations/fi.lproj/InfoPlist.strings
/Users/aadityasingh/Documents/Development/element-x-ios/Chatlio/Resources/Localizations/fi.lproj/InfoPlist.strings:1:1: note: detected encoding of input file as Unicode (UTF-8) (in target 'Chatlio' from project 'Chatlio')

CopyStringsFile /Users/aadityasingh/Library/Developer/Xcode/DerivedData/Chatlio-erkyzdeecsohoaggpwbjdvavzqfv/Build/Products/Debug-iphonesimulator/Chatlio.app/fa.lproj/SAS.strings /Users/aadityasingh/Documents/Development/element-x-ios/Chatlio/Resources/Localizations/fa.lproj/SAS.strings (in target 'Chatlio' from project 'Chatlio')
    cd /Users/aadityasingh/Documents/Development/element-x-ios
    builtin-copyStrings --validate --outputencoding binary --outfilename SAS.strings --outdir /Users/aadityasingh/Library/Developer/Xcode/DerivedData/Chatlio-erkyzdeecsohoaggpwbjdvavzqfv/Build/Products/Debug-iphonesimulator/Chatlio.app/fa.lproj -- /Users/aadityasingh/Documents/Development/element-x-ios/Chatlio/Resources/Localizations/fa.lproj/SAS.strings
/Users/aadityasingh/Documents/Development/element-x-ios/Chatlio/Resources/Localizations/fa.lproj/SAS.strings:1:1: note: detected encoding of input file as Unicode (UTF-8) (in target 'Chatlio' from project 'Chatlio')

CopyStringsFile /Users/aadityasingh/Library/Developer/Xcode/DerivedData/Chatlio-erkyzdeecsohoaggpwbjdvavzqfv/Build/Products/Debug-iphonesimulator/Chatlio.app/fa.lproj/Localizable.strings /Users/aadityasingh/Documents/Development/element-x-ios/Chatlio/Resources/Localizations/fa.lproj/Localizable.strings (in target 'Chatlio' from project 'Chatlio')
    cd /Users/aadityasingh/Documents/Development/element-x-ios
    builtin-copyStrings --validate --outputencoding binary --outfilename Localizable.strings --outdir /Users/aadityasingh/Library/Developer/Xcode/DerivedData/Chatlio-erkyzdeecsohoaggpwbjdvavzqfv/Build/Products/Debug-iphonesimulator/Chatlio.app/fa.lproj -- /Users/aadityasingh/Documents/Development/element-x-ios/Chatlio/Resources/Localizations/fa.lproj/Localizable.strings
/Users/aadityasingh/Documents/Development/element-x-ios/Chatlio/Resources/Localizations/fa.lproj/Localizable.strings:1:1: note: detected encoding of input file as Unicode (UTF-8) (in target 'Chatlio' from project 'Chatlio')

CopyStringsFile /Users/aadityasingh/Library/Developer/Xcode/DerivedData/Chatlio-erkyzdeecsohoaggpwbjdvavzqfv/Build/Products/Debug-iphonesimulator/Chatlio.app/fa.lproj/Localizable.stringsdict /Users/aadityasingh/Documents/Development/element-x-ios/Chatlio/Resources/Localizations/fa.lproj/Localizable.stringsdict (in target 'Chatlio' from project 'Chatlio')
    cd /Users/aadityasingh/Documents/Development/element-x-ios
    builtin-copyStrings --validate --outputencoding binary --outfilename Localizable.stringsdict --outdir /Users/aadityasingh/Library/Developer/Xcode/DerivedData/Chatlio-erkyzdeecsohoaggpwbjdvavzqfv/Build/Products/Debug-iphonesimulator/Chatlio.app/fa.lproj -- /Users/aadityasingh/Documents/Development/element-x-ios/Chatlio/Resources/Localizations/fa.lproj/Localizable.stringsdict
/Users/aadityasingh/Documents/Development/element-x-ios/Chatlio/Resources/Localizations/fa.lproj/Localizable.stringsdict:1:1: note: detected encoding of input file as Unicode (UTF-8) (in target 'Chatlio' from project 'Chatlio')

CopyStringsFile /Users/aadityasingh/Library/Developer/Xcode/DerivedData/Chatlio-erkyzdeecsohoaggpwbjdvavzqfv/Build/Products/Debug-iphonesimulator/Chatlio.app/eu.lproj/Localizable.stringsdict /Users/aadityasingh/Documents/Development/element-x-ios/Chatlio/Resources/Localizations/eu.lproj/Localizable.stringsdict (in target 'Chatlio' from project 'Chatlio')
    cd /Users/aadityasingh/Documents/Development/element-x-ios
    builtin-copyStrings --validate --outputencoding binary --outfilename Localizable.stringsdict --outdir /Users/aadityasingh/Library/Developer/Xcode/DerivedData/Chatlio-erkyzdeecsohoaggpwbjdvavzqfv/Build/Products/Debug-iphonesimulator/Chatlio.app/eu.lproj -- /Users/aadityasingh/Documents/Development/element-x-ios/Chatlio/Resources/Localizations/eu.lproj/Localizable.stringsdict
/Users/aadityasingh/Documents/Development/element-x-ios/Chatlio/Resources/Localizations/eu.lproj/Localizable.stringsdict:1:1: note: detected encoding of input file as Unicode (UTF-8) (in target 'Chatlio' from project 'Chatlio')

CopyStringsFile /Users/aadityasingh/Library/Developer/Xcode/DerivedData/Chatlio-erkyzdeecsohoaggpwbjdvavzqfv/Build/Products/Debug-iphonesimulator/Chatlio.app/eu.lproj/Localizable.strings /Users/aadityasingh/Documents/Development/element-x-ios/Chatlio/Resources/Localizations/eu.lproj/Localizable.strings (in target 'Chatlio' from project 'Chatlio')
    cd /Users/aadityasingh/Documents/Development/element-x-ios
    builtin-copyStrings --validate --outputencoding binary --outfilename Localizable.strings --outdir /Users/aadityasingh/Library/Developer/Xcode/DerivedData/Chatlio-erkyzdeecsohoaggpwbjdvavzqfv/Build/Products/Debug-iphonesimulator/Chatlio.app/eu.lproj -- /Users/aadityasingh/Documents/Development/element-x-ios/Chatlio/Resources/Localizations/eu.lproj/Localizable.strings
/Users/aadityasingh/Documents/Development/element-x-ios/Chatlio/Resources/Localizations/eu.lproj/Localizable.strings:1:1: note: detected encoding of input file as Unicode (UTF-8) (in target 'Chatlio' from project 'Chatlio')

CopyStringsFile /Users/aadityasingh/Library/Developer/Xcode/DerivedData/Chatlio-erkyzdeecsohoaggpwbjdvavzqfv/Build/Products/Debug-iphonesimulator/Chatlio.app/eu.lproj/InfoPlist.strings /Users/aadityasingh/Documents/Development/element-x-ios/Chatlio/Resources/Localizations/eu.lproj/InfoPlist.strings (in target 'Chatlio' from project 'Chatlio')
    cd /Users/aadityasingh/Documents/Development/element-x-ios
    builtin-copyStrings --validate --outputencoding binary --outfilename InfoPlist.strings --outdir /Users/aadityasingh/Library/Developer/Xcode/DerivedData/Chatlio-erkyzdeecsohoaggpwbjdvavzqfv/Build/Products/Debug-iphonesimulator/Chatlio.app/eu.lproj -- /Users/aadityasingh/Documents/Development/element-x-ios/Chatlio/Resources/Localizations/eu.lproj/InfoPlist.strings
/Users/aadityasingh/Documents/Development/element-x-ios/Chatlio/Resources/Localizations/eu.lproj/InfoPlist.strings:1:1: note: detected encoding of input file as Unicode (UTF-8) (in target 'Chatlio' from project 'Chatlio')

CopyStringsFile /Users/aadityasingh/Library/Developer/Xcode/DerivedData/Chatlio-erkyzdeecsohoaggpwbjdvavzqfv/Build/Products/Debug-iphonesimulator/Chatlio.app/et.lproj/SAS.strings /Users/aadityasingh/Documents/Development/element-x-ios/Chatlio/Resources/Localizations/et.lproj/SAS.strings (in target 'Chatlio' from project 'Chatlio')
    cd /Users/aadityasingh/Documents/Development/element-x-ios
    builtin-copyStrings --validate --outputencoding binary --outfilename SAS.strings --outdir /Users/aadityasingh/Library/Developer/Xcode/DerivedData/Chatlio-erkyzdeecsohoaggpwbjdvavzqfv/Build/Products/Debug-iphonesimulator/Chatlio.app/et.lproj -- /Users/aadityasingh/Documents/Development/element-x-ios/Chatlio/Resources/Localizations/et.lproj/SAS.strings
/Users/aadityasingh/Documents/Development/element-x-ios/Chatlio/Resources/Localizations/et.lproj/SAS.strings:1:1: note: detected encoding of input file as Unicode (UTF-8) (in target 'Chatlio' from project 'Chatlio')

CopyStringsFile /Users/aadityasingh/Library/Developer/Xcode/DerivedData/Chatlio-erkyzdeecsohoaggpwbjdvavzqfv/Build/Products/Debug-iphonesimulator/Chatlio.app/et.lproj/Localizable.stringsdict /Users/aadityasingh/Documents/Development/element-x-ios/Chatlio/Resources/Localizations/et.lproj/Localizable.stringsdict (in target 'Chatlio' from project 'Chatlio')
    cd /Users/aadityasingh/Documents/Development/element-x-ios
    builtin-copyStrings --validate --outputencoding binary --outfilename Localizable.stringsdict --outdir /Users/aadityasingh/Library/Developer/Xcode/DerivedData/Chatlio-erkyzdeecsohoaggpwbjdvavzqfv/Build/Products/Debug-iphonesimulator/Chatlio.app/et.lproj -- /Users/aadityasingh/Documents/Development/element-x-ios/Chatlio/Resources/Localizations/et.lproj/Localizable.stringsdict
/Users/aadityasingh/Documents/Development/element-x-ios/Chatlio/Resources/Localizations/et.lproj/Localizable.stringsdict:1:1: note: detected encoding of input file as Unicode (UTF-8) (in target 'Chatlio' from project 'Chatlio')

CopyStringsFile /Users/aadityasingh/Library/Developer/Xcode/DerivedData/Chatlio-erkyzdeecsohoaggpwbjdvavzqfv/Build/Products/Debug-iphonesimulator/Chatlio.app/et.lproj/Localizable.strings /Users/aadityasingh/Documents/Development/element-x-ios/Chatlio/Resources/Localizations/et.lproj/Localizable.strings (in target 'Chatlio' from project 'Chatlio')
    cd /Users/aadityasingh/Documents/Development/element-x-ios
    builtin-copyStrings --validate --outputencoding binary --outfilename Localizable.strings --outdir /Users/aadityasingh/Library/Developer/Xcode/DerivedData/Chatlio-erkyzdeecsohoaggpwbjdvavzqfv/Build/Products/Debug-iphonesimulator/Chatlio.app/et.lproj -- /Users/aadityasingh/Documents/Development/element-x-ios/Chatlio/Resources/Localizations/et.lproj/Localizable.strings
/Users/aadityasingh/Documents/Development/element-x-ios/Chatlio/Resources/Localizations/et.lproj/Localizable.strings:1:1: note: detected encoding of input file as Unicode (UTF-8) (in target 'Chatlio' from project 'Chatlio')

CopyStringsFile /Users/aadityasingh/Library/Developer/Xcode/DerivedData/Chatlio-erkyzdeecsohoaggpwbjdvavzqfv/Build/Products/Debug-iphonesimulator/Chatlio.app/et.lproj/InfoPlist.strings /Users/aadityasingh/Documents/Development/element-x-ios/Chatlio/Resources/Localizations/et.lproj/InfoPlist.strings (in target 'Chatlio' from project 'Chatlio')
    cd /Users/aadityasingh/Documents/Development/element-x-ios
    builtin-copyStrings --validate --outputencoding binary --outfilename InfoPlist.strings --outdir /Users/aadityasingh/Library/Developer/Xcode/DerivedData/Chatlio-erkyzdeecsohoaggpwbjdvavzqfv/Build/Products/Debug-iphonesimulator/Chatlio.app/et.lproj -- /Users/aadityasingh/Documents/Development/element-x-ios/Chatlio/Resources/Localizations/et.lproj/InfoPlist.strings
/Users/aadityasingh/Documents/Development/element-x-ios/Chatlio/Resources/Localizations/et.lproj/InfoPlist.strings:1:1: note: detected encoding of input file as Unicode (UTF-8) (in target 'Chatlio' from project 'Chatlio')

CopyStringsFile /Users/aadityasingh/Library/Developer/Xcode/DerivedData/Chatlio-erkyzdeecsohoaggpwbjdvavzqfv/Build/Products/Debug-iphonesimulator/Chatlio.app/es.lproj/SAS.strings /Users/aadityasingh/Documents/Development/element-x-ios/Chatlio/Resources/Localizations/es.lproj/SAS.strings (in target 'Chatlio' from project 'Chatlio')
    cd /Users/aadityasingh/Documents/Development/element-x-ios
    builtin-copyStrings --validate --outputencoding binary --outfilename SAS.strings --outdir /Users/aadityasingh/Library/Developer/Xcode/DerivedData/Chatlio-erkyzdeecsohoaggpwbjdvavzqfv/Build/Products/Debug-iphonesimulator/Chatlio.app/es.lproj -- /Users/aadityasingh/Documents/Development/element-x-ios/Chatlio/Resources/Localizations/es.lproj/SAS.strings
/Users/aadityasingh/Documents/Development/element-x-ios/Chatlio/Resources/Localizations/es.lproj/SAS.strings:1:1: note: detected encoding of input file as Unicode (UTF-8) (in target 'Chatlio' from project 'Chatlio')

CopyStringsFile /Users/aadityasingh/Library/Developer/Xcode/DerivedData/Chatlio-erkyzdeecsohoaggpwbjdvavzqfv/Build/Products/Debug-iphonesimulator/Chatlio.app/es.lproj/Localizable.stringsdict /Users/aadityasingh/Documents/Development/element-x-ios/Chatlio/Resources/Localizations/es.lproj/Localizable.stringsdict (in target 'Chatlio' from project 'Chatlio')
    cd /Users/aadityasingh/Documents/Development/element-x-ios
    builtin-copyStrings --validate --outputencoding binary --outfilename Localizable.stringsdict --outdir /Users/aadityasingh/Library/Developer/Xcode/DerivedData/Chatlio-erkyzdeecsohoaggpwbjdvavzqfv/Build/Products/Debug-iphonesimulator/Chatlio.app/es.lproj -- /Users/aadityasingh/Documents/Development/element-x-ios/Chatlio/Resources/Localizations/es.lproj/Localizable.stringsdict
/Users/aadityasingh/Documents/Development/element-x-ios/Chatlio/Resources/Localizations/es.lproj/Localizable.stringsdict:1:1: note: detected encoding of input file as Unicode (UTF-8) (in target 'Chatlio' from project 'Chatlio')

CopyStringsFile /Users/aadityasingh/Library/Developer/Xcode/DerivedData/Chatlio-erkyzdeecsohoaggpwbjdvavzqfv/Build/Products/Debug-iphonesimulator/Chatlio.app/es.lproj/Localizable.strings /Users/aadityasingh/Documents/Development/element-x-ios/Chatlio/Resources/Localizations/es.lproj/Localizable.strings (in target 'Chatlio' from project 'Chatlio')
    cd /Users/aadityasingh/Documents/Development/element-x-ios
    builtin-copyStrings --validate --outputencoding binary --outfilename Localizable.strings --outdir /Users/aadityasingh/Library/Developer/Xcode/DerivedData/Chatlio-erkyzdeecsohoaggpwbjdvavzqfv/Build/Products/Debug-iphonesimulator/Chatlio.app/es.lproj -- /Users/aadityasingh/Documents/Development/element-x-ios/Chatlio/Resources/Localizations/es.lproj/Localizable.strings
/Users/aadityasingh/Documents/Development/element-x-ios/Chatlio/Resources/Localizations/es.lproj/Localizable.strings:1:1: note: detected encoding of input file as Unicode (UTF-8) (in target 'Chatlio' from project 'Chatlio')

CopyStringsFile /Users/aadityasingh/Library/Developer/Xcode/DerivedData/Chatlio-erkyzdeecsohoaggpwbjdvavzqfv/Build/Products/Debug-iphonesimulator/Chatlio.app/es.lproj/InfoPlist.strings /Users/aadityasingh/Documents/Development/element-x-ios/Chatlio/Resources/Localizations/es.lproj/InfoPlist.strings (in target 'Chatlio' from project 'Chatlio')
    cd /Users/aadityasingh/Documents/Development/element-x-ios
    builtin-copyStrings --validate --outputencoding binary --outfilename InfoPlist.strings --outdir /Users/aadityasingh/Library/Developer/Xcode/DerivedData/Chatlio-erkyzdeecsohoaggpwbjdvavzqfv/Build/Products/Debug-iphonesimulator/Chatlio.app/es.lproj -- /Users/aadityasingh/Documents/Development/element-x-ios/Chatlio/Resources/Localizations/es.lproj/InfoPlist.strings
/Users/aadityasingh/Documents/Development/element-x-ios/Chatlio/Resources/Localizations/es.lproj/InfoPlist.strings:1:1: note: detected encoding of input file as Unicode (UTF-8) (in target 'Chatlio' from project 'Chatlio')

CopyStringsFile /Users/aadityasingh/Library/Developer/Xcode/DerivedData/Chatlio-erkyzdeecsohoaggpwbjdvavzqfv/Build/Products/Debug-iphonesimulator/Chatlio.app/en.lproj/Untranslated.stringsdict /Users/aadityasingh/Documents/Development/element-x-ios/Chatlio/Resources/Localizations/en.lproj/Untranslated.stringsdict (in target 'Chatlio' from project 'Chatlio')
    cd /Users/aadityasingh/Documents/Development/element-x-ios
    builtin-copyStrings --validate --outputencoding binary --outfilename Untranslated.stringsdict --outdir /Users/aadityasingh/Library/Developer/Xcode/DerivedData/Chatlio-erkyzdeecsohoaggpwbjdvavzqfv/Build/Products/Debug-iphonesimulator/Chatlio.app/en.lproj -- /Users/aadityasingh/Documents/Development/element-x-ios/Chatlio/Resources/Localizations/en.lproj/Untranslated.stringsdict
/Users/aadityasingh/Documents/Development/element-x-ios/Chatlio/Resources/Localizations/en.lproj/Untranslated.stringsdict:1:1: note: detected encoding of input file as Unicode (UTF-8) (in target 'Chatlio' from project 'Chatlio')

CopyStringsFile /Users/aadityasingh/Library/Developer/Xcode/DerivedData/Chatlio-erkyzdeecsohoaggpwbjdvavzqfv/Build/Products/Debug-iphonesimulator/Chatlio.app/en.lproj/Untranslated.strings /Users/aadityasingh/Documents/Development/element-x-ios/Chatlio/Resources/Localizations/en.lproj/Untranslated.strings (in target 'Chatlio' from project 'Chatlio')
    cd /Users/aadityasingh/Documents/Development/element-x-ios
    builtin-copyStrings --validate --outputencoding binary --outfilename Untranslated.strings --outdir /Users/aadityasingh/Library/Developer/Xcode/DerivedData/Chatlio-erkyzdeecsohoaggpwbjdvavzqfv/Build/Products/Debug-iphonesimulator/Chatlio.app/en.lproj -- /Users/aadityasingh/Documents/Development/element-x-ios/Chatlio/Resources/Localizations/en.lproj/Untranslated.strings
/Users/aadityasingh/Documents/Development/element-x-ios/Chatlio/Resources/Localizations/en.lproj/Untranslated.strings:1:1: note: detected encoding of input file as Unicode (UTF-8) (in target 'Chatlio' from project 'Chatlio')

CopyStringsFile /Users/aadityasingh/Library/Developer/Xcode/DerivedData/Chatlio-erkyzdeecsohoaggpwbjdvavzqfv/Build/Products/Debug-iphonesimulator/Chatlio.app/en.lproj/SAS.strings /Users/aadityasingh/Documents/Development/element-x-ios/Chatlio/Resources/Localizations/en.lproj/SAS.strings (in target 'Chatlio' from project 'Chatlio')
    cd /Users/aadityasingh/Documents/Development/element-x-ios
    builtin-copyStrings --validate --outputencoding binary --outfilename SAS.strings --outdir /Users/aadityasingh/Library/Developer/Xcode/DerivedData/Chatlio-erkyzdeecsohoaggpwbjdvavzqfv/Build/Products/Debug-iphonesimulator/Chatlio.app/en.lproj -- /Users/aadityasingh/Documents/Development/element-x-ios/Chatlio/Resources/Localizations/en.lproj/SAS.strings
/Users/aadityasingh/Documents/Development/element-x-ios/Chatlio/Resources/Localizations/en.lproj/SAS.strings:1:1: note: detected encoding of input file as Unicode (UTF-8) (in target 'Chatlio' from project 'Chatlio')

CopyStringsFile /Users/aadityasingh/Library/Developer/Xcode/DerivedData/Chatlio-erkyzdeecsohoaggpwbjdvavzqfv/Build/Products/Debug-iphonesimulator/Chatlio.app/en.lproj/Localizable.stringsdict /Users/aadityasingh/Documents/Development/element-x-ios/Chatlio/Resources/Localizations/en.lproj/Localizable.stringsdict (in target 'Chatlio' from project 'Chatlio')
    cd /Users/aadityasingh/Documents/Development/element-x-ios
    builtin-copyStrings --validate --outputencoding binary --outfilename Localizable.stringsdict --outdir /Users/aadityasingh/Library/Developer/Xcode/DerivedData/Chatlio-erkyzdeecsohoaggpwbjdvavzqfv/Build/Products/Debug-iphonesimulator/Chatlio.app/en.lproj -- /Users/aadityasingh/Documents/Development/element-x-ios/Chatlio/Resources/Localizations/en.lproj/Localizable.stringsdict
/Users/aadityasingh/Documents/Development/element-x-ios/Chatlio/Resources/Localizations/en.lproj/Localizable.stringsdict:1:1: note: detected encoding of input file as Unicode (UTF-8) (in target 'Chatlio' from project 'Chatlio')

CopyStringsFile /Users/aadityasingh/Library/Developer/Xcode/DerivedData/Chatlio-erkyzdeecsohoaggpwbjdvavzqfv/Build/Products/Debug-iphonesimulator/Chatlio.app/en.lproj/Localizable.strings /Users/aadityasingh/Documents/Development/element-x-ios/Chatlio/Resources/Localizations/en.lproj/Localizable.strings (in target 'Chatlio' from project 'Chatlio')
    cd /Users/aadityasingh/Documents/Development/element-x-ios
    builtin-copyStrings --validate --outputencoding binary --outfilename Localizable.strings --outdir /Users/aadityasingh/Library/Developer/Xcode/DerivedData/Chatlio-erkyzdeecsohoaggpwbjdvavzqfv/Build/Products/Debug-iphonesimulator/Chatlio.app/en.lproj -- /Users/aadityasingh/Documents/Development/element-x-ios/Chatlio/Resources/Localizations/en.lproj/Localizable.strings
/Users/aadityasingh/Documents/Development/element-x-ios/Chatlio/Resources/Localizations/en.lproj/Localizable.strings:1:1: note: detected encoding of input file as Unicode (UTF-8) (in target 'Chatlio' from project 'Chatlio')

CopyStringsFile /Users/aadityasingh/Library/Developer/Xcode/DerivedData/Chatlio-erkyzdeecsohoaggpwbjdvavzqfv/Build/Products/Debug-iphonesimulator/Chatlio.app/en.lproj/InfoPlist.strings /Users/aadityasingh/Documents/Development/element-x-ios/Chatlio/Resources/Localizations/en.lproj/InfoPlist.strings (in target 'Chatlio' from project 'Chatlio')
    cd /Users/aadityasingh/Documents/Development/element-x-ios
    builtin-copyStrings --validate --outputencoding binary --outfilename InfoPlist.strings --outdir /Users/aadityasingh/Library/Developer/Xcode/DerivedData/Chatlio-erkyzdeecsohoaggpwbjdvavzqfv/Build/Products/Debug-iphonesimulator/Chatlio.app/en.lproj -- /Users/aadityasingh/Documents/Development/element-x-ios/Chatlio/Resources/Localizations/en.lproj/InfoPlist.strings
/Users/aadityasingh/Documents/Development/element-x-ios/Chatlio/Resources/Localizations/en.lproj/InfoPlist.strings:1:1: note: detected encoding of input file as Unicode (UTF-8) (in target 'Chatlio' from project 'Chatlio')

CopyStringsFile /Users/aadityasingh/Library/Developer/Xcode/DerivedData/Chatlio-erkyzdeecsohoaggpwbjdvavzqfv/Build/Products/Debug-iphonesimulator/Chatlio.app/en-US.lproj/Localizable.strings /Users/aadityasingh/Documents/Development/element-x-ios/Chatlio/Resources/Localizations/en-US.lproj/Localizable.strings (in target 'Chatlio' from project 'Chatlio')
    cd /Users/aadityasingh/Documents/Development/element-x-ios
    builtin-copyStrings --validate --outputencoding binary --outfilename Localizable.strings --outdir /Users/aadityasingh/Library/Developer/Xcode/DerivedData/Chatlio-erkyzdeecsohoaggpwbjdvavzqfv/Build/Products/Debug-iphonesimulator/Chatlio.app/en-US.lproj -- /Users/aadityasingh/Documents/Development/element-x-ios/Chatlio/Resources/Localizations/en-US.lproj/Localizable.strings
/Users/aadityasingh/Documents/Development/element-x-ios/Chatlio/Resources/Localizations/en-US.lproj/Localizable.strings:1:1: note: detected encoding of input file as Unicode (UTF-8) (in target 'Chatlio' from project 'Chatlio')

CopyStringsFile /Users/aadityasingh/Library/Developer/Xcode/DerivedData/Chatlio-erkyzdeecsohoaggpwbjdvavzqfv/Build/Products/Debug-iphonesimulator/Chatlio.app/el.lproj/Localizable.stringsdict /Users/aadityasingh/Documents/Development/element-x-ios/Chatlio/Resources/Localizations/el.lproj/Localizable.stringsdict (in target 'Chatlio' from project 'Chatlio')
    cd /Users/aadityasingh/Documents/Development/element-x-ios
    builtin-copyStrings --validate --outputencoding binary --outfilename Localizable.stringsdict --outdir /Users/aadityasingh/Library/Developer/Xcode/DerivedData/Chatlio-erkyzdeecsohoaggpwbjdvavzqfv/Build/Products/Debug-iphonesimulator/Chatlio.app/el.lproj -- /Users/aadityasingh/Documents/Development/element-x-ios/Chatlio/Resources/Localizations/el.lproj/Localizable.stringsdict
/Users/aadityasingh/Documents/Development/element-x-ios/Chatlio/Resources/Localizations/el.lproj/Localizable.stringsdict:1:1: note: detected encoding of input file as Unicode (UTF-8) (in target 'Chatlio' from project 'Chatlio')

CopyStringsFile /Users/aadityasingh/Library/Developer/Xcode/DerivedData/Chatlio-erkyzdeecsohoaggpwbjdvavzqfv/Build/Products/Debug-iphonesimulator/Chatlio.app/el.lproj/Localizable.strings /Users/aadityasingh/Documents/Development/element-x-ios/Chatlio/Resources/Localizations/el.lproj/Localizable.strings (in target 'Chatlio' from project 'Chatlio')
    cd /Users/aadityasingh/Documents/Development/element-x-ios
    builtin-copyStrings --validate --outputencoding binary --outfilename Localizable.strings --outdir /Users/aadityasingh/Library/Developer/Xcode/DerivedData/Chatlio-erkyzdeecsohoaggpwbjdvavzqfv/Build/Products/Debug-iphonesimulator/Chatlio.app/el.lproj -- /Users/aadityasingh/Documents/Development/element-x-ios/Chatlio/Resources/Localizations/el.lproj/Localizable.strings
/Users/aadityasingh/Documents/Development/element-x-ios/Chatlio/Resources/Localizations/el.lproj/Localizable.strings:1:1: note: detected encoding of input file as Unicode (UTF-8) (in target 'Chatlio' from project 'Chatlio')

CopyStringsFile /Users/aadityasingh/Library/Developer/Xcode/DerivedData/Chatlio-erkyzdeecsohoaggpwbjdvavzqfv/Build/Products/Debug-iphonesimulator/Chatlio.app/el.lproj/InfoPlist.strings /Users/aadityasingh/Documents/Development/element-x-ios/Chatlio/Resources/Localizations/el.lproj/InfoPlist.strings (in target 'Chatlio' from project 'Chatlio')
    cd /Users/aadityasingh/Documents/Development/element-x-ios
    builtin-copyStrings --validate --outputencoding binary --outfilename InfoPlist.strings --outdir /Users/aadityasingh/Library/Developer/Xcode/DerivedData/Chatlio-erkyzdeecsohoaggpwbjdvavzqfv/Build/Products/Debug-iphonesimulator/Chatlio.app/el.lproj -- /Users/aadityasingh/Documents/Development/element-x-ios/Chatlio/Resources/Localizations/el.lproj/InfoPlist.strings
/Users/aadityasingh/Documents/Development/element-x-ios/Chatlio/Resources/Localizations/el.lproj/InfoPlist.strings:1:1: note: detected encoding of input file as Unicode (UTF-8) (in target 'Chatlio' from project 'Chatlio')

CopyStringsFile /Users/aadityasingh/Library/Developer/Xcode/DerivedData/Chatlio-erkyzdeecsohoaggpwbjdvavzqfv/Build/Products/Debug-iphonesimulator/Chatlio.app/de.lproj/SAS.strings /Users/aadityasingh/Documents/Development/element-x-ios/Chatlio/Resources/Localizations/de.lproj/SAS.strings (in target 'Chatlio' from project 'Chatlio')
    cd /Users/aadityasingh/Documents/Development/element-x-ios
    builtin-copyStrings --validate --outputencoding binary --outfilename SAS.strings --outdir /Users/aadityasingh/Library/Developer/Xcode/DerivedData/Chatlio-erkyzdeecsohoaggpwbjdvavzqfv/Build/Products/Debug-iphonesimulator/Chatlio.app/de.lproj -- /Users/aadityasingh/Documents/Development/element-x-ios/Chatlio/Resources/Localizations/de.lproj/SAS.strings
/Users/aadityasingh/Documents/Development/element-x-ios/Chatlio/Resources/Localizations/de.lproj/SAS.strings:1:1: note: detected encoding of input file as Unicode (UTF-8) (in target 'Chatlio' from project 'Chatlio')

CopyStringsFile /Users/aadityasingh/Library/Developer/Xcode/DerivedData/Chatlio-erkyzdeecsohoaggpwbjdvavzqfv/Build/Products/Debug-iphonesimulator/Chatlio.app/de.lproj/Localizable.stringsdict /Users/aadityasingh/Documents/Development/element-x-ios/Chatlio/Resources/Localizations/de.lproj/Localizable.stringsdict (in target 'Chatlio' from project 'Chatlio')
    cd /Users/aadityasingh/Documents/Development/element-x-ios
    builtin-copyStrings --validate --outputencoding binary --outfilename Localizable.stringsdict --outdir /Users/aadityasingh/Library/Developer/Xcode/DerivedData/Chatlio-erkyzdeecsohoaggpwbjdvavzqfv/Build/Products/Debug-iphonesimulator/Chatlio.app/de.lproj -- /Users/aadityasingh/Documents/Development/element-x-ios/Chatlio/Resources/Localizations/de.lproj/Localizable.stringsdict
/Users/aadityasingh/Documents/Development/element-x-ios/Chatlio/Resources/Localizations/de.lproj/Localizable.stringsdict:1:1: note: detected encoding of input file as Unicode (UTF-8) (in target 'Chatlio' from project 'Chatlio')

CopyStringsFile /Users/aadityasingh/Library/Developer/Xcode/DerivedData/Chatlio-erkyzdeecsohoaggpwbjdvavzqfv/Build/Products/Debug-iphonesimulator/Chatlio.app/de.lproj/Localizable.strings /Users/aadityasingh/Documents/Development/element-x-ios/Chatlio/Resources/Localizations/de.lproj/Localizable.strings (in target 'Chatlio' from project 'Chatlio')
    cd /Users/aadityasingh/Documents/Development/element-x-ios
    builtin-copyStrings --validate --outputencoding binary --outfilename Localizable.strings --outdir /Users/aadityasingh/Library/Developer/Xcode/DerivedData/Chatlio-erkyzdeecsohoaggpwbjdvavzqfv/Build/Products/Debug-iphonesimulator/Chatlio.app/de.lproj -- /Users/aadityasingh/Documents/Development/element-x-ios/Chatlio/Resources/Localizations/de.lproj/Localizable.strings
/Users/aadityasingh/Documents/Development/element-x-ios/Chatlio/Resources/Localizations/de.lproj/Localizable.strings:1:1: note: detected encoding of input file as Unicode (UTF-8) (in target 'Chatlio' from project 'Chatlio')

CopyStringsFile /Users/aadityasingh/Library/Developer/Xcode/DerivedData/Chatlio-erkyzdeecsohoaggpwbjdvavzqfv/Build/Products/Debug-iphonesimulator/Chatlio.app/de.lproj/InfoPlist.strings /Users/aadityasingh/Documents/Development/element-x-ios/Chatlio/Resources/Localizations/de.lproj/InfoPlist.strings (in target 'Chatlio' from project 'Chatlio')
    cd /Users/aadityasingh/Documents/Development/element-x-ios
    builtin-copyStrings --validate --outputencoding binary --outfilename InfoPlist.strings --outdir /Users/aadityasingh/Library/Developer/Xcode/DerivedData/Chatlio-erkyzdeecsohoaggpwbjdvavzqfv/Build/Products/Debug-iphonesimulator/Chatlio.app/de.lproj -- /Users/aadityasingh/Documents/Development/element-x-ios/Chatlio/Resources/Localizations/de.lproj/InfoPlist.strings
/Users/aadityasingh/Documents/Development/element-x-ios/Chatlio/Resources/Localizations/de.lproj/InfoPlist.strings:1:1: note: detected encoding of input file as Unicode (UTF-8) (in target 'Chatlio' from project 'Chatlio')

CopyStringsFile /Users/aadityasingh/Library/Developer/Xcode/DerivedData/Chatlio-erkyzdeecsohoaggpwbjdvavzqfv/Build/Products/Debug-iphonesimulator/Chatlio.app/da.lproj/Localizable.stringsdict /Users/aadityasingh/Documents/Development/element-x-ios/Chatlio/Resources/Localizations/da.lproj/Localizable.stringsdict (in target 'Chatlio' from project 'Chatlio')
    cd /Users/aadityasingh/Documents/Development/element-x-ios
    builtin-copyStrings --validate --outputencoding binary --outfilename Localizable.stringsdict --outdir /Users/aadityasingh/Library/Developer/Xcode/DerivedData/Chatlio-erkyzdeecsohoaggpwbjdvavzqfv/Build/Products/Debug-iphonesimulator/Chatlio.app/da.lproj -- /Users/aadityasingh/Documents/Development/element-x-ios/Chatlio/Resources/Localizations/da.lproj/Localizable.stringsdict
/Users/aadityasingh/Documents/Development/element-x-ios/Chatlio/Resources/Localizations/da.lproj/Localizable.stringsdict:1:1: note: detected encoding of input file as Unicode (UTF-8) (in target 'Chatlio' from project 'Chatlio')

CopyStringsFile /Users/aadityasingh/Library/Developer/Xcode/DerivedData/Chatlio-erkyzdeecsohoaggpwbjdvavzqfv/Build/Products/Debug-iphonesimulator/Chatlio.app/da.lproj/Localizable.strings /Users/aadityasingh/Documents/Development/element-x-ios/Chatlio/Resources/Localizations/da.lproj/Localizable.strings (in target 'Chatlio' from project 'Chatlio')
    cd /Users/aadityasingh/Documents/Development/element-x-ios
    builtin-copyStrings --validate --outputencoding binary --outfilename Localizable.strings --outdir /Users/aadityasingh/Library/Developer/Xcode/DerivedData/Chatlio-erkyzdeecsohoaggpwbjdvavzqfv/Build/Products/Debug-iphonesimulator/Chatlio.app/da.lproj -- /Users/aadityasingh/Documents/Development/element-x-ios/Chatlio/Resources/Localizations/da.lproj/Localizable.strings
/Users/aadityasingh/Documents/Development/element-x-ios/Chatlio/Resources/Localizations/da.lproj/Localizable.strings:1:1: note: detected encoding of input file as Unicode (UTF-8) (in target 'Chatlio' from project 'Chatlio')

CopyStringsFile /Users/aadityasingh/Library/Developer/Xcode/DerivedData/Chatlio-erkyzdeecsohoaggpwbjdvavzqfv/Build/Products/Debug-iphonesimulator/Chatlio.app/da.lproj/InfoPlist.strings /Users/aadityasingh/Documents/Development/element-x-ios/Chatlio/Resources/Localizations/da.lproj/InfoPlist.strings (in target 'Chatlio' from project 'Chatlio')
    cd /Users/aadityasingh/Documents/Development/element-x-ios
    builtin-copyStrings --validate --outputencoding binary --outfilename InfoPlist.strings --outdir /Users/aadityasingh/Library/Developer/Xcode/DerivedData/Chatlio-erkyzdeecsohoaggpwbjdvavzqfv/Build/Products/Debug-iphonesimulator/Chatlio.app/da.lproj -- /Users/aadityasingh/Documents/Development/element-x-ios/Chatlio/Resources/Localizations/da.lproj/InfoPlist.strings
/Users/aadityasingh/Documents/Development/element-x-ios/Chatlio/Resources/Localizations/da.lproj/InfoPlist.strings:1:1: note: detected encoding of input file as Unicode (UTF-8) (in target 'Chatlio' from project 'Chatlio')

CopyStringsFile /Users/aadityasingh/Library/Developer/Xcode/DerivedData/Chatlio-erkyzdeecsohoaggpwbjdvavzqfv/Build/Products/Debug-iphonesimulator/Chatlio.app/cy.lproj/Localizable.stringsdict /Users/aadityasingh/Documents/Development/element-x-ios/Chatlio/Resources/Localizations/cy.lproj/Localizable.stringsdict (in target 'Chatlio' from project 'Chatlio')
    cd /Users/aadityasingh/Documents/Development/element-x-ios
    builtin-copyStrings --validate --outputencoding binary --outfilename Localizable.stringsdict --outdir /Users/aadityasingh/Library/Developer/Xcode/DerivedData/Chatlio-erkyzdeecsohoaggpwbjdvavzqfv/Build/Products/Debug-iphonesimulator/Chatlio.app/cy.lproj -- /Users/aadityasingh/Documents/Development/element-x-ios/Chatlio/Resources/Localizations/cy.lproj/Localizable.stringsdict
/Users/aadityasingh/Documents/Development/element-x-ios/Chatlio/Resources/Localizations/cy.lproj/Localizable.stringsdict:1:1: note: detected encoding of input file as Unicode (UTF-8) (in target 'Chatlio' from project 'Chatlio')

CopyStringsFile /Users/aadityasingh/Library/Developer/Xcode/DerivedData/Chatlio-erkyzdeecsohoaggpwbjdvavzqfv/Build/Products/Debug-iphonesimulator/Chatlio.app/cy.lproj/Localizable.strings /Users/aadityasingh/Documents/Development/element-x-ios/Chatlio/Resources/Localizations/cy.lproj/Localizable.strings (in target 'Chatlio' from project 'Chatlio')
    cd /Users/aadityasingh/Documents/Development/element-x-ios
    builtin-copyStrings --validate --outputencoding binary --outfilename Localizable.strings --outdir /Users/aadityasingh/Library/Developer/Xcode/DerivedData/Chatlio-erkyzdeecsohoaggpwbjdvavzqfv/Build/Products/Debug-iphonesimulator/Chatlio.app/cy.lproj -- /Users/aadityasingh/Documents/Development/element-x-ios/Chatlio/Resources/Localizations/cy.lproj/Localizable.strings
/Users/aadityasingh/Documents/Development/element-x-ios/Chatlio/Resources/Localizations/cy.lproj/Localizable.strings:1:1: note: detected encoding of input file as Unicode (UTF-8) (in target 'Chatlio' from project 'Chatlio')

CopyStringsFile /Users/aadityasingh/Library/Developer/Xcode/DerivedData/Chatlio-erkyzdeecsohoaggpwbjdvavzqfv/Build/Products/Debug-iphonesimulator/Chatlio.app/cy.lproj/InfoPlist.strings /Users/aadityasingh/Documents/Development/element-x-ios/Chatlio/Resources/Localizations/cy.lproj/InfoPlist.strings (in target 'Chatlio' from project 'Chatlio')
    cd /Users/aadityasingh/Documents/Development/element-x-ios
    builtin-copyStrings --validate --outputencoding binary --outfilename InfoPlist.strings --outdir /Users/aadityasingh/Library/Developer/Xcode/DerivedData/Chatlio-erkyzdeecsohoaggpwbjdvavzqfv/Build/Products/Debug-iphonesimulator/Chatlio.app/cy.lproj -- /Users/aadityasingh/Documents/Development/element-x-ios/Chatlio/Resources/Localizations/cy.lproj/InfoPlist.strings
/Users/aadityasingh/Documents/Development/element-x-ios/Chatlio/Resources/Localizations/cy.lproj/InfoPlist.strings:1:1: note: detected encoding of input file as Unicode (UTF-8) (in target 'Chatlio' from project 'Chatlio')

CopyStringsFile /Users/aadityasingh/Library/Developer/Xcode/DerivedData/Chatlio-erkyzdeecsohoaggpwbjdvavzqfv/Build/Products/Debug-iphonesimulator/Chatlio.app/cs.lproj/SAS.strings /Users/aadityasingh/Documents/Development/element-x-ios/Chatlio/Resources/Localizations/cs.lproj/SAS.strings (in target 'Chatlio' from project 'Chatlio')
    cd /Users/aadityasingh/Documents/Development/element-x-ios
    builtin-copyStrings --validate --outputencoding binary --outfilename SAS.strings --outdir /Users/aadityasingh/Library/Developer/Xcode/DerivedData/Chatlio-erkyzdeecsohoaggpwbjdvavzqfv/Build/Products/Debug-iphonesimulator/Chatlio.app/cs.lproj -- /Users/aadityasingh/Documents/Development/element-x-ios/Chatlio/Resources/Localizations/cs.lproj/SAS.strings
/Users/aadityasingh/Documents/Development/element-x-ios/Chatlio/Resources/Localizations/cs.lproj/SAS.strings:1:1: note: detected encoding of input file as Unicode (UTF-8) (in target 'Chatlio' from project 'Chatlio')

CopyStringsFile /Users/aadityasingh/Library/Developer/Xcode/DerivedData/Chatlio-erkyzdeecsohoaggpwbjdvavzqfv/Build/Products/Debug-iphonesimulator/Chatlio.app/cs.lproj/Localizable.stringsdict /Users/aadityasingh/Documents/Development/element-x-ios/Chatlio/Resources/Localizations/cs.lproj/Localizable.stringsdict (in target 'Chatlio' from project 'Chatlio')
    cd /Users/aadityasingh/Documents/Development/element-x-ios
    builtin-copyStrings --validate --outputencoding binary --outfilename Localizable.stringsdict --outdir /Users/aadityasingh/Library/Developer/Xcode/DerivedData/Chatlio-erkyzdeecsohoaggpwbjdvavzqfv/Build/Products/Debug-iphonesimulator/Chatlio.app/cs.lproj -- /Users/aadityasingh/Documents/Development/element-x-ios/Chatlio/Resources/Localizations/cs.lproj/Localizable.stringsdict
/Users/aadityasingh/Documents/Development/element-x-ios/Chatlio/Resources/Localizations/cs.lproj/Localizable.stringsdict:1:1: note: detected encoding of input file as Unicode (UTF-8) (in target 'Chatlio' from project 'Chatlio')

CopyStringsFile /Users/aadityasingh/Library/Developer/Xcode/DerivedData/Chatlio-erkyzdeecsohoaggpwbjdvavzqfv/Build/Products/Debug-iphonesimulator/Chatlio.app/cs.lproj/Localizable.strings /Users/aadityasingh/Documents/Development/element-x-ios/Chatlio/Resources/Localizations/cs.lproj/Localizable.strings (in target 'Chatlio' from project 'Chatlio')
    cd /Users/aadityasingh/Documents/Development/element-x-ios
    builtin-copyStrings --validate --outputencoding binary --outfilename Localizable.strings --outdir /Users/aadityasingh/Library/Developer/Xcode/DerivedData/Chatlio-erkyzdeecsohoaggpwbjdvavzqfv/Build/Products/Debug-iphonesimulator/Chatlio.app/cs.lproj -- /Users/aadityasingh/Documents/Development/element-x-ios/Chatlio/Resources/Localizations/cs.lproj/Localizable.strings
/Users/aadityasingh/Documents/Development/element-x-ios/Chatlio/Resources/Localizations/cs.lproj/Localizable.strings:1:1: note: detected encoding of input file as Unicode (UTF-8) (in target 'Chatlio' from project 'Chatlio')

CopyStringsFile /Users/aadityasingh/Library/Developer/Xcode/DerivedData/Chatlio-erkyzdeecsohoaggpwbjdvavzqfv/Build/Products/Debug-iphonesimulator/Chatlio.app/cs.lproj/InfoPlist.strings /Users/aadityasingh/Documents/Development/element-x-ios/Chatlio/Resources/Localizations/cs.lproj/InfoPlist.strings (in target 'Chatlio' from project 'Chatlio')
    cd /Users/aadityasingh/Documents/Development/element-x-ios
    builtin-copyStrings --validate --outputencoding binary --outfilename InfoPlist.strings --outdir /Users/aadityasingh/Library/Developer/Xcode/DerivedData/Chatlio-erkyzdeecsohoaggpwbjdvavzqfv/Build/Products/Debug-iphonesimulator/Chatlio.app/cs.lproj -- /Users/aadityasingh/Documents/Development/element-x-ios/Chatlio/Resources/Localizations/cs.lproj/InfoPlist.strings
/Users/aadityasingh/Documents/Development/element-x-ios/Chatlio/Resources/Localizations/cs.lproj/InfoPlist.strings:1:1: note: detected encoding of input file as Unicode (UTF-8) (in target 'Chatlio' from project 'Chatlio')

CopyStringsFile /Users/aadityasingh/Library/Developer/Xcode/DerivedData/Chatlio-erkyzdeecsohoaggpwbjdvavzqfv/Build/Products/Debug-iphonesimulator/Chatlio.app/bg.lproj/SAS.strings /Users/aadityasingh/Documents/Development/element-x-ios/Chatlio/Resources/Localizations/bg.lproj/SAS.strings (in target 'Chatlio' from project 'Chatlio')
    cd /Users/aadityasingh/Documents/Development/element-x-ios
    builtin-copyStrings --validate --outputencoding binary --outfilename SAS.strings --outdir /Users/aadityasingh/Library/Developer/Xcode/DerivedData/Chatlio-erkyzdeecsohoaggpwbjdvavzqfv/Build/Products/Debug-iphonesimulator/Chatlio.app/bg.lproj -- /Users/aadityasingh/Documents/Development/element-x-ios/Chatlio/Resources/Localizations/bg.lproj/SAS.strings
/Users/aadityasingh/Documents/Development/element-x-ios/Chatlio/Resources/Localizations/bg.lproj/SAS.strings:1:1: note: detected encoding of input file as Unicode (UTF-8) (in target 'Chatlio' from project 'Chatlio')

CopyStringsFile /Users/aadityasingh/Library/Developer/Xcode/DerivedData/Chatlio-erkyzdeecsohoaggpwbjdvavzqfv/Build/Products/Debug-iphonesimulator/Chatlio.app/bg.lproj/Localizable.stringsdict /Users/aadityasingh/Documents/Development/element-x-ios/Chatlio/Resources/Localizations/bg.lproj/Localizable.stringsdict (in target 'Chatlio' from project 'Chatlio')
    cd /Users/aadityasingh/Documents/Development/element-x-ios
    builtin-copyStrings --validate --outputencoding binary --outfilename Localizable.stringsdict --outdir /Users/aadityasingh/Library/Developer/Xcode/DerivedData/Chatlio-erkyzdeecsohoaggpwbjdvavzqfv/Build/Products/Debug-iphonesimulator/Chatlio.app/bg.lproj -- /Users/aadityasingh/Documents/Development/element-x-ios/Chatlio/Resources/Localizations/bg.lproj/Localizable.stringsdict
/Users/aadityasingh/Documents/Development/element-x-ios/Chatlio/Resources/Localizations/bg.lproj/Localizable.stringsdict:1:1: note: detected encoding of input file as Unicode (UTF-8) (in target 'Chatlio' from project 'Chatlio')

CopyStringsFile /Users/aadityasingh/Library/Developer/Xcode/DerivedData/Chatlio-erkyzdeecsohoaggpwbjdvavzqfv/Build/Products/Debug-iphonesimulator/Chatlio.app/bg.lproj/Localizable.strings /Users/aadityasingh/Documents/Development/element-x-ios/Chatlio/Resources/Localizations/bg.lproj/Localizable.strings (in target 'Chatlio' from project 'Chatlio')
    cd /Users/aadityasingh/Documents/Development/element-x-ios
    builtin-copyStrings --validate --outputencoding binary --outfilename Localizable.strings --outdir /Users/aadityasingh/Library/Developer/Xcode/DerivedData/Chatlio-erkyzdeecsohoaggpwbjdvavzqfv/Build/Products/Debug-iphonesimulator/Chatlio.app/bg.lproj -- /Users/aadityasingh/Documents/Development/element-x-ios/Chatlio/Resources/Localizations/bg.lproj/Localizable.strings
/Users/aadityasingh/Documents/Development/element-x-ios/Chatlio/Resources/Localizations/bg.lproj/Localizable.strings:1:1: note: detected encoding of input file as Unicode (UTF-8) (in target 'Chatlio' from project 'Chatlio')

CopyStringsFile /Users/aadityasingh/Library/Developer/Xcode/DerivedData/Chatlio-erkyzdeecsohoaggpwbjdvavzqfv/Build/Products/Debug-iphonesimulator/Chatlio.app/bg.lproj/InfoPlist.strings /Users/aadityasingh/Documents/Development/element-x-ios/Chatlio/Resources/Localizations/bg.lproj/InfoPlist.strings (in target 'Chatlio' from project 'Chatlio')
    cd /Users/aadityasingh/Documents/Development/element-x-ios
    builtin-copyStrings --validate --outputencoding binary --outfilename InfoPlist.strings --outdir /Users/aadityasingh/Library/Developer/Xcode/DerivedData/Chatlio-erkyzdeecsohoaggpwbjdvavzqfv/Build/Products/Debug-iphonesimulator/Chatlio.app/bg.lproj -- /Users/aadityasingh/Documents/Development/element-x-ios/Chatlio/Resources/Localizations/bg.lproj/InfoPlist.strings
/Users/aadityasingh/Documents/Development/element-x-ios/Chatlio/Resources/Localizations/bg.lproj/InfoPlist.strings:1:1: note: detected encoding of input file as Unicode (UTF-8) (in target 'Chatlio' from project 'Chatlio')

CopyStringsFile /Users/aadityasingh/Library/Developer/Xcode/DerivedData/Chatlio-erkyzdeecsohoaggpwbjdvavzqfv/Build/Products/Debug-iphonesimulator/Chatlio.app/be.lproj/Localizable.stringsdict /Users/aadityasingh/Documents/Development/element-x-ios/Chatlio/Resources/Localizations/be.lproj/Localizable.stringsdict (in target 'Chatlio' from project 'Chatlio')
    cd /Users/aadityasingh/Documents/Development/element-x-ios
    builtin-copyStrings --validate --outputencoding binary --outfilename Localizable.stringsdict --outdir /Users/aadityasingh/Library/Developer/Xcode/DerivedData/Chatlio-erkyzdeecsohoaggpwbjdvavzqfv/Build/Products/Debug-iphonesimulator/Chatlio.app/be.lproj -- /Users/aadityasingh/Documents/Development/element-x-ios/Chatlio/Resources/Localizations/be.lproj/Localizable.stringsdict
/Users/aadityasingh/Documents/Development/element-x-ios/Chatlio/Resources/Localizations/be.lproj/Localizable.stringsdict:1:1: note: detected encoding of input file as Unicode (UTF-8) (in target 'Chatlio' from project 'Chatlio')

CopyStringsFile /Users/aadityasingh/Library/Developer/Xcode/DerivedData/Chatlio-erkyzdeecsohoaggpwbjdvavzqfv/Build/Products/Debug-iphonesimulator/Chatlio.app/be.lproj/Localizable.strings /Users/aadityasingh/Documents/Development/element-x-ios/Chatlio/Resources/Localizations/be.lproj/Localizable.strings (in target 'Chatlio' from project 'Chatlio')
    cd /Users/aadityasingh/Documents/Development/element-x-ios
    builtin-copyStrings --validate --outputencoding binary --outfilename Localizable.strings --outdir /Users/aadityasingh/Library/Developer/Xcode/DerivedData/Chatlio-erkyzdeecsohoaggpwbjdvavzqfv/Build/Products/Debug-iphonesimulator/Chatlio.app/be.lproj -- /Users/aadityasingh/Documents/Development/element-x-ios/Chatlio/Resources/Localizations/be.lproj/Localizable.strings
/Users/aadityasingh/Documents/Development/element-x-ios/Chatlio/Resources/Localizations/be.lproj/Localizable.strings:1:1: note: detected encoding of input file as Unicode (UTF-8) (in target 'Chatlio' from project 'Chatlio')

CopyStringsFile /Users/aadityasingh/Library/Developer/Xcode/DerivedData/Chatlio-erkyzdeecsohoaggpwbjdvavzqfv/Build/Products/Debug-iphonesimulator/Chatlio.app/be.lproj/InfoPlist.strings /Users/aadityasingh/Documents/Development/element-x-ios/Chatlio/Resources/Localizations/be.lproj/InfoPlist.strings (in target 'Chatlio' from project 'Chatlio')
    cd /Users/aadityasingh/Documents/Development/element-x-ios
    builtin-copyStrings --validate --outputencoding binary --outfilename InfoPlist.strings --outdir /Users/aadityasingh/Library/Developer/Xcode/DerivedData/Chatlio-erkyzdeecsohoaggpwbjdvavzqfv/Build/Products/Debug-iphonesimulator/Chatlio.app/be.lproj -- /Users/aadityasingh/Documents/Development/element-x-ios/Chatlio/Resources/Localizations/be.lproj/InfoPlist.strings
/Users/aadityasingh/Documents/Development/element-x-ios/Chatlio/Resources/Localizations/be.lproj/InfoPlist.strings:1:1: note: detected encoding of input file as Unicode (UTF-8) (in target 'Chatlio' from project 'Chatlio')

CopyPlistFile /Users/aadityasingh/Library/Developer/Xcode/DerivedData/Chatlio-erkyzdeecsohoaggpwbjdvavzqfv/Build/Products/Debug-iphonesimulator/Chatlio.app/ConfettiScene.scn /Users/aadityasingh/Documents/Development/element-x-ios/Chatlio/Sources/Other/EffectsScene/ConfettiScene.scn (in target 'Chatlio' from project 'Chatlio')
    cd /Users/aadityasingh/Documents/Development/element-x-ios
    builtin-copyPlist --convert binary1 --outdir /Users/aadityasingh/Library/Developer/Xcode/DerivedData/Chatlio-erkyzdeecsohoaggpwbjdvavzqfv/Build/Products/Debug-iphonesimulator/Chatlio.app -- /Users/aadityasingh/Documents/Development/element-x-ios/Chatlio/Sources/Other/EffectsScene/ConfettiScene.scn

CopyPNGFile /Users/aadityasingh/Library/Developer/Xcode/DerivedData/Chatlio-erkyzdeecsohoaggpwbjdvavzqfv/Build/Products/Debug-iphonesimulator/Chatlio.app/test_image.png /Users/aadityasingh/Documents/Development/element-x-ios/DevelopmentAssets/Media/test_image.png (in target 'Chatlio' from project 'Chatlio')
    cd /Users/aadityasingh/Documents/Development/element-x-ios
    /Applications/Xcode.app/Contents/Developer/usr/bin/copypng -compress -strip-PNG-text /Users/aadityasingh/Documents/Development/element-x-ios/DevelopmentAssets/Media/test_image.png /Users/aadityasingh/Library/Developer/Xcode/DerivedData/Chatlio-erkyzdeecsohoaggpwbjdvavzqfv/Build/Products/Debug-iphonesimulator/Chatlio.app/test_image.png

While reading /Users/aadityasingh/Documents/Development/element-x-ios/DevelopmentAssets/Media/test_image.png pngcrush caught libpng error:
   Not a PNG file..

Could not find file: /Users/aadityasingh/Library/Developer/Xcode/DerivedData/Chatlio-erkyzdeecsohoaggpwbjdvavzqfv/Build/Products/Debug-iphonesimulator/Chatlio.app/test_image.png

CompileAssetCatalogVariant thinned /Users/aadityasingh/Library/Developer/Xcode/DerivedData/Chatlio-erkyzdeecsohoaggpwbjdvavzqfv/Build/Products/Debug-iphonesimulator/Chatlio.app /Users/aadityasingh/Documents/Development/element-x-ios/Chatlio/Resources/AppIcon.icon /Users/aadityasingh/Documents/Development/element-x-ios/Chatlio/Resources/Assets.xcassets (in target 'Chatlio' from project 'Chatlio')
    cd /Users/aadityasingh/Documents/Development/element-x-ios
    /Applications/Xcode.app/Contents/Developer/usr/bin/actool /Users/aadityasingh/Documents/Development/element-x-ios/Chatlio/Resources/AppIcon.icon /Users/aadityasingh/Documents/Development/element-x-ios/Chatlio/Resources/Assets.xcassets --compile /Users/aadityasingh/Library/Developer/Xcode/DerivedData/Chatlio-erkyzdeecsohoaggpwbjdvavzqfv/Build/Intermediates.noindex/Chatlio.build/Debug-iphonesimulator/Chatlio.build/assetcatalog_output/thinned --output-format human-readable-text --notices --warnings --export-dependency-info /Users/aadityasingh/Library/Developer/Xcode/DerivedData/Chatlio-erkyzdeecsohoaggpwbjdvavzqfv/Build/Intermediates.noindex/Chatlio.build/Debug-iphonesimulator/Chatlio.build/assetcatalog_dependencies_thinned --output-partial-info-plist /Users/aadityasingh/Library/Developer/Xcode/DerivedData/Chatlio-erkyzdeecsohoaggpwbjdvavzqfv/Build/Intermediates.noindex/Chatlio.build/Debug-iphonesimulator/Chatlio.build/assetcatalog_generated_info.plist_thinned --app-icon AppIcon --accent-color colors/accent-color --compress-pngs --enable-on-demand-resources YES --filter-for-thinning-device-configuration iPad15,7 --filter-for-device-os-version 26.4.1 --development-region en --target-device iphone --target-device ipad --minimum-deployment-target 17.0 --platform iphonesimulator
/* com.apple.actool.compilation-results */
/Users/aadityasingh/Library/Developer/Xcode/DerivedData/Chatlio-erkyzdeecsohoaggpwbjdvavzqfv/Build/Intermediates.noindex/Chatlio.build/Debug-iphonesimulator/Chatlio.build/assetcatalog_generated_info.plist_thinned
/Users/aadityasingh/Library/Developer/Xcode/DerivedData/Chatlio-erkyzdeecsohoaggpwbjdvavzqfv/Build/Intermediates.noindex/Chatlio.build/Debug-iphonesimulator/Chatlio.build/assetcatalog_output/thinned/AppIcon60x60@2x.png
/Users/aadityasingh/Library/Developer/Xcode/DerivedData/Chatlio-erkyzdeecsohoaggpwbjdvavzqfv/Build/Intermediates.noindex/Chatlio.build/Debug-iphonesimulator/Chatlio.build/assetcatalog_output/thinned/AppIcon76x76@2x~ipad.png
/Users/aadityasingh/Library/Developer/Xcode/DerivedData/Chatlio-erkyzdeecsohoaggpwbjdvavzqfv/Build/Intermediates.noindex/Chatlio.build/Debug-iphonesimulator/Chatlio.build/assetcatalog_output/thinned/Assets.car


SwiftDriver Chatlio normal arm64 com.apple.xcode.tools.swift.compiler (in target 'Chatlio' from project 'Chatlio')
    cd /Users/aadityasingh/Documents/Development/element-x-ios
    builtin-SwiftDriver -- /Applications/Xcode.app/Contents/Developer/Toolchains/XcodeDefault.xctoolchain/usr/bin/swiftc -module-name Chatlio -Onone @/Users/aadityasingh/Library/Developer/Xcode/DerivedData/Chatlio-erkyzdeecsohoaggpwbjdvavzqfv/Build/Intermediates.noindex/Chatlio.build/Debug-iphonesimulator/Chatlio.build/Objects-normal/arm64/Chatlio.SwiftFileList -DDEBUG -Xcc -fmodule-map-file\=/Users/aadityasingh/Library/Developer/Xcode/DerivedData/Chatlio-erkyzdeecsohoaggpwbjdvavzqfv/Build/Intermediates.noindex/GeneratedModuleMaps-iphonesimulator/phlibwebp.modulemap -Xcc -fmodule-map-file\=/Users/aadityasingh/Library/Developer/Xcode/DerivedData/Chatlio-erkyzdeecsohoaggpwbjdvavzqfv/Build/Intermediates.noindex/GeneratedModuleMaps-iphonesimulator/GZIP.modulemap -Xcc -fmodule-map-file\=/Users/aadityasingh/Library/Developer/Xcode/DerivedData/Chatlio-erkyzdeecsohoaggpwbjdvavzqfv/Build/Intermediates.noindex/GeneratedModuleMaps-iphonesimulator/SentryInternal.modulemap -Xcc -fmodule-map-file\=/Users/aadityasingh/Library/Developer/Xcode/DerivedData/Chatlio-erkyzdeecsohoaggpwbjdvavzqfv/Build/Intermediates.noindex/GeneratedModuleMaps-iphonesimulator/DTFoundation.modulemap -Xcc -fmodule-map-file\=/Users/aadityasingh/Library/Developer/Xcode/DerivedData/Chatlio-erkyzdeecsohoaggpwbjdvavzqfv/Build/Intermediates.noindex/GeneratedModuleMaps-iphonesimulator/DTCoreText.modulemap -Xcc -fmodule-map-file\=/Users/aadityasingh/Library/Developer/Xcode/DerivedData/Chatlio-erkyzdeecsohoaggpwbjdvavzqfv/Build/Intermediates.noindex/GeneratedModuleMaps-iphonesimulator/DTCoreTextExtended.modulemap -DIS_MAIN_APP -enable-bare-slash-regex -enable-experimental-feature DebugDescriptionMacro -sdk /Applications/Xcode.app/Contents/Developer/Platforms/iPhoneSimulator.platform/Developer/SDKs/iPhoneSimulator26.4.sdk -target arm64-apple-ios17.0-simulator -g -module-cache-path /Users/aadityasingh/Library/Developer/Xcode/DerivedData/ModuleCache.noindex -Xfrontend -serialize-debugging-options -profile-coverage-mapping -profile-generate -enable-testing -index-store-path /Users/aadityasingh/Library/Developer/Xcode/DerivedData/Chatlio-erkyzdeecsohoaggpwbjdvavzqfv/Index.noindex/DataStore -Xcc -D_LIBCPP_HARDENING_MODE\=_LIBCPP_HARDENING_MODE_DEBUG -swift-version 5 -I /Users/aadityasingh/Library/Developer/Xcode/DerivedData/Chatlio-erkyzdeecsohoaggpwbjdvavzqfv/Build/Products/Debug-iphonesimulator -F /Users/aadityasingh/Library/Developer/Xcode/DerivedData/Chatlio-erkyzdeecsohoaggpwbjdvavzqfv/Build/Products/Debug-iphonesimulator/PackageFrameworks -F /Users/aadityasingh/Library/Developer/Xcode/DerivedData/Chatlio-erkyzdeecsohoaggpwbjdvavzqfv/Build/Products/Debug-iphonesimulator/PackageFrameworks -F /Users/aadityasingh/Library/Developer/Xcode/DerivedData/Chatlio-erkyzdeecsohoaggpwbjdvavzqfv/Build/Products/Debug-iphonesimulator/PackageFrameworks -F /Users/aadityasingh/Library/Developer/Xcode/DerivedData/Chatlio-erkyzdeecsohoaggpwbjdvavzqfv/Build/Products/Debug-iphonesimulator/PackageFrameworks -F /Users/aadityasingh/Library/Developer/Xcode/DerivedData/Chatlio-erkyzdeecsohoaggpwbjdvavzqfv/Build/Products/Debug-iphonesimulator/PackageFrameworks -F /Users/aadityasingh/Library/Developer/Xcode/DerivedData/Chatlio-erkyzdeecsohoaggpwbjdvavzqfv/Build/Products/Debug-iphonesimulator/PackageFrameworks -F /Users/aadityasingh/Library/Developer/Xcode/DerivedData/Chatlio-erkyzdeecsohoaggpwbjdvavzqfv/Build/Products/Debug-iphonesimulator/PackageFrameworks -F /Users/aadityasingh/Library/Developer/Xcode/DerivedData/Chatlio-erkyzdeecsohoaggpwbjdvavzqfv/Build/Products/Debug-iphonesimulator/PackageFrameworks -F /Users/aadityasingh/Library/Developer/Xcode/DerivedData/Chatlio-erkyzdeecsohoaggpwbjdvavzqfv/Build/Products/Debug-iphonesimulator/PackageFrameworks -F /Users/aadityasingh/Library/Developer/Xcode/DerivedData/Chatlio-erkyzdeecsohoaggpwbjdvavzqfv/Build/Products/Debug-iphonesimulator/PackageFrameworks -F /Users/aadityasingh/Library/Developer/Xcode/DerivedData/Chatlio-erkyzdeecsohoaggpwbjdvavzqfv/Build/Products/Debug-iphonesimulator/PackageFrameworks -F /Users/aadityasingh/Library/Developer/Xcode/DerivedData/Chatlio-erkyzdeecsohoaggpwbjdvavzqfv/Build/Products/Debug-iphonesimulator/PackageFrameworks -F /Users/aadityasingh/Library/Developer/Xcode/DerivedData/Chatlio-erkyzdeecsohoaggpwbjdvavzqfv/Build/Products/Debug-iphonesimulator/PackageFrameworks -F /Users/aadityasingh/Library/Developer/Xcode/DerivedData/Chatlio-erkyzdeecsohoaggpwbjdvavzqfv/Build/Products/Debug-iphonesimulator/PackageFrameworks -F /Users/aadityasingh/Library/Developer/Xcode/DerivedData/Chatlio-erkyzdeecsohoaggpwbjdvavzqfv/Build/Products/Debug-iphonesimulator/PackageFrameworks -F /Users/aadityasingh/Library/Developer/Xcode/DerivedData/Chatlio-erkyzdeecsohoaggpwbjdvavzqfv/Build/Products/Debug-iphonesimulator/PackageFrameworks -F /Users/aadityasingh/Library/Developer/Xcode/DerivedData/Chatlio-erkyzdeecsohoaggpwbjdvavzqfv/Build/Products/Debug-iphonesimulator/PackageFrameworks -F /Users/aadityasingh/Library/Developer/Xcode/DerivedData/Chatlio-erkyzdeecsohoaggpwbjdvavzqfv/Build/Products/Debug-iphonesimulator/PackageFrameworks -F /Users/aadityasingh/Library/Developer/Xcode/DerivedData/Chatlio-erkyzdeecsohoaggpwbjdvavzqfv/Build/Products/Debug-iphonesimulator/PackageFrameworks -F /Users/aadityasingh/Library/Developer/Xcode/DerivedData/Chatlio-erkyzdeecsohoaggpwbjdvavzqfv/Build/Products/Debug-iphonesimulator/PackageFrameworks -F /Users/aadityasingh/Library/Developer/Xcode/DerivedData/Chatlio-erkyzdeecsohoaggpwbjdvavzqfv/Build/Products/Debug-iphonesimulator/PackageFrameworks -F /Users/aadityasingh/Library/Developer/Xcode/DerivedData/Chatlio-erkyzdeecsohoaggpwbjdvavzqfv/Build/Products/Debug-iphonesimulator/PackageFrameworks -F /Users/aadityasingh/Library/Developer/Xcode/DerivedData/Chatlio-erkyzdeecsohoaggpwbjdvavzqfv/Build/Products/Debug-iphonesimulator/PackageFrameworks -F /Users/aadityasingh/Library/Developer/Xcode/DerivedData/Chatlio-erkyzdeecsohoaggpwbjdvavzqfv/Build/Products/Debug-iphonesimulator/PackageFrameworks -F /Users/aadityasingh/Library/Developer/Xcode/DerivedData/Chatlio-erkyzdeecsohoaggpwbjdvavzqfv/Build/Products/Debug-iphonesimulator/PackageFrameworks -F /Users/aadityasingh/Library/Developer/Xcode/DerivedData/Chatlio-erkyzdeecsohoaggpwbjdvavzqfv/Build/Products/Debug-iphonesimulator/PackageFrameworks -F /Users/aadityasingh/Library/Developer/Xcode/DerivedData/Chatlio-erkyzdeecsohoaggpwbjdvavzqfv/Build/Products/Debug-iphonesimulator/PackageFrameworks -F /Users/aadityasingh/Library/Developer/Xcode/DerivedData/Chatlio-erkyzdeecsohoaggpwbjdvavzqfv/Build/Products/Debug-iphonesimulator/PackageFrameworks -F /Users/aadityasingh/Library/Developer/Xcode/DerivedData/Chatlio-erkyzdeecsohoaggpwbjdvavzqfv/Build/Products/Debug-iphonesimulator/PackageFrameworks -F /Users/aadityasingh/Library/Developer/Xcode/DerivedData/Chatlio-erkyzdeecsohoaggpwbjdvavzqfv/Build/Products/Debug-iphonesimulator/PackageFrameworks -F /Users/aadityasingh/Library/Developer/Xcode/DerivedData/Chatlio-erkyzdeecsohoaggpwbjdvavzqfv/Build/Products/Debug-iphonesimulator/PackageFrameworks -F /Users/aadityasingh/Library/Developer/Xcode/DerivedData/Chatlio-erkyzdeecsohoaggpwbjdvavzqfv/Build/Products/Debug-iphonesimulator/PackageFrameworks -F /Users/aadityasingh/Library/Developer/Xcode/DerivedData/Chatlio-erkyzdeecsohoaggpwbjdvavzqfv/Build/Products/Debug-iphonesimulator/PackageFrameworks -F /Users/aadityasingh/Library/Developer/Xcode/DerivedData/Chatlio-erkyzdeecsohoaggpwbjdvavzqfv/Build/Products/Debug-iphonesimulator/PackageFrameworks -F /Users/aadityasingh/Library/Developer/Xcode/DerivedData/Chatlio-erkyzdeecsohoaggpwbjdvavzqfv/Build/Products/Debug-iphonesimulator/PackageFrameworks -F /Users/aadityasingh/Library/Developer/Xcode/DerivedData/Chatlio-erkyzdeecsohoaggpwbjdvavzqfv/Build/Products/Debug-iphonesimulator/PackageFrameworks -F /Users/aadityasingh/Library/Developer/Xcode/DerivedData/Chatlio-erkyzdeecsohoaggpwbjdvavzqfv/Build/Products/Debug-iphonesimulator/PackageFrameworks -F /Users/aadityasingh/Library/Developer/Xcode/DerivedData/Chatlio-erkyzdeecsohoaggpwbjdvavzqfv/Build/Products/Debug-iphonesimulator/PackageFrameworks -F /Users/aadityasingh/Library/Developer/Xcode/DerivedData/Chatlio-erkyzdeecsohoaggpwbjdvavzqfv/Build/Products/Debug-iphonesimulator/PackageFrameworks -F /Users/aadityasingh/Library/Developer/Xcode/DerivedData/Chatlio-erkyzdeecsohoaggpwbjdvavzqfv/Build/Products/Debug-iphonesimulator/PackageFrameworks -F /Users/aadityasingh/Library/Developer/Xcode/DerivedData/Chatlio-erkyzdeecsohoaggpwbjdvavzqfv/Build/Products/Debug-iphonesimulator/PackageFrameworks -F /Users/aadityasingh/Library/Developer/Xcode/DerivedData/Chatlio-erkyzdeecsohoaggpwbjdvavzqfv/Build/Products/Debug-iphonesimulator/PackageFrameworks -F /Users/aadityasingh/Library/Developer/Xcode/DerivedData/Chatlio-erkyzdeecsohoaggpwbjdvavzqfv/Build/Products/Debug-iphonesimulator/PackageFrameworks -F /Users/aadityasingh/Library/Developer/Xcode/DerivedData/Chatlio-erkyzdeecsohoaggpwbjdvavzqfv/Build/Products/Debug-iphonesimulator/PackageFrameworks -F /Users/aadityasingh/Library/Developer/Xcode/DerivedData/Chatlio-erkyzdeecsohoaggpwbjdvavzqfv/Build/Products/Debug-iphonesimulator/PackageFrameworks -F /Users/aadityasingh/Library/Developer/Xcode/DerivedData/Chatlio-erkyzdeecsohoaggpwbjdvavzqfv/Build/Products/Debug-iphonesimulator/PackageFrameworks -F /Users/aadityasingh/Library/Developer/Xcode/DerivedData/Chatlio-erkyzdeecsohoaggpwbjdvavzqfv/Build/Products/Debug-iphonesimulator/PackageFrameworks -F /Users/aadityasingh/Library/Developer/Xcode/DerivedData/Chatlio-erkyzdeecsohoaggpwbjdvavzqfv/Build/Products/Debug-iphonesimulator -c -j12 -enable-batch-mode -incremental -Xcc -ivfsstatcache -Xcc /Users/aadityasingh/Library/Developer/Xcode/DerivedData/SDKStatCaches.noindex/iphonesimulator26.4-23E252-686eebb5dc1d8ecb277353a59184f4aa.sdkstatcache -output-file-map /Users/aadityasingh/Library/Developer/Xcode/DerivedData/Chatlio-erkyzdeecsohoaggpwbjdvavzqfv/Build/Intermediates.noindex/Chatlio.build/Debug-iphonesimulator/Chatlio.build/Objects-normal/arm64/Chatlio-OutputFileMap.json -use-frontend-parseable-output -save-temps -no-color-diagnostics -explicit-module-build -module-cache-path /Users/aadityasingh/Library/Developer/Xcode/DerivedData/Chatlio-erkyzdeecsohoaggpwbjdvavzqfv/Build/Intermediates.noindex/SwiftExplicitPrecompiledModules -clang-scanner-module-cache-path /Users/aadityasingh/Library/Developer/Xcode/DerivedData/ModuleCache.noindex -sdk-module-cache-path /Users/aadityasingh/Library/Developer/Xcode/DerivedData/ModuleCache.noindex -serialize-diagnostics -emit-dependencies -emit-module -emit-module-path /Users/aadityasingh/Library/Developer/Xcode/DerivedData/Chatlio-erkyzdeecsohoaggpwbjdvavzqfv/Build/Intermediates.noindex/Chatlio.build/Debug-iphonesimulator/Chatlio.build/Objects-normal/arm64/Chatlio.swiftmodule -validate-clang-modules-once -clang-build-session-file /Users/aadityasingh/Library/Developer/Xcode/DerivedData/ModuleCache.noindex/Session.modulevalidation -Xcc -I/Users/aadityasingh/Library/Developer/Xcode/DerivedData/Chatlio-erkyzdeecsohoaggpwbjdvavzqfv/Build/Intermediates.noindex/Chatlio.build/Debug-iphonesimulator/Chatlio.build/swift-overrides.hmap -emit-const-values -Xfrontend -const-gather-protocols-file -Xfrontend /Users/aadityasingh/Library/Developer/Xcode/DerivedData/Chatlio-erkyzdeecsohoaggpwbjdvavzqfv/Build/Intermediates.noindex/Chatlio.build/Debug-iphonesimulator/Chatlio.build/Objects-normal/arm64/Chatlio_const_extract_protocols.json -Xcc -iquote -Xcc /Users/aadityasingh/Library/Developer/Xcode/DerivedData/Chatlio-erkyzdeecsohoaggpwbjdvavzqfv/Build/Intermediates.noindex/Chatlio.build/Debug-iphonesimulator/Chatlio.build/Chatlio-generated-files.hmap -Xcc -I/Users/aadityasingh/Library/Developer/Xcode/DerivedData/Chatlio-erkyzdeecsohoaggpwbjdvavzqfv/Build/Intermediates.noindex/Chatlio.build/Debug-iphonesimulator/Chatlio.build/Chatlio-own-target-headers.hmap -Xcc -I/Users/aadityasingh/Library/Developer/Xcode/DerivedData/Chatlio-erkyzdeecsohoaggpwbjdvavzqfv/Build/Intermediates.noindex/Chatlio.build/Debug-iphonesimulator/Chatlio.build/Chatlio-all-non-framework-target-headers.hmap -Xcc -ivfsoverlay -Xcc /Users/aadityasingh/Library/Developer/Xcode/DerivedData/Chatlio-erkyzdeecsohoaggpwbjdvavzqfv/Build/Intermediates.noindex/Chatlio.build/Debug-iphonesimulator/Chatlio-c0c2b8f6bf95e401ab7a73c0cdfb87e2-VFS-iphonesimulator/all-product-headers.yaml -Xcc -iquote -Xcc /Users/aadityasingh/Library/Developer/Xcode/DerivedData/Chatlio-erkyzdeecsohoaggpwbjdvavzqfv/Build/Intermediates.noindex/Chatlio.build/Debug-iphonesimulator/Chatlio.build/Chatlio-project-headers.hmap -Xcc -I/Users/aadityasingh/Library/Developer/Xcode/DerivedData/Chatlio-erkyzdeecsohoaggpwbjdvavzqfv/SourcePackages/checkouts/swift-numerics/Sources/_NumericsShims/include -Xcc -I/Users/aadityasingh/Library/Developer/Xcode/DerivedData/Chatlio-erkyzdeecsohoaggpwbjdvavzqfv/SourcePackages/checkouts/posthog-ios/vendor/libwebp -Xcc -I/Users/aadityasingh/Library/Developer/Xcode/DerivedData/Chatlio-erkyzdeecsohoaggpwbjdvavzqfv/SourcePackages/checkouts/GZIP/GZIP/Sources -Xcc -I/Users/aadityasingh/Library/Developer/Xcode/DerivedData/Chatlio-erkyzdeecsohoaggpwbjdvavzqfv/SourcePackages/checkouts/sentry-cocoa/Sources/SentrySwiftUI/SentryInternal -Xcc -I/Users/aadityasingh/Library/Developer/Xcode/DerivedData/Chatlio-erkyzdeecsohoaggpwbjdvavzqfv/SourcePackages/checkouts/DTFoundation/Core/include -Xcc -I/Users/aadityasingh/Library/Developer/Xcode/DerivedData/Chatlio-erkyzdeecsohoaggpwbjdvavzqfv/SourcePackages/checkouts/DTCoreText/Core/include -Xcc -I/Users/aadityasingh/Library/Developer/Xcode/DerivedData/Chatlio-erkyzdeecsohoaggpwbjdvavzqfv/SourcePackages/checkouts/matrix-rich-text-editor-swift/Sources/DTCoreTextExtended/include -Xcc -I/Users/aadityasingh/Library/Developer/Xcode/DerivedData/Chatlio-erkyzdeecsohoaggpwbjdvavzqfv/SourcePackages/checkouts/swift-ogg/Sources/SupportingFiles/Dependencies/Copustools/include -Xcc -I/Users/aadityasingh/Library/Developer/Xcode/DerivedData/Chatlio-erkyzdeecsohoaggpwbjdvavzqfv/SourcePackages/checkouts/swift-atomics/Sources/_AtomicsShims/include -Xcc -I/Users/aadityasingh/Library/Developer/Xcode/DerivedData/Chatlio-erkyzdeecsohoaggpwbjdvavzqfv/Build/Products/Debug-iphonesimulator/include -Xcc -I/Users/aadityasingh/Library/Developer/Xcode/DerivedData/Chatlio-erkyzdeecsohoaggpwbjdvavzqfv/Build/Intermediates.noindex/Chatlio.build/Debug-iphonesimulator/Chatlio.build/DerivedSources-normal/arm64 -Xcc -I/Users/aadityasingh/Library/Developer/Xcode/DerivedData/Chatlio-erkyzdeecsohoaggpwbjdvavzqfv/Build/Intermediates.noindex/Chatlio.build/Debug-iphonesimulator/Chatlio.build/DerivedSources/arm64 -Xcc -I/Users/aadityasingh/Library/Developer/Xcode/DerivedData/Chatlio-erkyzdeecsohoaggpwbjdvavzqfv/Build/Intermediates.noindex/Chatlio.build/Debug-iphonesimulator/Chatlio.build/DerivedSources -Xcc -DDEBUG\=1 -emit-objc-header -emit-objc-header-path /Users/aadityasingh/Library/Developer/Xcode/DerivedData/Chatlio-erkyzdeecsohoaggpwbjdvavzqfv/Build/Intermediates.noindex/Chatlio.build/Debug-iphonesimulator/Chatlio.build/Objects-normal/arm64/GeneratedInterface-Swift.h -import-objc-header /Users/aadityasingh/Documents/Development/element-x-ios/Chatlio/SupportingFiles/Chatlio-Bridging-Header.h -working-directory /Users/aadityasingh/Documents/Development/element-x-ios -experimental-emit-module-separately -disable-cmo

SwiftExplicitDependencyGeneratePcm arm64 /Users/aadityasingh/Library/Developer/Xcode/DerivedData/Chatlio-erkyzdeecsohoaggpwbjdvavzqfv/Build/Intermediates.noindex/SwiftExplicitPrecompiledModules/Copustools-1IVRCR4JTLO7TMKYS6T0WFT4E.pcm

SwiftExplicitDependencyGeneratePcm arm64 /Users/aadityasingh/Library/Developer/Xcode/DerivedData/Chatlio-erkyzdeecsohoaggpwbjdvavzqfv/Build/Intermediates.noindex/SwiftExplicitPrecompiledModules/matrix_sdk_ffiFFI-1W9S6SR54NAMOZW8L5UXNZ26E.pcm

SwiftExplicitDependencyGeneratePcm arm64 /Users/aadityasingh/Library/Developer/Xcode/DerivedData/Chatlio-erkyzdeecsohoaggpwbjdvavzqfv/Build/Intermediates.noindex/SwiftExplicitPrecompiledModules/GZIP-887T017HEF967B3S81DZ33TLO.pcm

SwiftExplicitDependencyGeneratePcm arm64 /Users/aadityasingh/Library/Developer/Xcode/DerivedData/Chatlio-erkyzdeecsohoaggpwbjdvavzqfv/Build/Intermediates.noindex/SwiftExplicitPrecompiledModules/matrix_sdk_commonFFI-8YYLZXLS5VO9UXP5OGVLINZXA.pcm

SwiftExplicitDependencyGeneratePcm arm64 /Users/aadityasingh/Library/Developer/Xcode/DerivedData/Chatlio-erkyzdeecsohoaggpwbjdvavzqfv/Build/Intermediates.noindex/SwiftExplicitPrecompiledModules/_NumericsShims-3VT2WKJNPTN4C53SD788X74IZ.pcm

SwiftExplicitDependencyGeneratePcm arm64 /Users/aadityasingh/Library/Developer/Xcode/DerivedData/Chatlio-erkyzdeecsohoaggpwbjdvavzqfv/Build/Intermediates.noindex/SwiftExplicitPrecompiledModules/matrix_sdk_uiFFI-6A3Y5ZKGK3RLYKQRMPWVVL72U.pcm

SwiftExplicitDependencyGeneratePcm arm64 /Users/aadityasingh/Library/Developer/Xcode/DerivedData/Chatlio-erkyzdeecsohoaggpwbjdvavzqfv/Build/Intermediates.noindex/SwiftExplicitPrecompiledModules/matrix_sdk_baseFFI-AHY53HS4YDNQCOJ98Z36BUBQY.pcm

SwiftExplicitDependencyGeneratePcm arm64 /Users/aadityasingh/Library/Developer/Xcode/DerivedData/Chatlio-erkyzdeecsohoaggpwbjdvavzqfv/Build/Intermediates.noindex/SwiftExplicitPrecompiledModules/matrix_sdkFFI-51KJ1X50OTF3DIXLGKEF1OX78.pcm

SwiftExplicitDependencyGeneratePcm arm64 /Users/aadityasingh/Library/Developer/Xcode/DerivedData/Chatlio-erkyzdeecsohoaggpwbjdvavzqfv/Build/Intermediates.noindex/SwiftExplicitPrecompiledModules/YbridOgg-AEUETUY1IIMZKUAUCET3TLNL.pcm

SwiftExplicitDependencyGeneratePcm arm64 /Users/aadityasingh/Library/Developer/Xcode/DerivedData/Chatlio-erkyzdeecsohoaggpwbjdvavzqfv/Build/Intermediates.noindex/SwiftExplicitPrecompiledModules/_AtomicsShims-5XZSVKIKJ3HIM2QGT0LNX5RN1.pcm

SwiftExplicitDependencyGeneratePcm arm64 /Users/aadityasingh/Library/Developer/Xcode/DerivedData/Chatlio-erkyzdeecsohoaggpwbjdvavzqfv/Build/Intermediates.noindex/SwiftExplicitPrecompiledModules/DTFoundation-DUXTOKW9FBLLPU0VSCUIX9YG1.pcm

SwiftExplicitDependencyGeneratePcm arm64 /Users/aadityasingh/Library/Developer/Xcode/DerivedData/Chatlio-erkyzdeecsohoaggpwbjdvavzqfv/Build/Intermediates.noindex/SwiftExplicitPrecompiledModules/MapLibre-B543RUH54PRVMDI4EKW45G9Q7.pcm

SwiftExplicitDependencyGeneratePcm arm64 /Users/aadityasingh/Library/Developer/Xcode/DerivedData/Chatlio-erkyzdeecsohoaggpwbjdvavzqfv/Build/Intermediates.noindex/SwiftExplicitPrecompiledModules/matrix_sdk_cryptoFFI-D46Z76G3FZ3LF34GWFOI6X72.pcm

SwiftExplicitDependencyGeneratePcm arm64 /Users/aadityasingh/Library/Developer/Xcode/DerivedData/Chatlio-erkyzdeecsohoaggpwbjdvavzqfv/Build/Intermediates.noindex/SwiftExplicitPrecompiledModules/YbridOpus-4EQGYQPDWJK3TZ48YDOAR6BNL.pcm

SwiftExplicitDependencyGeneratePcm arm64 /Users/aadityasingh/Library/Developer/Xcode/DerivedData/Chatlio-erkyzdeecsohoaggpwbjdvavzqfv/Build/Intermediates.noindex/SwiftExplicitPrecompiledModules/WysiwygComposerFFI-C0BIOW0DFXF66117QLZI8KTZ4.pcm

SwiftExplicitDependencyGeneratePcm arm64 /Users/aadityasingh/Library/Developer/Xcode/DerivedData/Chatlio-erkyzdeecsohoaggpwbjdvavzqfv/Build/Intermediates.noindex/SwiftExplicitPrecompiledModules/Sentry-58WUTTV3VLVQZWOYXD3IUMVXH.pcm

SwiftExplicitDependencyGeneratePcm arm64 /Users/aadityasingh/Library/Developer/Xcode/DerivedData/Chatlio-erkyzdeecsohoaggpwbjdvavzqfv/Build/Intermediates.noindex/SwiftExplicitPrecompiledModules/DTCoreText-F4Y3HWMTLQAGB8ANN5EARU4A7.pcm

SwiftExplicitDependencyCompileModuleFromInterface arm64 /Users/aadityasingh/Library/Developer/Xcode/DerivedData/Chatlio-erkyzdeecsohoaggpwbjdvavzqfv/Build/Intermediates.noindex/SwiftExplicitPrecompiledModules/Sentry-1X126JWF6AKD7.swiftmodule

LinkAssetCatalog /Users/aadityasingh/Documents/Development/element-x-ios/Chatlio/Resources/AppIcon.icon /Users/aadityasingh/Documents/Development/element-x-ios/Chatlio/Resources/Assets.xcassets (in target 'Chatlio' from project 'Chatlio')
    cd /Users/aadityasingh/Documents/Development/element-x-ios
    builtin-linkAssetCatalog --thinned /Users/aadityasingh/Library/Developer/Xcode/DerivedData/Chatlio-erkyzdeecsohoaggpwbjdvavzqfv/Build/Intermediates.noindex/Chatlio.build/Debug-iphonesimulator/Chatlio.build/assetcatalog_output/thinned --thinned-dependencies /Users/aadityasingh/Library/Developer/Xcode/DerivedData/Chatlio-erkyzdeecsohoaggpwbjdvavzqfv/Build/Intermediates.noindex/Chatlio.build/Debug-iphonesimulator/Chatlio.build/assetcatalog_dependencies_thinned --thinned-info-plist-content /Users/aadityasingh/Library/Developer/Xcode/DerivedData/Chatlio-erkyzdeecsohoaggpwbjdvavzqfv/Build/Intermediates.noindex/Chatlio.build/Debug-iphonesimulator/Chatlio.build/assetcatalog_generated_info.plist_thinned --unthinned /Users/aadityasingh/Library/Developer/Xcode/DerivedData/Chatlio-erkyzdeecsohoaggpwbjdvavzqfv/Build/Intermediates.noindex/Chatlio.build/Debug-iphonesimulator/Chatlio.build/assetcatalog_output/unthinned --unthinned-dependencies /Users/aadityasingh/Library/Developer/Xcode/DerivedData/Chatlio-erkyzdeecsohoaggpwbjdvavzqfv/Build/Intermediates.noindex/Chatlio.build/Debug-iphonesimulator/Chatlio.build/assetcatalog_dependencies_unthinned --unthinned-info-plist-content /Users/aadityasingh/Library/Developer/Xcode/DerivedData/Chatlio-erkyzdeecsohoaggpwbjdvavzqfv/Build/Intermediates.noindex/Chatlio.build/Debug-iphonesimulator/Chatlio.build/assetcatalog_generated_info.plist_unthinned --output /Users/aadityasingh/Library/Developer/Xcode/DerivedData/Chatlio-erkyzdeecsohoaggpwbjdvavzqfv/Build/Products/Debug-iphonesimulator/Chatlio.app --plist-output /Users/aadityasingh/Library/Developer/Xcode/DerivedData/Chatlio-erkyzdeecsohoaggpwbjdvavzqfv/Build/Intermediates.noindex/Chatlio.build/Debug-iphonesimulator/Chatlio.build/assetcatalog_generated_info.plist
note: Emplaced /Users/aadityasingh/Library/Developer/Xcode/DerivedData/Chatlio-erkyzdeecsohoaggpwbjdvavzqfv/Build/Products/Debug-iphonesimulator/Chatlio.app/AppIcon60x60@2x.png (in target 'Chatlio' from project 'Chatlio')
note: Emplaced /Users/aadityasingh/Library/Developer/Xcode/DerivedData/Chatlio-erkyzdeecsohoaggpwbjdvavzqfv/Build/Products/Debug-iphonesimulator/Chatlio.app/Assets.car (in target 'Chatlio' from project 'Chatlio')
note: Emplaced /Users/aadityasingh/Library/Developer/Xcode/DerivedData/Chatlio-erkyzdeecsohoaggpwbjdvavzqfv/Build/Products/Debug-iphonesimulator/Chatlio.app/AppIcon76x76@2x~ipad.png (in target 'Chatlio' from project 'Chatlio')

SwiftGeneratePch normal arm64 Compiling\ bridging\ header (in target 'Chatlio' from project 'Chatlio')

SwiftDriverJobDiscovery normal arm64 Compiling bridging header (in target 'Chatlio' from project 'Chatlio')

SwiftEmitModule normal arm64 Emitting\ module\ for\ Chatlio (in target 'Chatlio' from project 'Chatlio')

EmitSwiftModule normal arm64 (in target 'Chatlio' from project 'Chatlio')
    cd /Users/aadityasingh/Documents/Development/element-x-ios
    

SwiftCompile normal arm64 Compiling\ ServerConfirmationScreenModels.swift,\ ServerConfirmationScreenViewModel.swift,\ ServerConfirmationScreenViewModelProtocol.swift,\ ServerSelectionScreen.swift,\ ServerSelectionScreenCoordinator.swift,\ ServerSelectionScreenModels.swift,\ ServerSelectionScreenViewModel.swift,\ ServerSelectionScreenViewModelProtocol.swift,\ ServiceLocator.swift,\ SessionDirectories.swift,\ SessionVerificationControllerProxy.swift,\ SessionVerificationControllerProxyProtocol.swift,\ SessionVerificationRequestDetailsView.swift,\ SessionVerificationScreen.swift,\ SessionVerificationScreenCoordinator.swift,\ SessionVerificationScreenModels.swift,\ SessionVerificationScreenStateMachine.swift,\ SessionVerificationScreenViewModel.swift,\ SessionVerificationScreenViewModelProtocol.swift,\ SettingsFlowCoordinator.swift,\ SettingsScreen.swift,\ SettingsScreenCoordinator.swift,\ SettingsScreenModels.swift,\ SettingsScreenViewModel.swift /Users/aadityasingh/Documents/Development/element-x-ios/Chatlio/Sources/Screens/Authentication/ServerConfirmationScreen/ServerConfirmationScreenModels.swift /Users/aadityasingh/Documents/Development/element-x-ios/Chatlio/Sources/Screens/Authentication/ServerConfirmationScreen/ServerConfirmationScreenViewModel.swift /Users/aadityasingh/Documents/Development/element-x-ios/Chatlio/Sources/Screens/Authentication/ServerConfirmationScreen/ServerConfirmationScreenViewModelProtocol.swift /Users/aadityasingh/Documents/Development/element-x-ios/Chatlio/Sources/Screens/Authentication/ServerSelectionScreen/View/ServerSelectionScreen.swift /Users/aadityasingh/Documents/Development/element-x-ios/Chatlio/Sources/Screens/Authentication/ServerSelectionScreen/ServerSelectionScreenCoordinator.swift /Users/aadityasingh/Documents/Development/element-x-ios/Chatlio/Sources/Screens/Authentication/ServerSelectionScreen/ServerSelectionScreenModels.swift /Users/aadityasingh/Documents/Development/element-x-ios/Chatlio/Sources/Screens/Authentication/ServerSelectionScreen/ServerSelectionScreenViewModel.swift /Users/aadityasingh/Documents/Development/element-x-ios/Chatlio/Sources/Screens/Authentication/ServerSelectionScreen/ServerSelectionScreenViewModelProtocol.swift /Users/aadityasingh/Documents/Development/element-x-ios/Chatlio/Sources/Application/ServiceLocator.swift /Users/aadityasingh/Documents/Development/element-x-ios/Chatlio/Sources/Services/UserSession/SessionDirectories.swift /Users/aadityasingh/Documents/Development/element-x-ios/Chatlio/Sources/Services/SessionVerification/SessionVerificationControllerProxy.swift /Users/aadityasingh/Documents/Development/element-x-ios/Chatlio/Sources/Services/SessionVerification/SessionVerificationControllerProxyProtocol.swift /Users/aadityasingh/Documents/Development/element-x-ios/Chatlio/Sources/Screens/Onboarding/SessionVerificationScreen/View/SessionVerificationRequestDetailsView.swift /Users/aadityasingh/Documents/Development/element-x-ios/Chatlio/Sources/Screens/Onboarding/SessionVerificationScreen/View/SessionVerificationScreen.swift /Users/aadityasingh/Documents/Development/element-x-ios/Chatlio/Sources/Screens/Onboarding/SessionVerificationScreen/SessionVerificationScreenCoordinator.swift /Users/aadityasingh/Documents/Development/element-x-ios/Chatlio/Sources/Screens/Onboarding/SessionVerificationScreen/SessionVerificationScreenModels.swift /Users/aadityasingh/Documents/Development/element-x-ios/Chatlio/Sources/Screens/Onboarding/SessionVerificationScreen/SessionVerificationScreenStateMachine.swift /Users/aadityasingh/Documents/Development/element-x-ios/Chatlio/Sources/Screens/Onboarding/SessionVerificationScreen/SessionVerificationScreenViewModel.swift /Users/aadityasingh/Documents/Development/element-x-ios/Chatlio/Sources/Screens/Onboarding/SessionVerificationScreen/SessionVerificationScreenViewModelProtocol.swift /Users/aadityasingh/Documents/Development/element-x-ios/Chatlio/Sources/FlowCoordinators/SettingsFlowCoordinator.swift /Users/aadityasingh/Documents/Development/element-x-ios/Chatlio/Sources/Screens/Settings/SettingsScreen/View/SettingsScreen.swift /Users/aadityasingh/Documents/Development/element-x-ios/Chatlio/Sources/Screens/Settings/SettingsScreen/SettingsScreenCoordinator.swift /Users/aadityasingh/Documents/Development/element-x-ios/Chatlio/Sources/Screens/Settings/SettingsScreen/SettingsScreenModels.swift /Users/aadityasingh/Documents/Development/element-x-ios/Chatlio/Sources/Screens/Settings/SettingsScreen/SettingsScreenViewModel.swift (in target 'Chatlio' from project 'Chatlio')
SwiftCompile normal arm64 /Users/aadityasingh/Documents/Development/element-x-ios/Chatlio/Sources/Screens/Authentication/ServerConfirmationScreen/ServerConfirmationScreenModels.swift (in target 'Chatlio' from project 'Chatlio')
    cd /Users/aadityasingh/Documents/Development/element-x-ios
    

SwiftCompile normal arm64 /Users/aadityasingh/Documents/Development/element-x-ios/Chatlio/Sources/Screens/Authentication/ServerConfirmationScreen/ServerConfirmationScreenViewModel.swift (in target 'Chatlio' from project 'Chatlio')
    cd /Users/aadityasingh/Documents/Development/element-x-ios
    

SwiftCompile normal arm64 /Users/aadityasingh/Documents/Development/element-x-ios/Chatlio/Sources/Screens/Authentication/ServerConfirmationScreen/ServerConfirmationScreenViewModelProtocol.swift (in target 'Chatlio' from project 'Chatlio')
    cd /Users/aadityasingh/Documents/Development/element-x-ios
    

SwiftCompile normal arm64 /Users/aadityasingh/Documents/Development/element-x-ios/Chatlio/Sources/Screens/Authentication/ServerSelectionScreen/View/ServerSelectionScreen.swift (in target 'Chatlio' from project 'Chatlio')
    cd /Users/aadityasingh/Documents/Development/element-x-ios
    

SwiftCompile normal arm64 /Users/aadityasingh/Documents/Development/element-x-ios/Chatlio/Sources/Screens/Authentication/ServerSelectionScreen/ServerSelectionScreenCoordinator.swift (in target 'Chatlio' from project 'Chatlio')
    cd /Users/aadityasingh/Documents/Development/element-x-ios
    

SwiftCompile normal arm64 /Users/aadityasingh/Documents/Development/element-x-ios/Chatlio/Sources/Screens/Authentication/ServerSelectionScreen/ServerSelectionScreenModels.swift (in target 'Chatlio' from project 'Chatlio')
    cd /Users/aadityasingh/Documents/Development/element-x-ios
    

SwiftCompile normal arm64 /Users/aadityasingh/Documents/Development/element-x-ios/Chatlio/Sources/Screens/Authentication/ServerSelectionScreen/ServerSelectionScreenViewModel.swift (in target 'Chatlio' from project 'Chatlio')
    cd /Users/aadityasingh/Documents/Development/element-x-ios
    

SwiftCompile normal arm64 /Users/aadityasingh/Documents/Development/element-x-ios/Chatlio/Sources/Screens/Authentication/ServerSelectionScreen/ServerSelectionScreenViewModelProtocol.swift (in target 'Chatlio' from project 'Chatlio')
    cd /Users/aadityasingh/Documents/Development/element-x-ios
    

SwiftCompile normal arm64 /Users/aadityasingh/Documents/Development/element-x-ios/Chatlio/Sources/Application/ServiceLocator.swift (in target 'Chatlio' from project 'Chatlio')
    cd /Users/aadityasingh/Documents/Development/element-x-ios
    

SwiftCompile normal arm64 /Users/aadityasingh/Documents/Development/element-x-ios/Chatlio/Sources/Services/UserSession/SessionDirectories.swift (in target 'Chatlio' from project 'Chatlio')
    cd /Users/aadityasingh/Documents/Development/element-x-ios
    

SwiftCompile normal arm64 /Users/aadityasingh/Documents/Development/element-x-ios/Chatlio/Sources/Services/SessionVerification/SessionVerificationControllerProxy.swift (in target 'Chatlio' from project 'Chatlio')
    cd /Users/aadityasingh/Documents/Development/element-x-ios
    

SwiftCompile normal arm64 /Users/aadityasingh/Documents/Development/element-x-ios/Chatlio/Sources/Services/SessionVerification/SessionVerificationControllerProxyProtocol.swift (in target 'Chatlio' from project 'Chatlio')
    cd /Users/aadityasingh/Documents/Development/element-x-ios
    

SwiftCompile normal arm64 /Users/aadityasingh/Documents/Development/element-x-ios/Chatlio/Sources/Screens/Onboarding/SessionVerificationScreen/View/SessionVerificationRequestDetailsView.swift (in target 'Chatlio' from project 'Chatlio')
    cd /Users/aadityasingh/Documents/Development/element-x-ios
    

SwiftCompile normal arm64 /Users/aadityasingh/Documents/Development/element-x-ios/Chatlio/Sources/Screens/Onboarding/SessionVerificationScreen/View/SessionVerificationScreen.swift (in target 'Chatlio' from project 'Chatlio')
    cd /Users/aadityasingh/Documents/Development/element-x-ios
    

SwiftCompile normal arm64 /Users/aadityasingh/Documents/Development/element-x-ios/Chatlio/Sources/Screens/Onboarding/SessionVerificationScreen/SessionVerificationScreenCoordinator.swift (in target 'Chatlio' from project 'Chatlio')
    cd /Users/aadityasingh/Documents/Development/element-x-ios
    

SwiftCompile normal arm64 /Users/aadityasingh/Documents/Development/element-x-ios/Chatlio/Sources/Screens/Onboarding/SessionVerificationScreen/SessionVerificationScreenModels.swift (in target 'Chatlio' from project 'Chatlio')
    cd /Users/aadityasingh/Documents/Development/element-x-ios
    

SwiftCompile normal arm64 /Users/aadityasingh/Documents/Development/element-x-ios/Chatlio/Sources/Screens/Onboarding/SessionVerificationScreen/SessionVerificationScreenStateMachine.swift (in target 'Chatlio' from project 'Chatlio')
    cd /Users/aadityasingh/Documents/Development/element-x-ios
    

SwiftCompile normal arm64 /Users/aadityasingh/Documents/Development/element-x-ios/Chatlio/Sources/Screens/Onboarding/SessionVerificationScreen/SessionVerificationScreenViewModel.swift (in target 'Chatlio' from project 'Chatlio')
    cd /Users/aadityasingh/Documents/Development/element-x-ios
    

SwiftCompile normal arm64 /Users/aadityasingh/Documents/Development/element-x-ios/Chatlio/Sources/Screens/Onboarding/SessionVerificationScreen/SessionVerificationScreenViewModelProtocol.swift (in target 'Chatlio' from project 'Chatlio')
    cd /Users/aadityasingh/Documents/Development/element-x-ios
    

SwiftCompile normal arm64 /Users/aadityasingh/Documents/Development/element-x-ios/Chatlio/Sources/FlowCoordinators/SettingsFlowCoordinator.swift (in target 'Chatlio' from project 'Chatlio')
    cd /Users/aadityasingh/Documents/Development/element-x-ios
    

SwiftCompile normal arm64 /Users/aadityasingh/Documents/Development/element-x-ios/Chatlio/Sources/Screens/Settings/SettingsScreen/View/SettingsScreen.swift (in target 'Chatlio' from project 'Chatlio')
    cd /Users/aadityasingh/Documents/Development/element-x-ios
    

SwiftCompile normal arm64 /Users/aadityasingh/Documents/Development/element-x-ios/Chatlio/Sources/Screens/Settings/SettingsScreen/SettingsScreenCoordinator.swift (in target 'Chatlio' from project 'Chatlio')
    cd /Users/aadityasingh/Documents/Development/element-x-ios
    

SwiftCompile normal arm64 /Users/aadityasingh/Documents/Development/element-x-ios/Chatlio/Sources/Screens/Settings/SettingsScreen/SettingsScreenModels.swift (in target 'Chatlio' from project 'Chatlio')
    cd /Users/aadityasingh/Documents/Development/element-x-ios
    

SwiftCompile normal arm64 /Users/aadityasingh/Documents/Development/element-x-ios/Chatlio/Sources/Screens/Settings/SettingsScreen/SettingsScreenViewModel.swift (in target 'Chatlio' from project 'Chatlio')
    cd /Users/aadityasingh/Documents/Development/element-x-ios
    

SwiftCompile normal arm64 Compiling\ TypingIndicatorView.swift,\ UIConstants.swift,\ UIDevice.swift,\ UIView.swift,\ UNNotificationContent.swift,\ URL.swift,\ URLComponents.swift,\ URLSession.swift,\ UTType.swift,\ UnsupportedRoomTimelineItem.swift,\ UnsupportedRoomTimelineView.swift,\ UserAgentBuilder.swift,\ UserDetailsEditScreen.swift,\ UserDetailsEditScreenCoordinator.swift,\ UserDetailsEditScreenModels.swift,\ UserDetailsEditScreenViewModel.swift,\ UserDetailsEditScreenViewModelProtocol.swift,\ UserDiscoverySection.swift,\ UserDiscoveryService.swift,\ UserDiscoveryServiceProtocol.swift,\ UserIdentityProxy.swift,\ UserIdentityProxyProtocol.swift,\ UserIndicator.swift,\ UserIndicatorController.swift /Users/aadityasingh/Documents/Development/element-x-ios/Chatlio/Sources/Screens/Timeline/View/TypingIndicatorView.swift /Users/aadityasingh/Documents/Development/element-x-ios/Chatlio/Sources/Screens/Authentication/UIConstants.swift /Users/aadityasingh/Documents/Development/element-x-ios/Chatlio/Sources/Other/Extensions/UIDevice.swift /Users/aadityasingh/Documents/Development/element-x-ios/Chatlio/Sources/Other/Extensions/UIView.swift /Users/aadityasingh/Documents/Development/element-x-ios/Chatlio/Sources/Other/Extensions/UNNotificationContent.swift /Users/aadityasingh/Documents/Development/element-x-ios/Chatlio/Sources/Other/Extensions/URL.swift /Users/aadityasingh/Documents/Development/element-x-ios/Chatlio/Sources/Other/Extensions/URLComponents.swift /Users/aadityasingh/Documents/Development/element-x-ios/Chatlio/Sources/Other/Extensions/URLSession.swift /Users/aadityasingh/Documents/Development/element-x-ios/Chatlio/Sources/Other/Extensions/UTType.swift /Users/aadityasingh/Documents/Development/element-x-ios/Chatlio/Sources/Services/Timeline/TimelineItems/Items/Other/UnsupportedRoomTimelineItem.swift /Users/aadityasingh/Documents/Development/element-x-ios/Chatlio/Sources/Screens/Timeline/View/TimelineItemViews/UnsupportedRoomTimelineView.swift /Users/aadityasingh/Documents/Development/element-x-ios/Chatlio/Sources/Other/UserAgentBuilder.swift /Users/aadityasingh/Documents/Development/element-x-ios/Chatlio/Sources/Screens/Settings/UserDetailsEditScreen/View/UserDetailsEditScreen.swift /Users/aadityasingh/Documents/Development/element-x-ios/Chatlio/Sources/Screens/Settings/UserDetailsEditScreen/UserDetailsEditScreenCoordinator.swift /Users/aadityasingh/Documents/Development/element-x-ios/Chatlio/Sources/Screens/Settings/UserDetailsEditScreen/UserDetailsEditScreenModels.swift /Users/aadityasingh/Documents/Development/element-x-ios/Chatlio/Sources/Screens/Settings/UserDetailsEditScreen/UserDetailsEditScreenViewModel.swift /Users/aadityasingh/Documents/Development/element-x-ios/Chatlio/Sources/Screens/Settings/UserDetailsEditScreen/UserDetailsEditScreenViewModelProtocol.swift /Users/aadityasingh/Documents/Development/element-x-ios/Chatlio/Sources/Services/Users/UserDiscoverySection.swift /Users/aadityasingh/Documents/Development/element-x-ios/Chatlio/Sources/Services/Users/UserDiscoveryService.swift /Users/aadityasingh/Documents/Development/element-x-ios/Chatlio/Sources/Services/Users/UserDiscoveryServiceProtocol.swift /Users/aadityasingh/Documents/Development/element-x-ios/Chatlio/Sources/Services/Users/UserIdentityProxy.swift /Users/aadityasingh/Documents/Development/element-x-ios/Chatlio/Sources/Services/Users/UserIdentityProxyProtocol.swift /Users/aadityasingh/Documents/Development/element-x-ios/Chatlio/Sources/Other/UserIndicator/UserIndicator.swift /Users/aadityasingh/Documents/Development/element-x-ios/Chatlio/Sources/Other/UserIndicator/UserIndicatorController.swift (in target 'Chatlio' from project 'Chatlio')
SwiftCompile normal arm64 /Users/aadityasingh/Documents/Development/element-x-ios/Chatlio/Sources/Screens/Timeline/View/TypingIndicatorView.swift (in target 'Chatlio' from project 'Chatlio')
    cd /Users/aadityasingh/Documents/Development/element-x-ios
    

SwiftCompile normal arm64 /Users/aadityasingh/Documents/Development/element-x-ios/Chatlio/Sources/Screens/Authentication/UIConstants.swift (in target 'Chatlio' from project 'Chatlio')
    cd /Users/aadityasingh/Documents/Development/element-x-ios
    

SwiftCompile normal arm64 /Users/aadityasingh/Documents/Development/element-x-ios/Chatlio/Sources/Other/Extensions/UIDevice.swift (in target 'Chatlio' from project 'Chatlio')
    cd /Users/aadityasingh/Documents/Development/element-x-ios
    

SwiftCompile normal arm64 /Users/aadityasingh/Documents/Development/element-x-ios/Chatlio/Sources/Other/Extensions/UIView.swift (in target 'Chatlio' from project 'Chatlio')
    cd /Users/aadityasingh/Documents/Development/element-x-ios
    

SwiftCompile normal arm64 /Users/aadityasingh/Documents/Development/element-x-ios/Chatlio/Sources/Other/Extensions/UNNotificationContent.swift (in target 'Chatlio' from project 'Chatlio')
    cd /Users/aadityasingh/Documents/Development/element-x-ios
    

SwiftCompile normal arm64 /Users/aadityasingh/Documents/Development/element-x-ios/Chatlio/Sources/Other/Extensions/URL.swift (in target 'Chatlio' from project 'Chatlio')
    cd /Users/aadityasingh/Documents/Development/element-x-ios
    

SwiftCompile normal arm64 /Users/aadityasingh/Documents/Development/element-x-ios/Chatlio/Sources/Other/Extensions/URLComponents.swift (in target 'Chatlio' from project 'Chatlio')
    cd /Users/aadityasingh/Documents/Development/element-x-ios
    

SwiftCompile normal arm64 /Users/aadityasingh/Documents/Development/element-x-ios/Chatlio/Sources/Other/Extensions/URLSession.swift (in target 'Chatlio' from project 'Chatlio')
    cd /Users/aadityasingh/Documents/Development/element-x-ios
    

SwiftCompile normal arm64 /Users/aadityasingh/Documents/Development/element-x-ios/Chatlio/Sources/Other/Extensions/UTType.swift (in target 'Chatlio' from project 'Chatlio')
    cd /Users/aadityasingh/Documents/Development/element-x-ios
    

SwiftCompile normal arm64 /Users/aadityasingh/Documents/Development/element-x-ios/Chatlio/Sources/Services/Timeline/TimelineItems/Items/Other/UnsupportedRoomTimelineItem.swift (in target 'Chatlio' from project 'Chatlio')
    cd /Users/aadityasingh/Documents/Development/element-x-ios
    

SwiftCompile normal arm64 /Users/aadityasingh/Documents/Development/element-x-ios/Chatlio/Sources/Screens/Timeline/View/TimelineItemViews/UnsupportedRoomTimelineView.swift (in target 'Chatlio' from project 'Chatlio')
    cd /Users/aadityasingh/Documents/Development/element-x-ios
    

SwiftCompile normal arm64 /Users/aadityasingh/Documents/Development/element-x-ios/Chatlio/Sources/Other/UserAgentBuilder.swift (in target 'Chatlio' from project 'Chatlio')
    cd /Users/aadityasingh/Documents/Development/element-x-ios
    

SwiftCompile normal arm64 /Users/aadityasingh/Documents/Development/element-x-ios/Chatlio/Sources/Screens/Settings/UserDetailsEditScreen/View/UserDetailsEditScreen.swift (in target 'Chatlio' from project 'Chatlio')
    cd /Users/aadityasingh/Documents/Development/element-x-ios
    

SwiftCompile normal arm64 /Users/aadityasingh/Documents/Development/element-x-ios/Chatlio/Sources/Screens/Settings/UserDetailsEditScreen/UserDetailsEditScreenCoordinator.swift (in target 'Chatlio' from project 'Chatlio')
    cd /Users/aadityasingh/Documents/Development/element-x-ios
    

SwiftCompile normal arm64 /Users/aadityasingh/Documents/Development/element-x-ios/Chatlio/Sources/Screens/Settings/UserDetailsEditScreen/UserDetailsEditScreenModels.swift (in target 'Chatlio' from project 'Chatlio')
    cd /Users/aadityasingh/Documents/Development/element-x-ios
    

SwiftCompile normal arm64 /Users/aadityasingh/Documents/Development/element-x-ios/Chatlio/Sources/Screens/Settings/UserDetailsEditScreen/UserDetailsEditScreenViewModel.swift (in target 'Chatlio' from project 'Chatlio')
    cd /Users/aadityasingh/Documents/Development/element-x-ios
    

SwiftCompile normal arm64 /Users/aadityasingh/Documents/Development/element-x-ios/Chatlio/Sources/Screens/Settings/UserDetailsEditScreen/UserDetailsEditScreenViewModelProtocol.swift (in target 'Chatlio' from project 'Chatlio')
    cd /Users/aadityasingh/Documents/Development/element-x-ios
    

SwiftCompile normal arm64 /Users/aadityasingh/Documents/Development/element-x-ios/Chatlio/Sources/Services/Users/UserDiscoverySection.swift (in target 'Chatlio' from project 'Chatlio')
    cd /Users/aadityasingh/Documents/Development/element-x-ios
    

SwiftCompile normal arm64 /Users/aadityasingh/Documents/Development/element-x-ios/Chatlio/Sources/Services/Users/UserDiscoveryService.swift (in target 'Chatlio' from project 'Chatlio')
    cd /Users/aadityasingh/Documents/Development/element-x-ios
    

SwiftCompile normal arm64 /Users/aadityasingh/Documents/Development/element-x-ios/Chatlio/Sources/Services/Users/UserDiscoveryServiceProtocol.swift (in target 'Chatlio' from project 'Chatlio')
    cd /Users/aadityasingh/Documents/Development/element-x-ios
    

SwiftCompile normal arm64 /Users/aadityasingh/Documents/Development/element-x-ios/Chatlio/Sources/Services/Users/UserIdentityProxy.swift (in target 'Chatlio' from project 'Chatlio')
    cd /Users/aadityasingh/Documents/Development/element-x-ios
    

SwiftCompile normal arm64 /Users/aadityasingh/Documents/Development/element-x-ios/Chatlio/Sources/Services/Users/UserIdentityProxyProtocol.swift (in target 'Chatlio' from project 'Chatlio')
    cd /Users/aadityasingh/Documents/Development/element-x-ios
    

SwiftCompile normal arm64 /Users/aadityasingh/Documents/Development/element-x-ios/Chatlio/Sources/Other/UserIndicator/UserIndicator.swift (in target 'Chatlio' from project 'Chatlio')
    cd /Users/aadityasingh/Documents/Development/element-x-ios
    

SwiftCompile normal arm64 /Users/aadityasingh/Documents/Development/element-x-ios/Chatlio/Sources/Other/UserIndicator/UserIndicatorController.swift (in target 'Chatlio' from project 'Chatlio')
    cd /Users/aadityasingh/Documents/Development/element-x-ios
    

SwiftCompile normal arm64 Compiling\ UserIndicatorControllerProtocol.swift,\ UserIndicatorModalView.swift,\ UserIndicatorPresenter.swift,\ UserIndicatorToastView.swift,\ UserNotificationCenterProtocol.swift,\ UserPreference.swift,\ UserProfileListRow.swift,\ UserProfileProxy.swift,\ UserProfileScreen.swift,\ UserProfileScreenCoordinator.swift,\ UserProfileScreenModels.swift,\ UserProfileScreenViewModel.swift,\ UserProfileScreenViewModelProtocol.swift,\ UserPropertiesExt.swift,\ UserSession.swift,\ UserSessionFlowCoordinator.swift,\ UserSessionProtocol.swift,\ UserSessionStore.swift,\ UserSessionStoreProtocol.swift,\ VerificationBadge.swift,\ VideoMediaEventsTimelineView.swift,\ VideoRoomTimelineItem.swift,\ VideoRoomTimelineItemContent.swift,\ VideoRoomTimelineView.swift /Users/aadityasingh/Documents/Development/element-x-ios/Chatlio/Sources/Other/UserIndicator/UserIndicatorControllerProtocol.swift /Users/aadityasingh/Documents/Development/element-x-ios/Chatlio/Sources/Other/UserIndicator/UserIndicatorModalView.swift /Users/aadityasingh/Documents/Development/element-x-ios/Chatlio/Sources/Other/UserIndicator/UserIndicatorPresenter.swift /Users/aadityasingh/Documents/Development/element-x-ios/Chatlio/Sources/Other/UserIndicator/UserIndicatorToastView.swift /Users/aadityasingh/Documents/Development/element-x-ios/Chatlio/Sources/Services/Notification/Manager/UserNotificationCenterProtocol.swift /Users/aadityasingh/Documents/Development/element-x-ios/Chatlio/Sources/Application/Settings/UserPreference.swift /Users/aadityasingh/Documents/Development/element-x-ios/Chatlio/Sources/Other/SwiftUI/Views/UserProfileListRow.swift /Users/aadityasingh/Documents/Development/element-x-ios/Chatlio/Sources/Services/Users/UserProfileProxy.swift /Users/aadityasingh/Documents/Development/element-x-ios/Chatlio/Sources/Screens/UserProfileScreen/View/UserProfileScreen.swift /Users/aadityasingh/Documents/Development/element-x-ios/Chatlio/Sources/Screens/UserProfileScreen/UserProfileScreenCoordinator.swift /Users/aadityasingh/Documents/Development/element-x-ios/Chatlio/Sources/Screens/UserProfileScreen/UserProfileScreenModels.swift /Users/aadityasingh/Documents/Development/element-x-ios/Chatlio/Sources/Screens/UserProfileScreen/UserProfileScreenViewModel.swift /Users/aadityasingh/Documents/Development/element-x-ios/Chatlio/Sources/Screens/UserProfileScreen/UserProfileScreenViewModelProtocol.swift /Users/aadityasingh/Documents/Development/element-x-ios/Chatlio/Sources/Services/Analytics/UserPropertiesExt.swift /Users/aadityasingh/Documents/Development/element-x-ios/Chatlio/Sources/Services/Session/UserSession.swift /Users/aadityasingh/Documents/Development/element-x-ios/Chatlio/Sources/FlowCoordinators/UserSessionFlowCoordinator.swift /Users/aadityasingh/Documents/Development/element-x-ios/Chatlio/Sources/Services/Session/UserSessionProtocol.swift /Users/aadityasingh/Documents/Development/element-x-ios/Chatlio/Sources/Services/UserSession/UserSessionStore.swift /Users/aadityasingh/Documents/Development/element-x-ios/Chatlio/Sources/Services/UserSession/UserSessionStoreProtocol.swift /Users/aadityasingh/Documents/Development/element-x-ios/Chatlio/Sources/Other/SwiftUI/VerificationBadge.swift /Users/aadityasingh/Documents/Development/element-x-ios/Chatlio/Sources/Screens/MediaEventsTimelineScreen/View/TimelineViews/VideoMediaEventsTimelineView.swift /Users/aadityasingh/Documents/Development/element-x-ios/Chatlio/Sources/Services/Timeline/TimelineItems/Items/Messages/VideoRoomTimelineItem.swift /Users/aadityasingh/Documents/Development/element-x-ios/Chatlio/Sources/Services/Timeline/TimelineItems/Items/Messages/VideoRoomTimelineItemContent.swift /Users/aadityasingh/Documents/Development/element-x-ios/Chatlio/Sources/Screens/Timeline/View/TimelineItemViews/VideoRoomTimelineView.swift (in target 'Chatlio' from project 'Chatlio')

SwiftCompile normal arm64 /Users/aadityasingh/Documents/Development/element-x-ios/Chatlio/Sources/Other/UserIndicator/UserIndicatorControllerProtocol.swift (in target 'Chatlio' from project 'Chatlio')
    cd /Users/aadityasingh/Documents/Development/element-x-ios
    

SwiftCompile normal arm64 /Users/aadityasingh/Documents/Development/element-x-ios/Chatlio/Sources/Other/UserIndicator/UserIndicatorModalView.swift (in target 'Chatlio' from project 'Chatlio')
    cd /Users/aadityasingh/Documents/Development/element-x-ios
    

SwiftCompile normal arm64 /Users/aadityasingh/Documents/Development/element-x-ios/Chatlio/Sources/Other/UserIndicator/UserIndicatorPresenter.swift (in target 'Chatlio' from project 'Chatlio')
    cd /Users/aadityasingh/Documents/Development/element-x-ios
    

SwiftCompile normal arm64 /Users/aadityasingh/Documents/Development/element-x-ios/Chatlio/Sources/Other/UserIndicator/UserIndicatorToastView.swift (in target 'Chatlio' from project 'Chatlio')
    cd /Users/aadityasingh/Documents/Development/element-x-ios
    

SwiftCompile normal arm64 /Users/aadityasingh/Documents/Development/element-x-ios/Chatlio/Sources/Services/Notification/Manager/UserNotificationCenterProtocol.swift (in target 'Chatlio' from project 'Chatlio')
    cd /Users/aadityasingh/Documents/Development/element-x-ios
    

SwiftCompile normal arm64 /Users/aadityasingh/Documents/Development/element-x-ios/Chatlio/Sources/Application/Settings/UserPreference.swift (in target 'Chatlio' from project 'Chatlio')
    cd /Users/aadityasingh/Documents/Development/element-x-ios
    

SwiftCompile normal arm64 /Users/aadityasingh/Documents/Development/element-x-ios/Chatlio/Sources/Other/SwiftUI/Views/UserProfileListRow.swift (in target 'Chatlio' from project 'Chatlio')
    cd /Users/aadityasingh/Documents/Development/element-x-ios
    

SwiftCompile normal arm64 /Users/aadityasingh/Documents/Development/element-x-ios/Chatlio/Sources/Services/Users/UserProfileProxy.swift (in target 'Chatlio' from project 'Chatlio')
    cd /Users/aadityasingh/Documents/Development/element-x-ios
    

SwiftCompile normal arm64 /Users/aadityasingh/Documents/Development/element-x-ios/Chatlio/Sources/Screens/UserProfileScreen/View/UserProfileScreen.swift (in target 'Chatlio' from project 'Chatlio')
    cd /Users/aadityasingh/Documents/Development/element-x-ios
    

SwiftCompile normal arm64 /Users/aadityasingh/Documents/Development/element-x-ios/Chatlio/Sources/Screens/UserProfileScreen/UserProfileScreenCoordinator.swift (in target 'Chatlio' from project 'Chatlio')
    cd /Users/aadityasingh/Documents/Development/element-x-ios
    

SwiftCompile normal arm64 /Users/aadityasingh/Documents/Development/element-x-ios/Chatlio/Sources/Screens/UserProfileScreen/UserProfileScreenModels.swift (in target 'Chatlio' from project 'Chatlio')
    cd /Users/aadityasingh/Documents/Development/element-x-ios
    

SwiftCompile normal arm64 /Users/aadityasingh/Documents/Development/element-x-ios/Chatlio/Sources/Screens/UserProfileScreen/UserProfileScreenViewModel.swift (in target 'Chatlio' from project 'Chatlio')
    cd /Users/aadityasingh/Documents/Development/element-x-ios
    

SwiftCompile normal arm64 /Users/aadityasingh/Documents/Development/element-x-ios/Chatlio/Sources/Screens/UserProfileScreen/UserProfileScreenViewModelProtocol.swift (in target 'Chatlio' from project 'Chatlio')
    cd /Users/aadityasingh/Documents/Development/element-x-ios
    

SwiftCompile normal arm64 /Users/aadityasingh/Documents/Development/element-x-ios/Chatlio/Sources/Services/Analytics/UserPropertiesExt.swift (in target 'Chatlio' from project 'Chatlio')
    cd /Users/aadityasingh/Documents/Development/element-x-ios
    

SwiftCompile normal arm64 /Users/aadityasingh/Documents/Development/element-x-ios/Chatlio/Sources/Services/Session/UserSession.swift (in target 'Chatlio' from project 'Chatlio')
    cd /Users/aadityasingh/Documents/Development/element-x-ios
    

SwiftCompile normal arm64 /Users/aadityasingh/Documents/Development/element-x-ios/Chatlio/Sources/FlowCoordinators/UserSessionFlowCoordinator.swift (in target 'Chatlio' from project 'Chatlio')
    cd /Users/aadityasingh/Documents/Development/element-x-ios
    

SwiftCompile normal arm64 /Users/aadityasingh/Documents/Development/element-x-ios/Chatlio/Sources/Services/Session/UserSessionProtocol.swift (in target 'Chatlio' from project 'Chatlio')
    cd /Users/aadityasingh/Documents/Development/element-x-ios
    

SwiftCompile normal arm64 /Users/aadityasingh/Documents/Development/element-x-ios/Chatlio/Sources/Services/UserSession/UserSessionStore.swift (in target 'Chatlio' from project 'Chatlio')
    cd /Users/aadityasingh/Documents/Development/element-x-ios
    

SwiftCompile normal arm64 /Users/aadityasingh/Documents/Development/element-x-ios/Chatlio/Sources/Services/UserSession/UserSessionStoreProtocol.swift (in target 'Chatlio' from project 'Chatlio')
    cd /Users/aadityasingh/Documents/Development/element-x-ios
    

SwiftCompile normal arm64 /Users/aadityasingh/Documents/Development/element-x-ios/Chatlio/Sources/Other/SwiftUI/VerificationBadge.swift (in target 'Chatlio' from project 'Chatlio')
    cd /Users/aadityasingh/Documents/Development/element-x-ios
    

SwiftCompile normal arm64 /Users/aadityasingh/Documents/Development/element-x-ios/Chatlio/Sources/Screens/MediaEventsTimelineScreen/View/TimelineViews/VideoMediaEventsTimelineView.swift (in target 'Chatlio' from project 'Chatlio')
    cd /Users/aadityasingh/Documents/Development/element-x-ios
    

SwiftCompile normal arm64 /Users/aadityasingh/Documents/Development/element-x-ios/Chatlio/Sources/Services/Timeline/TimelineItems/Items/Messages/VideoRoomTimelineItem.swift (in target 'Chatlio' from project 'Chatlio')
    cd /Users/aadityasingh/Documents/Development/element-x-ios
    

SwiftCompile normal arm64 /Users/aadityasingh/Documents/Development/element-x-ios/Chatlio/Sources/Services/Timeline/TimelineItems/Items/Messages/VideoRoomTimelineItemContent.swift (in target 'Chatlio' from project 'Chatlio')
    cd /Users/aadityasingh/Documents/Development/element-x-ios
    

SwiftCompile normal arm64 /Users/aadityasingh/Documents/Development/element-x-ios/Chatlio/Sources/Screens/Timeline/View/TimelineItemViews/VideoRoomTimelineView.swift (in target 'Chatlio' from project 'Chatlio')
    cd /Users/aadityasingh/Documents/Development/element-x-ios
    

SwiftCompile normal arm64 Compiling\ ViewFrameReader.swift,\ VisualListItem.swift,\ VoiceMessageButton.swift,\ VoiceMessageCache.swift,\ VoiceMessageCacheProtocol.swift,\ VoiceMessageMediaEventsTimelineView.swift,\ VoiceMessageMediaManager.swift,\ VoiceMessageMediaManagerProtocol.swift,\ VoiceMessagePreviewComposer.swift,\ VoiceMessageRecorder.swift,\ VoiceMessageRecorderProtocol.swift,\ VoiceMessageRecordingButton.swift,\ VoiceMessageRecordingComposer.swift,\ VoiceMessageRecordingView.swift,\ VoiceMessageRoomPlaybackView.swift,\ VoiceMessageRoomTimelineItem.swift,\ VoiceMessageRoomTimelineView.swift,\ VoiceMessageTrashButton.swift,\ WaveformCursorView.swift,\ WaveformInteractionModifier.swift,\ WaveformSource.swift,\ WindowManager.swift,\ WindowManagerProtocol.swift,\ GeneratedAssetSymbols.swift /Users/aadityasingh/Documents/Development/element-x-ios/Chatlio/Sources/Other/SwiftUI/Layout/ViewFrameReader.swift /Users/aadityasingh/Documents/Development/element-x-ios/Chatlio/Sources/Other/SwiftUI/Views/VisualListItem.swift /Users/aadityasingh/Documents/Development/element-x-ios/Chatlio/Sources/Other/VoiceMessage/VoiceMessageButton.swift /Users/aadityasingh/Documents/Development/element-x-ios/Chatlio/Sources/Services/VoiceMessage/VoiceMessageCache.swift /Users/aadityasingh/Documents/Development/element-x-ios/Chatlio/Sources/Services/VoiceMessage/VoiceMessageCacheProtocol.swift /Users/aadityasingh/Documents/Development/element-x-ios/Chatlio/Sources/Screens/MediaEventsTimelineScreen/View/TimelineViews/VoiceMessageMediaEventsTimelineView.swift /Users/aadityasingh/Documents/Development/element-x-ios/Chatlio/Sources/Services/VoiceMessage/VoiceMessageMediaManager.swift /Users/aadityasingh/Documents/Development/element-x-ios/Chatlio/Sources/Services/VoiceMessage/VoiceMessageMediaManagerProtocol.swift /Users/aadityasingh/Documents/Development/element-x-ios/Chatlio/Sources/Screens/RoomScreen/ComposerToolbar/View/VoiceMessagePreviewComposer.swift /Users/aadityasingh/Documents/Development/element-x-ios/Chatlio/Sources/Services/VoiceMessage/VoiceMessageRecorder.swift /Users/aadityasingh/Documents/Development/element-x-ios/Chatlio/Sources/Services/VoiceMessage/VoiceMessageRecorderProtocol.swift /Users/aadityasingh/Documents/Development/element-x-ios/Chatlio/Sources/Screens/RoomScreen/ComposerToolbar/View/VoiceMessageRecordingButton.swift /Users/aadityasingh/Documents/Development/element-x-ios/Chatlio/Sources/Screens/RoomScreen/ComposerToolbar/View/VoiceMessageRecordingComposer.swift /Users/aadityasingh/Documents/Development/element-x-ios/Chatlio/Sources/Screens/RoomScreen/ComposerToolbar/View/VoiceMessageRecordingView.swift /Users/aadityasingh/Documents/Development/element-x-ios/Chatlio/Sources/Screens/Timeline/View/VoiceMessageRoomPlaybackView.swift /Users/aadityasingh/Documents/Development/element-x-ios/Chatlio/Sources/Services/Timeline/TimelineItems/Items/Messages/VoiceMessageRoomTimelineItem.swift /Users/aadityasingh/Documents/Development/element-x-ios/Chatlio/Sources/Screens/Timeline/View/TimelineItemViews/VoiceMessageRoomTimelineView.swift /Users/aadityasingh/Documents/Development/element-x-ios/Chatlio/Sources/Screens/RoomScreen/ComposerToolbar/View/VoiceMessageTrashButton.swift /Users/aadityasingh/Documents/Development/element-x-ios/Chatlio/Sources/Other/VoiceMessage/WaveformCursorView.swift /Users/aadityasingh/Documents/Development/element-x-ios/Chatlio/Sources/Other/VoiceMessage/WaveformInteractionModifier.swift /Users/aadityasingh/Documents/Development/element-x-ios/Chatlio/Sources/Other/VoiceMessage/WaveformSource.swift /Users/aadityasingh/Documents/Development/element-x-ios/Chatlio/Sources/Application/Windowing/WindowManager.swift /Users/aadityasingh/Documents/Development/element-x-ios/Chatlio/Sources/Application/Windowing/WindowManagerProtocol.swift /Users/aadityasingh/Library/Developer/Xcode/DerivedData/Chatlio-erkyzdeecsohoaggpwbjdvavzqfv/Build/Intermediates.noindex/Chatlio.build/Debug-iphonesimulator/Chatlio.build/DerivedSources/GeneratedAssetSymbols.swift (in target 'Chatlio' from project 'Chatlio')

SwiftCompile normal arm64 /Users/aadityasingh/Documents/Development/element-x-ios/Chatlio/Sources/Other/SwiftUI/Layout/ViewFrameReader.swift (in target 'Chatlio' from project 'Chatlio')
    cd /Users/aadityasingh/Documents/Development/element-x-ios
    

SwiftCompile normal arm64 /Users/aadityasingh/Documents/Development/element-x-ios/Chatlio/Sources/Other/SwiftUI/Views/VisualListItem.swift (in target 'Chatlio' from project 'Chatlio')
    cd /Users/aadityasingh/Documents/Development/element-x-ios
    

SwiftCompile normal arm64 /Users/aadityasingh/Documents/Development/element-x-ios/Chatlio/Sources/Other/VoiceMessage/VoiceMessageButton.swift (in target 'Chatlio' from project 'Chatlio')
    cd /Users/aadityasingh/Documents/Development/element-x-ios
    

SwiftCompile normal arm64 /Users/aadityasingh/Documents/Development/element-x-ios/Chatlio/Sources/Services/VoiceMessage/VoiceMessageCache.swift (in target 'Chatlio' from project 'Chatlio')
    cd /Users/aadityasingh/Documents/Development/element-x-ios
    

SwiftCompile normal arm64 /Users/aadityasingh/Documents/Development/element-x-ios/Chatlio/Sources/Services/VoiceMessage/VoiceMessageCacheProtocol.swift (in target 'Chatlio' from project 'Chatlio')
    cd /Users/aadityasingh/Documents/Development/element-x-ios
    

SwiftCompile normal arm64 /Users/aadityasingh/Documents/Development/element-x-ios/Chatlio/Sources/Screens/MediaEventsTimelineScreen/View/TimelineViews/VoiceMessageMediaEventsTimelineView.swift (in target 'Chatlio' from project 'Chatlio')
    cd /Users/aadityasingh/Documents/Development/element-x-ios
    

SwiftCompile normal arm64 /Users/aadityasingh/Documents/Development/element-x-ios/Chatlio/Sources/Services/VoiceMessage/VoiceMessageMediaManager.swift (in target 'Chatlio' from project 'Chatlio')
    cd /Users/aadityasingh/Documents/Development/element-x-ios
    

SwiftCompile normal arm64 /Users/aadityasingh/Documents/Development/element-x-ios/Chatlio/Sources/Services/VoiceMessage/VoiceMessageMediaManagerProtocol.swift (in target 'Chatlio' from project 'Chatlio')
    cd /Users/aadityasingh/Documents/Development/element-x-ios
    

SwiftCompile normal arm64 /Users/aadityasingh/Documents/Development/element-x-ios/Chatlio/Sources/Screens/RoomScreen/ComposerToolbar/View/VoiceMessagePreviewComposer.swift (in target 'Chatlio' from project 'Chatlio')
    cd /Users/aadityasingh/Documents/Development/element-x-ios
    

SwiftCompile normal arm64 /Users/aadityasingh/Documents/Development/element-x-ios/Chatlio/Sources/Services/VoiceMessage/VoiceMessageRecorder.swift (in target 'Chatlio' from project 'Chatlio')
    cd /Users/aadityasingh/Documents/Development/element-x-ios
    

SwiftCompile normal arm64 /Users/aadityasingh/Documents/Development/element-x-ios/Chatlio/Sources/Services/VoiceMessage/VoiceMessageRecorderProtocol.swift (in target 'Chatlio' from project 'Chatlio')
    cd /Users/aadityasingh/Documents/Development/element-x-ios
    

SwiftCompile normal arm64 /Users/aadityasingh/Documents/Development/element-x-ios/Chatlio/Sources/Screens/RoomScreen/ComposerToolbar/View/VoiceMessageRecordingButton.swift (in target 'Chatlio' from project 'Chatlio')
    cd /Users/aadityasingh/Documents/Development/element-x-ios
    

SwiftCompile normal arm64 /Users/aadityasingh/Documents/Development/element-x-ios/Chatlio/Sources/Screens/RoomScreen/ComposerToolbar/View/VoiceMessageRecordingComposer.swift (in target 'Chatlio' from project 'Chatlio')
    cd /Users/aadityasingh/Documents/Development/element-x-ios
    

SwiftCompile normal arm64 /Users/aadityasingh/Documents/Development/element-x-ios/Chatlio/Sources/Screens/RoomScreen/ComposerToolbar/View/VoiceMessageRecordingView.swift (in target 'Chatlio' from project 'Chatlio')
    cd /Users/aadityasingh/Documents/Development/element-x-ios
    

SwiftCompile normal arm64 /Users/aadityasingh/Documents/Development/element-x-ios/Chatlio/Sources/Screens/Timeline/View/VoiceMessageRoomPlaybackView.swift (in target 'Chatlio' from project 'Chatlio')
    cd /Users/aadityasingh/Documents/Development/element-x-ios
    

SwiftCompile normal arm64 /Users/aadityasingh/Documents/Development/element-x-ios/Chatlio/Sources/Services/Timeline/TimelineItems/Items/Messages/VoiceMessageRoomTimelineItem.swift (in target 'Chatlio' from project 'Chatlio')
    cd /Users/aadityasingh/Documents/Development/element-x-ios
    

SwiftCompile normal arm64 /Users/aadityasingh/Documents/Development/element-x-ios/Chatlio/Sources/Screens/Timeline/View/TimelineItemViews/VoiceMessageRoomTimelineView.swift (in target 'Chatlio' from project 'Chatlio')
    cd /Users/aadityasingh/Documents/Development/element-x-ios
    

SwiftCompile normal arm64 /Users/aadityasingh/Documents/Development/element-x-ios/Chatlio/Sources/Screens/RoomScreen/ComposerToolbar/View/VoiceMessageTrashButton.swift (in target 'Chatlio' from project 'Chatlio')
    cd /Users/aadityasingh/Documents/Development/element-x-ios
    

SwiftCompile normal arm64 /Users/aadityasingh/Documents/Development/element-x-ios/Chatlio/Sources/Other/VoiceMessage/WaveformCursorView.swift (in target 'Chatlio' from project 'Chatlio')
    cd /Users/aadityasingh/Documents/Development/element-x-ios
    

SwiftCompile normal arm64 /Users/aadityasingh/Documents/Development/element-x-ios/Chatlio/Sources/Other/VoiceMessage/WaveformInteractionModifier.swift (in target 'Chatlio' from project 'Chatlio')
    cd /Users/aadityasingh/Documents/Development/element-x-ios
    

SwiftCompile normal arm64 /Users/aadityasingh/Documents/Development/element-x-ios/Chatlio/Sources/Other/VoiceMessage/WaveformSource.swift (in target 'Chatlio' from project 'Chatlio')
    cd /Users/aadityasingh/Documents/Development/element-x-ios
    

SwiftCompile normal arm64 /Users/aadityasingh/Documents/Development/element-x-ios/Chatlio/Sources/Application/Windowing/WindowManager.swift (in target 'Chatlio' from project 'Chatlio')
    cd /Users/aadityasingh/Documents/Development/element-x-ios
    

SwiftCompile normal arm64 /Users/aadityasingh/Documents/Development/element-x-ios/Chatlio/Sources/Application/Windowing/WindowManagerProtocol.swift (in target 'Chatlio' from project 'Chatlio')
    cd /Users/aadityasingh/Documents/Development/element-x-ios
    

SwiftCompile normal arm64 /Users/aadityasingh/Library/Developer/Xcode/DerivedData/Chatlio-erkyzdeecsohoaggpwbjdvavzqfv/Build/Intermediates.noindex/Chatlio.build/Debug-iphonesimulator/Chatlio.build/DerivedSources/GeneratedAssetSymbols.swift (in target 'Chatlio' from project 'Chatlio')
    cd /Users/aadityasingh/Documents/Development/element-x-ios
    

SwiftCompile normal arm64 Compiling\ TemplateScreenViewModelProtocol.swift,\ TestablePreview.swift,\ TestablePreviewsDictionary.swift,\ TextBasedRoomTimelineItem.swift,\ TextBasedRoomTimelineViewProtocol.swift,\ TextRoomTimelineItem.swift,\ TextRoomTimelineItemContent.swift,\ TextRoomTimelineView.swift,\ ThreadDecorator.swift,\ ThreadTimelineScreen.swift,\ ThreadTimelineScreenCoordinator.swift,\ ThreadTimelineScreenModels.swift,\ ThreadTimelineScreenViewModel.swift,\ ThreadTimelineScreenViewModelProtocol.swift,\ TimelineBubbleLayout.swift,\ TimelineController.swift,\ TimelineControllerFactory.swift,\ TimelineControllerFactoryProtocol.swift,\ TimelineControllerProtocol.swift,\ TimelineDeliveryStatusView.swift,\ TimelineEventContent.swift,\ TimelineInteractionHandler.swift,\ TimelineItemAccessibilityModifier.swift,\ TimelineItemBubbleBackground.swift /Users/aadityasingh/Documents/Development/element-x-ios/Tools/Scripts/Templates/SimpleScreenExample/ElementX/TemplateScreenViewModelProtocol.swift /Users/aadityasingh/Documents/Development/element-x-ios/Chatlio/Sources/Other/TestablePreview/TestablePreview.swift /Users/aadityasingh/Documents/Development/element-x-ios/Chatlio/Sources/Other/TestablePreview/TestablePreviewsDictionary.swift /Users/aadityasingh/Documents/Development/element-x-ios/Chatlio/Sources/Services/Timeline/TimelineItems/TextBasedRoomTimelineItem.swift /Users/aadityasingh/Documents/Development/element-x-ios/Chatlio/Sources/Screens/Timeline/View/TimelineItemViews/TextBasedRoomTimelineViewProtocol.swift /Users/aadityasingh/Documents/Development/element-x-ios/Chatlio/Sources/Services/Timeline/TimelineItems/Items/Messages/TextRoomTimelineItem.swift /Users/aadityasingh/Documents/Development/element-x-ios/Chatlio/Sources/Services/Timeline/TimelineItems/Items/Messages/TextRoomTimelineItemContent.swift /Users/aadityasingh/Documents/Development/element-x-ios/Chatlio/Sources/Screens/Timeline/View/TimelineItemViews/TextRoomTimelineView.swift /Users/aadityasingh/Documents/Development/element-x-ios/Chatlio/Sources/Screens/Timeline/View/Style/ThreadDecorator.swift /Users/aadityasingh/Documents/Development/element-x-ios/Chatlio/Sources/Screens/ThreadTimelineScreen/View/ThreadTimelineScreen.swift /Users/aadityasingh/Documents/Development/element-x-ios/Chatlio/Sources/Screens/ThreadTimelineScreen/ThreadTimelineScreenCoordinator.swift /Users/aadityasingh/Documents/Development/element-x-ios/Chatlio/Sources/Screens/ThreadTimelineScreen/ThreadTimelineScreenModels.swift /Users/aadityasingh/Documents/Development/element-x-ios/Chatlio/Sources/Screens/ThreadTimelineScreen/ThreadTimelineScreenViewModel.swift /Users/aadityasingh/Documents/Development/element-x-ios/Chatlio/Sources/Screens/ThreadTimelineScreen/ThreadTimelineScreenViewModelProtocol.swift /Users/aadityasingh/Documents/Development/element-x-ios/Chatlio/Sources/Screens/Timeline/View/Style/TimelineBubbleLayout.swift /Users/aadityasingh/Documents/Development/element-x-ios/Chatlio/Sources/Services/Timeline/TimelineController/TimelineController.swift /Users/aadityasingh/Documents/Development/element-x-ios/Chatlio/Sources/Services/Timeline/TimelineController/TimelineControllerFactory.swift /Users/aadityasingh/Documents/Development/element-x-ios/Chatlio/Sources/Services/Timeline/TimelineController/TimelineControllerFactoryProtocol.swift /Users/aadityasingh/Documents/Development/element-x-ios/Chatlio/Sources/Services/Timeline/TimelineController/TimelineControllerProtocol.swift /Users/aadityasingh/Documents/Development/element-x-ios/Chatlio/Sources/Screens/Timeline/View/Supplementary/TimelineDeliveryStatusView.swift /Users/aadityasingh/Documents/Development/element-x-ios/Chatlio/Sources/Services/Timeline/TimelineItemContent/TimelineEventContent.swift /Users/aadityasingh/Documents/Development/element-x-ios/Chatlio/Sources/Screens/Timeline/TimelineInteractionHandler.swift /Users/aadityasingh/Documents/Development/element-x-ios/Chatlio/Sources/Screens/Timeline/View/Style/TimelineItemAccessibilityModifier.swift /Users/aadityasingh/Documents/Development/element-x-ios/Chatlio/Sources/Screens/Timeline/View/Style/TimelineItemBubbleBackground.swift (in target 'Chatlio' from project 'Chatlio')

SwiftCompile normal arm64 /Users/aadityasingh/Documents/Development/element-x-ios/Tools/Scripts/Templates/SimpleScreenExample/ElementX/TemplateScreenViewModelProtocol.swift (in target 'Chatlio' from project 'Chatlio')
    cd /Users/aadityasingh/Documents/Development/element-x-ios
    

SwiftCompile normal arm64 /Users/aadityasingh/Documents/Development/element-x-ios/Chatlio/Sources/Other/TestablePreview/TestablePreview.swift (in target 'Chatlio' from project 'Chatlio')
    cd /Users/aadityasingh/Documents/Development/element-x-ios
    

SwiftCompile normal arm64 /Users/aadityasingh/Documents/Development/element-x-ios/Chatlio/Sources/Other/TestablePreview/TestablePreviewsDictionary.swift (in target 'Chatlio' from project 'Chatlio')
    cd /Users/aadityasingh/Documents/Development/element-x-ios
    

SwiftCompile normal arm64 /Users/aadityasingh/Documents/Development/element-x-ios/Chatlio/Sources/Services/Timeline/TimelineItems/TextBasedRoomTimelineItem.swift (in target 'Chatlio' from project 'Chatlio')
    cd /Users/aadityasingh/Documents/Development/element-x-ios
    

SwiftCompile normal arm64 /Users/aadityasingh/Documents/Development/element-x-ios/Chatlio/Sources/Screens/Timeline/View/TimelineItemViews/TextBasedRoomTimelineViewProtocol.swift (in target 'Chatlio' from project 'Chatlio')
    cd /Users/aadityasingh/Documents/Development/element-x-ios
    

SwiftCompile normal arm64 /Users/aadityasingh/Documents/Development/element-x-ios/Chatlio/Sources/Services/Timeline/TimelineItems/Items/Messages/TextRoomTimelineItem.swift (in target 'Chatlio' from project 'Chatlio')
    cd /Users/aadityasingh/Documents/Development/element-x-ios
    

SwiftCompile normal arm64 /Users/aadityasingh/Documents/Development/element-x-ios/Chatlio/Sources/Services/Timeline/TimelineItems/Items/Messages/TextRoomTimelineItemContent.swift (in target 'Chatlio' from project 'Chatlio')
    cd /Users/aadityasingh/Documents/Development/element-x-ios
    

SwiftCompile normal arm64 /Users/aadityasingh/Documents/Development/element-x-ios/Chatlio/Sources/Screens/Timeline/View/TimelineItemViews/TextRoomTimelineView.swift (in target 'Chatlio' from project 'Chatlio')
    cd /Users/aadityasingh/Documents/Development/element-x-ios
    

SwiftCompile normal arm64 /Users/aadityasingh/Documents/Development/element-x-ios/Chatlio/Sources/Screens/Timeline/View/Style/ThreadDecorator.swift (in target 'Chatlio' from project 'Chatlio')
    cd /Users/aadityasingh/Documents/Development/element-x-ios
    

SwiftCompile normal arm64 /Users/aadityasingh/Documents/Development/element-x-ios/Chatlio/Sources/Screens/ThreadTimelineScreen/View/ThreadTimelineScreen.swift (in target 'Chatlio' from project 'Chatlio')
    cd /Users/aadityasingh/Documents/Development/element-x-ios
    

SwiftCompile normal arm64 /Users/aadityasingh/Documents/Development/element-x-ios/Chatlio/Sources/Screens/ThreadTimelineScreen/ThreadTimelineScreenCoordinator.swift (in target 'Chatlio' from project 'Chatlio')
    cd /Users/aadityasingh/Documents/Development/element-x-ios
    

SwiftCompile normal arm64 /Users/aadityasingh/Documents/Development/element-x-ios/Chatlio/Sources/Screens/ThreadTimelineScreen/ThreadTimelineScreenModels.swift (in target 'Chatlio' from project 'Chatlio')
    cd /Users/aadityasingh/Documents/Development/element-x-ios
    

SwiftCompile normal arm64 /Users/aadityasingh/Documents/Development/element-x-ios/Chatlio/Sources/Screens/ThreadTimelineScreen/ThreadTimelineScreenViewModel.swift (in target 'Chatlio' from project 'Chatlio')
    cd /Users/aadityasingh/Documents/Development/element-x-ios
    

SwiftCompile normal arm64 /Users/aadityasingh/Documents/Development/element-x-ios/Chatlio/Sources/Screens/ThreadTimelineScreen/ThreadTimelineScreenViewModelProtocol.swift (in target 'Chatlio' from project 'Chatlio')
    cd /Users/aadityasingh/Documents/Development/element-x-ios
    

SwiftCompile normal arm64 /Users/aadityasingh/Documents/Development/element-x-ios/Chatlio/Sources/Screens/Timeline/View/Style/TimelineBubbleLayout.swift (in target 'Chatlio' from project 'Chatlio')
    cd /Users/aadityasingh/Documents/Development/element-x-ios
    

SwiftCompile normal arm64 /Users/aadityasingh/Documents/Development/element-x-ios/Chatlio/Sources/Services/Timeline/TimelineController/TimelineController.swift (in target 'Chatlio' from project 'Chatlio')
    cd /Users/aadityasingh/Documents/Development/element-x-ios
    

SwiftCompile normal arm64 /Users/aadityasingh/Documents/Development/element-x-ios/Chatlio/Sources/Services/Timeline/TimelineController/TimelineControllerFactory.swift (in target 'Chatlio' from project 'Chatlio')
    cd /Users/aadityasingh/Documents/Development/element-x-ios
    

SwiftCompile normal arm64 /Users/aadityasingh/Documents/Development/element-x-ios/Chatlio/Sources/Services/Timeline/TimelineController/TimelineControllerFactoryProtocol.swift (in target 'Chatlio' from project 'Chatlio')
    cd /Users/aadityasingh/Documents/Development/element-x-ios
    

SwiftCompile normal arm64 /Users/aadityasingh/Documents/Development/element-x-ios/Chatlio/Sources/Services/Timeline/TimelineController/TimelineControllerProtocol.swift (in target 'Chatlio' from project 'Chatlio')
    cd /Users/aadityasingh/Documents/Development/element-x-ios
    

SwiftCompile normal arm64 /Users/aadityasingh/Documents/Development/element-x-ios/Chatlio/Sources/Screens/Timeline/View/Supplementary/TimelineDeliveryStatusView.swift (in target 'Chatlio' from project 'Chatlio')
    cd /Users/aadityasingh/Documents/Development/element-x-ios
    

SwiftCompile normal arm64 /Users/aadityasingh/Documents/Development/element-x-ios/Chatlio/Sources/Services/Timeline/TimelineItemContent/TimelineEventContent.swift (in target 'Chatlio' from project 'Chatlio')
    cd /Users/aadityasingh/Documents/Development/element-x-ios
    

SwiftCompile normal arm64 /Users/aadityasingh/Documents/Development/element-x-ios/Chatlio/Sources/Screens/Timeline/TimelineInteractionHandler.swift (in target 'Chatlio' from project 'Chatlio')
    cd /Users/aadityasingh/Documents/Development/element-x-ios
    

SwiftCompile normal arm64 /Users/aadityasingh/Documents/Development/element-x-ios/Chatlio/Sources/Screens/Timeline/View/Style/TimelineItemAccessibilityModifier.swift (in target 'Chatlio' from project 'Chatlio')
    cd /Users/aadityasingh/Documents/Development/element-x-ios
    

SwiftCompile normal arm64 /Users/aadityasingh/Documents/Development/element-x-ios/Chatlio/Sources/Screens/Timeline/View/Style/TimelineItemBubbleBackground.swift (in target 'Chatlio' from project 'Chatlio')
    cd /Users/aadityasingh/Documents/Development/element-x-ios
    

SwiftCompile normal arm64 Compiling\ TimelineMediaPreviewViewModel.swift,\ TimelineModels.swift,\ TimelineProxy.swift,\ TimelineProxyProtocol.swift,\ TimelineReactionsView.swift,\ TimelineReadReceiptsView.swift,\ TimelineReplyView.swift,\ TimelineScrollToBottomButton.swift,\ TimelineSenderAvatarView.swift,\ TimelineStartRoomTimelineItem.swift,\ TimelineStartRoomTimelineView.swift,\ TimelineStyle.swift,\ TimelineStyler.swift,\ TimelineTableViewController.swift,\ TimelineThreadSummaryView.swift,\ TimelineView.swift,\ TimelineViewModel.swift,\ TimelineViewModelProtocol.swift,\ TombstonedAvatarImage.swift,\ ToolbarButton.swift,\ TopBannerModifier.swift,\ TraceLogPack.swift,\ Tracing.swift,\ TracingHook.swift /Users/aadityasingh/Documents/Development/element-x-ios/Chatlio/Sources/Screens/FilePreviewScreen/TimelineMediaPreviewViewModel.swift /Users/aadityasingh/Documents/Development/element-x-ios/Chatlio/Sources/Screens/Timeline/TimelineModels.swift /Users/aadityasingh/Documents/Development/element-x-ios/Chatlio/Sources/Services/Timeline/TimelineProxy.swift /Users/aadityasingh/Documents/Development/element-x-ios/Chatlio/Sources/Services/Timeline/TimelineProxyProtocol.swift /Users/aadityasingh/Documents/Development/element-x-ios/Chatlio/Sources/Screens/Timeline/View/Supplementary/TimelineReactionsView.swift /Users/aadityasingh/Documents/Development/element-x-ios/Chatlio/Sources/Screens/Timeline/View/Supplementary/TimelineReadReceiptsView.swift /Users/aadityasingh/Documents/Development/element-x-ios/Chatlio/Sources/Screens/Timeline/View/Replies/TimelineReplyView.swift /Users/aadityasingh/Documents/Development/element-x-ios/Chatlio/Sources/Other/SwiftUI/Views/TimelineScrollToBottomButton.swift /Users/aadityasingh/Documents/Development/element-x-ios/Chatlio/Sources/Screens/Timeline/View/TimelineSenderAvatarView.swift /Users/aadityasingh/Documents/Development/element-x-ios/Chatlio/Sources/Services/Timeline/TimelineItems/Items/Virtual/TimelineStartRoomTimelineItem.swift /Users/aadityasingh/Documents/Development/element-x-ios/Chatlio/Sources/Screens/Timeline/View/TimelineItemViews/TimelineStartRoomTimelineView.swift /Users/aadityasingh/Documents/Development/element-x-ios/Chatlio/Sources/Screens/Timeline/View/Style/TimelineStyle.swift /Users/aadityasingh/Documents/Development/element-x-ios/Chatlio/Sources/Screens/Timeline/View/Style/TimelineStyler.swift /Users/aadityasingh/Documents/Development/element-x-ios/Chatlio/Sources/Screens/Timeline/TimelineTableViewController.swift /Users/aadityasingh/Documents/Development/element-x-ios/Chatlio/Sources/Screens/Timeline/View/Threads/TimelineThreadSummaryView.swift /Users/aadityasingh/Documents/Development/element-x-ios/Chatlio/Sources/Screens/Timeline/View/TimelineView.swift /Users/aadityasingh/Documents/Development/element-x-ios/Chatlio/Sources/Screens/Timeline/TimelineViewModel.swift /Users/aadityasingh/Documents/Development/element-x-ios/Chatlio/Sources/Screens/Timeline/TimelineViewModelProtocol.swift /Users/aadityasingh/Documents/Development/element-x-ios/Chatlio/Sources/Other/SwiftUI/Views/TombstonedAvatarImage.swift /Users/aadityasingh/Documents/Development/element-x-ios/Chatlio/Sources/Other/SwiftUI/Views/ToolbarButton.swift /Users/aadityasingh/Documents/Development/element-x-ios/Chatlio/Sources/Other/SwiftUI/Views/TopBannerModifier.swift /Users/aadityasingh/Documents/Development/element-x-ios/Chatlio/Sources/Other/Logging/TraceLogPack.swift /Users/aadityasingh/Documents/Development/element-x-ios/Chatlio/Sources/Other/Logging/Tracing.swift /Users/aadityasingh/Documents/Development/element-x-ios/Chatlio/Sources/AppHooks/Hooks/TracingHook.swift (in target 'Chatlio' from project 'Chatlio')

SwiftCompile normal arm64 /Users/aadityasingh/Documents/Development/element-x-ios/Chatlio/Sources/Screens/FilePreviewScreen/TimelineMediaPreviewViewModel.swift (in target 'Chatlio' from project 'Chatlio')
    cd /Users/aadityasingh/Documents/Development/element-x-ios
    

SwiftCompile normal arm64 /Users/aadityasingh/Documents/Development/element-x-ios/Chatlio/Sources/Screens/Timeline/TimelineModels.swift (in target 'Chatlio' from project 'Chatlio')
    cd /Users/aadityasingh/Documents/Development/element-x-ios
    

SwiftCompile normal arm64 /Users/aadityasingh/Documents/Development/element-x-ios/Chatlio/Sources/Services/Timeline/TimelineProxy.swift (in target 'Chatlio' from project 'Chatlio')
    cd /Users/aadityasingh/Documents/Development/element-x-ios
    

SwiftCompile normal arm64 /Users/aadityasingh/Documents/Development/element-x-ios/Chatlio/Sources/Services/Timeline/TimelineProxyProtocol.swift (in target 'Chatlio' from project 'Chatlio')
    cd /Users/aadityasingh/Documents/Development/element-x-ios
    

SwiftCompile normal arm64 /Users/aadityasingh/Documents/Development/element-x-ios/Chatlio/Sources/Screens/Timeline/View/Supplementary/TimelineReactionsView.swift (in target 'Chatlio' from project 'Chatlio')
    cd /Users/aadityasingh/Documents/Development/element-x-ios
    

SwiftCompile normal arm64 /Users/aadityasingh/Documents/Development/element-x-ios/Chatlio/Sources/Screens/Timeline/View/Supplementary/TimelineReadReceiptsView.swift (in target 'Chatlio' from project 'Chatlio')
    cd /Users/aadityasingh/Documents/Development/element-x-ios
    

SwiftCompile normal arm64 /Users/aadityasingh/Documents/Development/element-x-ios/Chatlio/Sources/Screens/Timeline/View/Replies/TimelineReplyView.swift (in target 'Chatlio' from project 'Chatlio')
    cd /Users/aadityasingh/Documents/Development/element-x-ios
    

SwiftCompile normal arm64 /Users/aadityasingh/Documents/Development/element-x-ios/Chatlio/Sources/Other/SwiftUI/Views/TimelineScrollToBottomButton.swift (in target 'Chatlio' from project 'Chatlio')
    cd /Users/aadityasingh/Documents/Development/element-x-ios
    

SwiftCompile normal arm64 /Users/aadityasingh/Documents/Development/element-x-ios/Chatlio/Sources/Screens/Timeline/View/TimelineSenderAvatarView.swift (in target 'Chatlio' from project 'Chatlio')
    cd /Users/aadityasingh/Documents/Development/element-x-ios
    

SwiftCompile normal arm64 /Users/aadityasingh/Documents/Development/element-x-ios/Chatlio/Sources/Services/Timeline/TimelineItems/Items/Virtual/TimelineStartRoomTimelineItem.swift (in target 'Chatlio' from project 'Chatlio')
    cd /Users/aadityasingh/Documents/Development/element-x-ios
    

SwiftCompile normal arm64 /Users/aadityasingh/Documents/Development/element-x-ios/Chatlio/Sources/Screens/Timeline/View/TimelineItemViews/TimelineStartRoomTimelineView.swift (in target 'Chatlio' from project 'Chatlio')
    cd /Users/aadityasingh/Documents/Development/element-x-ios
    

SwiftCompile normal arm64 /Users/aadityasingh/Documents/Development/element-x-ios/Chatlio/Sources/Screens/Timeline/View/Style/TimelineStyle.swift (in target 'Chatlio' from project 'Chatlio')
    cd /Users/aadityasingh/Documents/Development/element-x-ios
    

SwiftCompile normal arm64 /Users/aadityasingh/Documents/Development/element-x-ios/Chatlio/Sources/Screens/Timeline/View/Style/TimelineStyler.swift (in target 'Chatlio' from project 'Chatlio')
    cd /Users/aadityasingh/Documents/Development/element-x-ios
    

SwiftCompile normal arm64 /Users/aadityasingh/Documents/Development/element-x-ios/Chatlio/Sources/Screens/Timeline/TimelineTableViewController.swift (in target 'Chatlio' from project 'Chatlio')
    cd /Users/aadityasingh/Documents/Development/element-x-ios
    

SwiftCompile normal arm64 /Users/aadityasingh/Documents/Development/element-x-ios/Chatlio/Sources/Screens/Timeline/View/Threads/TimelineThreadSummaryView.swift (in target 'Chatlio' from project 'Chatlio')
    cd /Users/aadityasingh/Documents/Development/element-x-ios
    

SwiftCompile normal arm64 /Users/aadityasingh/Documents/Development/element-x-ios/Chatlio/Sources/Screens/Timeline/View/TimelineView.swift (in target 'Chatlio' from project 'Chatlio')
    cd /Users/aadityasingh/Documents/Development/element-x-ios
    

SwiftCompile normal arm64 /Users/aadityasingh/Documents/Development/element-x-ios/Chatlio/Sources/Screens/Timeline/TimelineViewModel.swift (in target 'Chatlio' from project 'Chatlio')
    cd /Users/aadityasingh/Documents/Development/element-x-ios
    

SwiftCompile normal arm64 /Users/aadityasingh/Documents/Development/element-x-ios/Chatlio/Sources/Screens/Timeline/TimelineViewModelProtocol.swift (in target 'Chatlio' from project 'Chatlio')
    cd /Users/aadityasingh/Documents/Development/element-x-ios
    

SwiftCompile normal arm64 /Users/aadityasingh/Documents/Development/element-x-ios/Chatlio/Sources/Other/SwiftUI/Views/TombstonedAvatarImage.swift (in target 'Chatlio' from project 'Chatlio')
    cd /Users/aadityasingh/Documents/Development/element-x-ios
    

SwiftCompile normal arm64 /Users/aadityasingh/Documents/Development/element-x-ios/Chatlio/Sources/Other/SwiftUI/Views/ToolbarButton.swift (in target 'Chatlio' from project 'Chatlio')
    cd /Users/aadityasingh/Documents/Development/element-x-ios
    

SwiftCompile normal arm64 /Users/aadityasingh/Documents/Development/element-x-ios/Chatlio/Sources/Other/SwiftUI/Views/TopBannerModifier.swift (in target 'Chatlio' from project 'Chatlio')
    cd /Users/aadityasingh/Documents/Development/element-x-ios
    

SwiftCompile normal arm64 /Users/aadityasingh/Documents/Development/element-x-ios/Chatlio/Sources/Other/Logging/TraceLogPack.swift (in target 'Chatlio' from project 'Chatlio')
    cd /Users/aadityasingh/Documents/Development/element-x-ios
    

SwiftCompile normal arm64 /Users/aadityasingh/Documents/Development/element-x-ios/Chatlio/Sources/Other/Logging/Tracing.swift (in target 'Chatlio' from project 'Chatlio')
    cd /Users/aadityasingh/Documents/Development/element-x-ios
    

SwiftCompile normal arm64 /Users/aadityasingh/Documents/Development/element-x-ios/Chatlio/Sources/AppHooks/Hooks/TracingHook.swift (in target 'Chatlio' from project 'Chatlio')
    cd /Users/aadityasingh/Documents/Development/element-x-ios
    

SwiftCompile normal arm64 Compiling\ SecureBackupLogoutConfirmationScreenModels.swift,\ SecureBackupLogoutConfirmationScreenViewModel.swift,\ SecureBackupLogoutConfirmationScreenViewModelProtocol.swift,\ SecureBackupRecoveryKeyScreen.swift,\ SecureBackupRecoveryKeyScreenCoordinator.swift,\ SecureBackupRecoveryKeyScreenModels.swift,\ SecureBackupRecoveryKeyScreenViewModel.swift,\ SecureBackupRecoveryKeyScreenViewModelProtocol.swift,\ SecureBackupScreen.swift,\ SecureBackupScreenCoordinator.swift,\ SecureBackupScreenModels.swift,\ SecureBackupScreenViewModel.swift,\ SecureBackupScreenViewModelProtocol.swift,\ SecurityAndPrivacyScreen.swift,\ SecurityAndPrivacyScreenCoordinator.swift,\ SecurityAndPrivacyScreenModels.swift,\ SecurityAndPrivacyScreenViewModel.swift,\ SecurityAndPrivacyScreenViewModelProtocol.swift,\ SendInviteConfirmationView.swift,\ SeparatorMediaEventsTimelineView.swift,\ SeparatorRoomTimelineItem.swift,\ SeparatorRoomTimelineView.swift,\ ServerConfirmationScreen.swift,\ ServerConfirmationScreenCoordinator.swift /Users/aadityasingh/Documents/Development/element-x-ios/Chatlio/Sources/Screens/SecureBackup/SecureBackupLogoutConfirmationScreen/SecureBackupLogoutConfirmationScreenModels.swift /Users/aadityasingh/Documents/Development/element-x-ios/Chatlio/Sources/Screens/SecureBackup/SecureBackupLogoutConfirmationScreen/SecureBackupLogoutConfirmationScreenViewModel.swift /Users/aadityasingh/Documents/Development/element-x-ios/Chatlio/Sources/Screens/SecureBackup/SecureBackupLogoutConfirmationScreen/SecureBackupLogoutConfirmationScreenViewModelProtocol.swift /Users/aadityasingh/Documents/Development/element-x-ios/Chatlio/Sources/Screens/SecureBackup/SecureBackupRecoveryKeyScreen/View/SecureBackupRecoveryKeyScreen.swift /Users/aadityasingh/Documents/Development/element-x-ios/Chatlio/Sources/Screens/SecureBackup/SecureBackupRecoveryKeyScreen/SecureBackupRecoveryKeyScreenCoordinator.swift /Users/aadityasingh/Documents/Development/element-x-ios/Chatlio/Sources/Screens/SecureBackup/SecureBackupRecoveryKeyScreen/SecureBackupRecoveryKeyScreenModels.swift /Users/aadityasingh/Documents/Development/element-x-ios/Chatlio/Sources/Screens/SecureBackup/SecureBackupRecoveryKeyScreen/SecureBackupRecoveryKeyScreenViewModel.swift /Users/aadityasingh/Documents/Development/element-x-ios/Chatlio/Sources/Screens/SecureBackup/SecureBackupRecoveryKeyScreen/SecureBackupRecoveryKeyScreenViewModelProtocol.swift /Users/aadityasingh/Documents/Development/element-x-ios/Chatlio/Sources/Screens/SecureBackup/SecureBackupScreen/View/SecureBackupScreen.swift /Users/aadityasingh/Documents/Development/element-x-ios/Chatlio/Sources/Screens/SecureBackup/SecureBackupScreen/SecureBackupScreenCoordinator.swift /Users/aadityasingh/Documents/Development/element-x-ios/Chatlio/Sources/Screens/SecureBackup/SecureBackupScreen/SecureBackupScreenModels.swift /Users/aadityasingh/Documents/Development/element-x-ios/Chatlio/Sources/Screens/SecureBackup/SecureBackupScreen/SecureBackupScreenViewModel.swift /Users/aadityasingh/Documents/Development/element-x-ios/Chatlio/Sources/Screens/SecureBackup/SecureBackupScreen/SecureBackupScreenViewModelProtocol.swift /Users/aadityasingh/Documents/Development/element-x-ios/Chatlio/Sources/Screens/SecurityAndPrivacyScreen/View/SecurityAndPrivacyScreen.swift /Users/aadityasingh/Documents/Development/element-x-ios/Chatlio/Sources/Screens/SecurityAndPrivacyScreen/SecurityAndPrivacyScreenCoordinator.swift /Users/aadityasingh/Documents/Development/element-x-ios/Chatlio/Sources/Screens/SecurityAndPrivacyScreen/SecurityAndPrivacyScreenModels.swift /Users/aadityasingh/Documents/Development/element-x-ios/Chatlio/Sources/Screens/SecurityAndPrivacyScreen/SecurityAndPrivacyScreenViewModel.swift /Users/aadityasingh/Documents/Development/element-x-ios/Chatlio/Sources/Screens/SecurityAndPrivacyScreen/SecurityAndPrivacyScreenViewModelProtocol.swift /Users/aadityasingh/Documents/Development/element-x-ios/Chatlio/Sources/Screens/StartChatScreen/View/SendInviteConfirmationView.swift /Users/aadityasingh/Documents/Development/element-x-ios/Chatlio/Sources/Screens/MediaEventsTimelineScreen/View/TimelineViews/SeparatorMediaEventsTimelineView.swift /Users/aadityasingh/Documents/Development/element-x-ios/Chatlio/Sources/Services/Timeline/TimelineItems/Items/Virtual/SeparatorRoomTimelineItem.swift /Users/aadityasingh/Documents/Development/element-x-ios/Chatlio/Sources/Screens/Timeline/View/TimelineItemViews/SeparatorRoomTimelineView.swift /Users/aadityasingh/Documents/Development/element-x-ios/Chatlio/Sources/Screens/Authentication/ServerConfirmationScreen/View/ServerConfirmationScreen.swift /Users/aadityasingh/Documents/Development/element-x-ios/Chatlio/Sources/Screens/Authentication/ServerConfirmationScreen/ServerConfirmationScreenCoordinator.swift (in target 'Chatlio' from project 'Chatlio')

SwiftCompile normal arm64 /Users/aadityasingh/Documents/Development/element-x-ios/Chatlio/Sources/Screens/SecureBackup/SecureBackupLogoutConfirmationScreen/SecureBackupLogoutConfirmationScreenModels.swift (in target 'Chatlio' from project 'Chatlio')
    cd /Users/aadityasingh/Documents/Development/element-x-ios
    

SwiftCompile normal arm64 /Users/aadityasingh/Documents/Development/element-x-ios/Chatlio/Sources/Screens/SecureBackup/SecureBackupLogoutConfirmationScreen/SecureBackupLogoutConfirmationScreenViewModel.swift (in target 'Chatlio' from project 'Chatlio')
    cd /Users/aadityasingh/Documents/Development/element-x-ios
    

SwiftCompile normal arm64 /Users/aadityasingh/Documents/Development/element-x-ios/Chatlio/Sources/Screens/SecureBackup/SecureBackupLogoutConfirmationScreen/SecureBackupLogoutConfirmationScreenViewModelProtocol.swift (in target 'Chatlio' from project 'Chatlio')
    cd /Users/aadityasingh/Documents/Development/element-x-ios
    

SwiftCompile normal arm64 /Users/aadityasingh/Documents/Development/element-x-ios/Chatlio/Sources/Screens/SecureBackup/SecureBackupRecoveryKeyScreen/View/SecureBackupRecoveryKeyScreen.swift (in target 'Chatlio' from project 'Chatlio')
    cd /Users/aadityasingh/Documents/Development/element-x-ios
    

SwiftCompile normal arm64 /Users/aadityasingh/Documents/Development/element-x-ios/Chatlio/Sources/Screens/SecureBackup/SecureBackupRecoveryKeyScreen/SecureBackupRecoveryKeyScreenCoordinator.swift (in target 'Chatlio' from project 'Chatlio')
    cd /Users/aadityasingh/Documents/Development/element-x-ios
    

SwiftCompile normal arm64 /Users/aadityasingh/Documents/Development/element-x-ios/Chatlio/Sources/Screens/SecureBackup/SecureBackupRecoveryKeyScreen/SecureBackupRecoveryKeyScreenModels.swift (in target 'Chatlio' from project 'Chatlio')
    cd /Users/aadityasingh/Documents/Development/element-x-ios
    

SwiftCompile normal arm64 /Users/aadityasingh/Documents/Development/element-x-ios/Chatlio/Sources/Screens/SecureBackup/SecureBackupRecoveryKeyScreen/SecureBackupRecoveryKeyScreenViewModel.swift (in target 'Chatlio' from project 'Chatlio')
    cd /Users/aadityasingh/Documents/Development/element-x-ios
    

SwiftCompile normal arm64 /Users/aadityasingh/Documents/Development/element-x-ios/Chatlio/Sources/Screens/SecureBackup/SecureBackupRecoveryKeyScreen/SecureBackupRecoveryKeyScreenViewModelProtocol.swift (in target 'Chatlio' from project 'Chatlio')
    cd /Users/aadityasingh/Documents/Development/element-x-ios
    

SwiftCompile normal arm64 /Users/aadityasingh/Documents/Development/element-x-ios/Chatlio/Sources/Screens/SecureBackup/SecureBackupScreen/View/SecureBackupScreen.swift (in target 'Chatlio' from project 'Chatlio')
    cd /Users/aadityasingh/Documents/Development/element-x-ios
    

SwiftCompile normal arm64 /Users/aadityasingh/Documents/Development/element-x-ios/Chatlio/Sources/Screens/SecureBackup/SecureBackupScreen/SecureBackupScreenCoordinator.swift (in target 'Chatlio' from project 'Chatlio')
    cd /Users/aadityasingh/Documents/Development/element-x-ios
    

SwiftCompile normal arm64 /Users/aadityasingh/Documents/Development/element-x-ios/Chatlio/Sources/Screens/SecureBackup/SecureBackupScreen/SecureBackupScreenModels.swift (in target 'Chatlio' from project 'Chatlio')
    cd /Users/aadityasingh/Documents/Development/element-x-ios
    

SwiftCompile normal arm64 /Users/aadityasingh/Documents/Development/element-x-ios/Chatlio/Sources/Screens/SecureBackup/SecureBackupScreen/SecureBackupScreenViewModel.swift (in target 'Chatlio' from project 'Chatlio')
    cd /Users/aadityasingh/Documents/Development/element-x-ios
    

SwiftCompile normal arm64 /Users/aadityasingh/Documents/Development/element-x-ios/Chatlio/Sources/Screens/SecureBackup/SecureBackupScreen/SecureBackupScreenViewModelProtocol.swift (in target 'Chatlio' from project 'Chatlio')
    cd /Users/aadityasingh/Documents/Development/element-x-ios
    

SwiftCompile normal arm64 /Users/aadityasingh/Documents/Development/element-x-ios/Chatlio/Sources/Screens/SecurityAndPrivacyScreen/View/SecurityAndPrivacyScreen.swift (in target 'Chatlio' from project 'Chatlio')
    cd /Users/aadityasingh/Documents/Development/element-x-ios
    

SwiftCompile normal arm64 /Users/aadityasingh/Documents/Development/element-x-ios/Chatlio/Sources/Screens/SecurityAndPrivacyScreen/SecurityAndPrivacyScreenCoordinator.swift (in target 'Chatlio' from project 'Chatlio')
    cd /Users/aadityasingh/Documents/Development/element-x-ios
    

SwiftCompile normal arm64 /Users/aadityasingh/Documents/Development/element-x-ios/Chatlio/Sources/Screens/SecurityAndPrivacyScreen/SecurityAndPrivacyScreenModels.swift (in target 'Chatlio' from project 'Chatlio')
    cd /Users/aadityasingh/Documents/Development/element-x-ios
    

SwiftCompile normal arm64 /Users/aadityasingh/Documents/Development/element-x-ios/Chatlio/Sources/Screens/SecurityAndPrivacyScreen/SecurityAndPrivacyScreenViewModel.swift (in target 'Chatlio' from project 'Chatlio')
    cd /Users/aadityasingh/Documents/Development/element-x-ios
    

SwiftCompile normal arm64 /Users/aadityasingh/Documents/Development/element-x-ios/Chatlio/Sources/Screens/SecurityAndPrivacyScreen/SecurityAndPrivacyScreenViewModelProtocol.swift (in target 'Chatlio' from project 'Chatlio')
    cd /Users/aadityasingh/Documents/Development/element-x-ios
    

SwiftCompile normal arm64 /Users/aadityasingh/Documents/Development/element-x-ios/Chatlio/Sources/Screens/StartChatScreen/View/SendInviteConfirmationView.swift (in target 'Chatlio' from project 'Chatlio')
    cd /Users/aadityasingh/Documents/Development/element-x-ios
    

SwiftCompile normal arm64 /Users/aadityasingh/Documents/Development/element-x-ios/Chatlio/Sources/Screens/MediaEventsTimelineScreen/View/TimelineViews/SeparatorMediaEventsTimelineView.swift (in target 'Chatlio' from project 'Chatlio')
    cd /Users/aadityasingh/Documents/Development/element-x-ios
    

SwiftCompile normal arm64 /Users/aadityasingh/Documents/Development/element-x-ios/Chatlio/Sources/Services/Timeline/TimelineItems/Items/Virtual/SeparatorRoomTimelineItem.swift (in target 'Chatlio' from project 'Chatlio')
    cd /Users/aadityasingh/Documents/Development/element-x-ios
    

SwiftCompile normal arm64 /Users/aadityasingh/Documents/Development/element-x-ios/Chatlio/Sources/Screens/Timeline/View/TimelineItemViews/SeparatorRoomTimelineView.swift (in target 'Chatlio' from project 'Chatlio')
    cd /Users/aadityasingh/Documents/Development/element-x-ios
    

SwiftCompile normal arm64 /Users/aadityasingh/Documents/Development/element-x-ios/Chatlio/Sources/Screens/Authentication/ServerConfirmationScreen/View/ServerConfirmationScreen.swift (in target 'Chatlio' from project 'Chatlio')
    cd /Users/aadityasingh/Documents/Development/element-x-ios
    

SwiftCompile normal arm64 /Users/aadityasingh/Documents/Development/element-x-ios/Chatlio/Sources/Screens/Authentication/ServerConfirmationScreen/ServerConfirmationScreenCoordinator.swift (in target 'Chatlio' from project 'Chatlio')
    cd /Users/aadityasingh/Documents/Development/element-x-ios
    

SwiftCompile normal arm64 Compiling\ RoomTimelineItemFactoryProtocol.swift,\ RoomTimelineItemProperties.swift,\ RoomTimelineItemProtocol.swift,\ RoomTimelineItemView.swift,\ RoomTimelineItemViewState.swift,\ RoundedCornerShape.swift,\ RowDivider.swift,\ SDKListener.swift,\ SFNumberedListView.swift,\ SceneDelegate.swift,\ ScreenTrackerViewModifier.swift,\ ScrollViewAdapter.swift,\ Search.swift,\ Secrets.swift,\ Section.swift,\ SecureBackupController.swift,\ SecureBackupControllerProtocol.swift,\ SecureBackupKeyBackupScreen.swift,\ SecureBackupKeyBackupScreenCoordinator.swift,\ SecureBackupKeyBackupScreenModels.swift,\ SecureBackupKeyBackupScreenViewModel.swift,\ SecureBackupKeyBackupScreenViewModelProtocol.swift,\ SecureBackupLogoutConfirmationScreen.swift,\ SecureBackupLogoutConfirmationScreenCoordinator.swift /Users/aadityasingh/Documents/Development/element-x-ios/Chatlio/Sources/Services/Timeline/TimelineItems/RoomTimelineItemFactoryProtocol.swift /Users/aadityasingh/Documents/Development/element-x-ios/Chatlio/Sources/Services/Timeline/TimelineItemContent/RoomTimelineItemProperties.swift /Users/aadityasingh/Documents/Development/element-x-ios/Chatlio/Sources/Services/Timeline/TimelineItems/RoomTimelineItemProtocol.swift /Users/aadityasingh/Documents/Development/element-x-ios/Chatlio/Sources/Services/Timeline/TimelineItems/RoomTimelineItemView.swift /Users/aadityasingh/Documents/Development/element-x-ios/Chatlio/Sources/Services/Timeline/TimelineItems/RoomTimelineItemViewState.swift /Users/aadityasingh/Documents/Development/element-x-ios/Chatlio/Sources/Other/SwiftUI/Views/RoundedCornerShape.swift /Users/aadityasingh/Documents/Development/element-x-ios/Chatlio/Sources/Other/SwiftUI/RowDivider.swift /Users/aadityasingh/Documents/Development/element-x-ios/Chatlio/Sources/Other/SDKListener.swift /Users/aadityasingh/Documents/Development/element-x-ios/Chatlio/Sources/Other/SwiftUI/Views/SFNumberedListView.swift /Users/aadityasingh/Documents/Development/element-x-ios/Chatlio/Sources/Application/Windowing/SceneDelegate.swift /Users/aadityasingh/Documents/Development/element-x-ios/Chatlio/Sources/Other/Analytics/ScreenTrackerViewModifier.swift /Users/aadityasingh/Documents/Development/element-x-ios/Chatlio/Sources/Other/ScrollViewAdapter.swift /Users/aadityasingh/Documents/Development/element-x-ios/Chatlio/Sources/Other/SwiftUI/Search.swift /Users/aadityasingh/Documents/Development/element-x-ios/Secrets/Secrets.swift /Users/aadityasingh/Documents/Development/element-x-ios/Chatlio/Sources/Other/Extensions/Section.swift /Users/aadityasingh/Documents/Development/element-x-ios/Chatlio/Sources/Services/SecureBackup/SecureBackupController.swift /Users/aadityasingh/Documents/Development/element-x-ios/Chatlio/Sources/Services/SecureBackup/SecureBackupControllerProtocol.swift /Users/aadityasingh/Documents/Development/element-x-ios/Chatlio/Sources/Screens/SecureBackup/SecureBackupKeyBackupScreen/View/SecureBackupKeyBackupScreen.swift /Users/aadityasingh/Documents/Development/element-x-ios/Chatlio/Sources/Screens/SecureBackup/SecureBackupKeyBackupScreen/SecureBackupKeyBackupScreenCoordinator.swift /Users/aadityasingh/Documents/Development/element-x-ios/Chatlio/Sources/Screens/SecureBackup/SecureBackupKeyBackupScreen/SecureBackupKeyBackupScreenModels.swift /Users/aadityasingh/Documents/Development/element-x-ios/Chatlio/Sources/Screens/SecureBackup/SecureBackupKeyBackupScreen/SecureBackupKeyBackupScreenViewModel.swift /Users/aadityasingh/Documents/Development/element-x-ios/Chatlio/Sources/Screens/SecureBackup/SecureBackupKeyBackupScreen/SecureBackupKeyBackupScreenViewModelProtocol.swift /Users/aadityasingh/Documents/Development/element-x-ios/Chatlio/Sources/Screens/SecureBackup/SecureBackupLogoutConfirmationScreen/View/SecureBackupLogoutConfirmationScreen.swift /Users/aadityasingh/Documents/Development/element-x-ios/Chatlio/Sources/Screens/SecureBackup/SecureBackupLogoutConfirmationScreen/SecureBackupLogoutConfirmationScreenCoordinator.swift (in target 'Chatlio' from project 'Chatlio')
Failed frontend command:
/Applications/Xcode.app/Contents/Developer/Toolchains/XcodeDefault.xctoolchain/usr/bin/swift-frontend -frontend -c -filelist /Users/aadityasingh/Library/Developer/Xcode/DerivedData/Chatlio-erkyzdeecsohoaggpwbjdvavzqfv/Build/Intermediates.noindex/Chatlio.build/Debug-iphonesimulator/Chatlio.build/Objects-normal/arm64/sources-1 -primary-file /Users/aadityasingh/Documents/Development/element-x-ios/Chatlio/Sources/Services/Timeline/TimelineItems/RoomTimelineItemFactoryProtocol.swift -primary-file /Users/aadityasingh/Documents/Development/element-x-ios/Chatlio/Sources/Services/Timeline/TimelineItemContent/RoomTimelineItemProperties.swift -primary-file /Users/aadityasingh/Documents/Development/element-x-ios/Chatlio/Sources/Services/Timeline/TimelineItems/RoomTimelineItemProtocol.swift -primary-file /Users/aadityasingh/Documents/Development/element-x-ios/Chatlio/Sources/Services/Timeline/TimelineItems/RoomTimelineItemView.swift -primary-file /Users/aadityasingh/Documents/Development/element-x-ios/Chatlio/Sources/Services/Timeline/TimelineItems/RoomTimelineItemViewState.swift -primary-file /Users/aadityasingh/Documents/Development/element-x-ios/Chatlio/Sources/Other/SwiftUI/Views/RoundedCornerShape.swift -primary-file /Users/aadityasingh/Documents/Development/element-x-ios/Chatlio/Sources/Other/SwiftUI/RowDivider.swift -primary-file /Users/aadityasingh/Documents/Development/element-x-ios/Chatlio/Sources/Other/SDKListener.swift -primary-file /Users/aadityasingh/Documents/Development/element-x-ios/Chatlio/Sources/Other/SwiftUI/Views/SFNumberedListView.swift -primary-file /Users/aadityasingh/Documents/Development/element-x-ios/Chatlio/Sources/Application/Windowing/SceneDelegate.swift -primary-file /Users/aadityasingh/Documents/Development/element-x-ios/Chatlio/Sources/Other/Analytics/ScreenTrackerViewModifier.swift -primary-file /Users/aadityasingh/Documents/Development/element-x-ios/Chatlio/Sources/Other/ScrollViewAdapter.swift -primary-file /Users/aadityasingh/Documents/Development/element-x-ios/Chatlio/Sources/Other/SwiftUI/Search.swift -primary-file /Users/aadityasingh/Documents/Development/element-x-ios/Secrets/Secrets.swift -primary-file /Users/aadityasingh/Documents/Development/element-x-ios/Chatlio/Sources/Other/Extensions/Section.swift -primary-file /Users/aadityasingh/Documents/Development/element-x-ios/Chatlio/Sources/Services/SecureBackup/SecureBackupController.swift -primary-file /Users/aadityasingh/Documents/Development/element-x-ios/Chatlio/Sources/Services/SecureBackup/SecureBackupControllerProtocol.swift -primary-file /Users/aadityasingh/Documents/Development/element-x-ios/Chatlio/Sources/Screens/SecureBackup/SecureBackupKeyBackupScreen/View/SecureBackupKeyBackupScreen.swift -primary-file /Users/aadityasingh/Documents/Development/element-x-ios/Chatlio/Sources/Screens/SecureBackup/SecureBackupKeyBackupScreen/SecureBackupKeyBackupScreenCoordinator.swift -primary-file /Users/aadityasingh/Documents/Development/element-x-ios/Chatlio/Sources/Screens/SecureBackup/SecureBackupKeyBackupScreen/SecureBackupKeyBackupScreenModels.swift -primary-file /Users/aadityasingh/Documents/Development/element-x-ios/Chatlio/Sources/Screens/SecureBackup/SecureBackupKeyBackupScreen/SecureBackupKeyBackupScreenViewModel.swift -primary-file /Users/aadityasingh/Documents/Development/element-x-ios/Chatlio/Sources/Screens/SecureBackup/SecureBackupKeyBackupScreen/SecureBackupKeyBackupScreenViewModelProtocol.swift -primary-file /Users/aadityasingh/Documents/Development/element-x-ios/Chatlio/Sources/Screens/SecureBackup/SecureBackupLogoutConfirmationScreen/View/SecureBackupLogoutConfirmationScreen.swift -primary-file /Users/aadityasingh/Documents/Development/element-x-ios/Chatlio/Sources/Screens/SecureBackup/SecureBackupLogoutConfirmationScreen/SecureBackupLogoutConfirmationScreenCoordinator.swift -supplementary-output-file-map /Users/aadityasingh/Library/Developer/Xcode/DerivedData/Chatlio-erkyzdeecsohoaggpwbjdvavzqfv/Build/Intermediates.noindex/Chatlio.build/Debug-iphonesimulator/Chatlio.build/Objects-normal/arm64/supplementaryOutputs-29 -target arm64-apple-ios17.0-simulator -module-can-import-version DeveloperToolsSupport 23.40.26 23.40.26 -module-can-import MatrixRustSDK -module-can-import-version SwiftUI 7.4.27.1 7.4.27 -disable-cross-import-overlay-search -swift-module-cross-import AVKit /Applications/Xcode.app/Contents/Developer/Platforms/iPhoneSimulator.platform/Developer/SDKs/iPhoneSimulator.sdk/System/Library/Frameworks/AVKit.framework/Modules/AVKit.swiftcrossimport/SwiftUI.swiftoverlay -swift-module-cross-import AVKit /Applications/Xcode.app/Contents/Developer/Platforms/iPhoneSimulator.platform/Developer/SDKs/iPhoneSimulator26.4.sdk/System/Library/Frameworks/AVKit.framework/Modules/AVKit.swiftcrossimport/SwiftUI.swiftoverlay -swift-module-cross-import AuthenticationServices /Applications/Xcode.app/Contents/Developer/Platforms/iPhoneSimulator.platform/Developer/SDKs/iPhoneSimulator.sdk/System/Cryptexes/OS/System/Library/Frameworks/AuthenticationServices.framework/Modules/AuthenticationServices.swiftcrossimport/SwiftUI.swiftoverlay -swift-module-cross-import AuthenticationServices /Applications/Xcode.app/Contents/Developer/Platforms/iPhoneSimulator.platform/Developer/SDKs/iPhoneSimulator26.4.sdk/System/Library/Frameworks/AuthenticationServices.framework/Modules/AuthenticationServices.swiftcrossimport/SwiftUI.swiftoverlay -swift-module-cross-import GameController /Applications/Xcode.app/Contents/Developer/Platforms/iPhoneSimulator.platform/Developer/SDKs/iPhoneSimulator.sdk/System/Library/Frameworks/GameController.framework/Modules/GameController.swiftcrossimport/SwiftUI.swiftoverlay -swift-module-cross-import GameController /Applications/Xcode.app/Contents/Developer/Platforms/iPhoneSimulator.platform/Developer/SDKs/iPhoneSimulator26.4.sdk/System/Library/Frameworks/GameController.framework/Modules/GameController.swiftcrossimport/SwiftUI.swiftoverlay -swift-module-cross-import Intents /Applications/Xcode.app/Contents/Developer/Platforms/iPhoneSimulator.platform/Developer/SDKs/iPhoneSimulator.sdk/System/Library/Frameworks/Intents.framework/Modules/Intents.swiftcrossimport/TipKit.swiftoverlay -swift-module-cross-import LinkPresentation /Applications/Xcode.app/Contents/Developer/Platforms/iPhoneSimulator.platform/Developer/SDKs/iPhoneSimulator.sdk/System/Library/Frameworks/LinkPresentation.framework/Modules/LinkPresentation.swiftcrossimport/AppIntents.swiftoverlay -swift-module-cross-import LinkPresentation /Applications/Xcode.app/Contents/Developer/Platforms/iPhoneSimulator.platform/Developer/SDKs/iPhoneSimulator26.4.sdk/System/Library/Frameworks/LinkPresentation.framework/Modules/LinkPresentation.swiftcrossimport/AppIntents.swiftoverlay -swift-module-cross-import PhotosUI /Applications/Xcode.app/Contents/Developer/Platforms/iPhoneSimulator.platform/Developer/SDKs/iPhoneSimulator.sdk/System/Library/Frameworks/PhotosUI.framework/Modules/PhotosUI.swiftcrossimport/SwiftUI.swiftoverlay -swift-module-cross-import PhotosUI /Applications/Xcode.app/Contents/Developer/Platforms/iPhoneSimulator.platform/Developer/SDKs/iPhoneSimulator.sdk/System/Library/Frameworks/PhotosUI.framework/Modules/PhotosUI.swiftcrossimport/WidgetKit.swiftoverlay -swift-module-cross-import PhotosUI /Applications/Xcode.app/Contents/Developer/Platforms/iPhoneSimulator.platform/Developer/SDKs/iPhoneSimulator26.4.sdk/System/Library/Frameworks/PhotosUI.framework/Modules/PhotosUI.swiftcrossimport/SwiftUI.swiftoverlay -swift-module-cross-import PhotosUI /Applications/Xcode.app/Contents/Developer/Platforms/iPhoneSimulator.platform/Developer/SDKs/iPhoneSimulator26.4.sdk/System/Library/Frameworks/PhotosUI.framework/Modules/PhotosUI.swiftcrossimport/WidgetKit.swiftoverlay -swift-module-cross-import QuickLook /Applications/Xcode.app/Contents/Developer/Platforms/iPhoneSimulator.platform/Developer/SDKs/iPhoneSimulator.sdk/System/Library/Frameworks/QuickLook.framework/Modules/QuickLook.swiftcrossimport/SwiftUI.swiftoverlay -swift-module-cross-import QuickLook /Applications/Xcode.app/Contents/Developer/Platforms/iPhoneSimulator.platform/Developer/SDKs/iPhoneSimulator26.4.sdk/System/Library/Frameworks/QuickLook.framework/Modules/QuickLook.swiftcrossimport/SwiftUI.swiftoverlay -swift-module-cross-import SceneKit /Applications/Xcode.app/Contents/Developer/Platforms/iPhoneSimulator.platform/Developer/SDKs/iPhoneSimulator.sdk/System/Library/Frameworks/SceneKit.framework/Modules/SceneKit.swiftcrossimport/SwiftUI.swiftoverlay -swift-module-cross-import Translation /Applications/Xcode.app/Contents/Developer/Platforms/iPhoneSimulator.platform/Developer/SDKs/iPhoneSimulator.sdk/System/Library/Frameworks/Translation.framework/Modules/Translation.swiftcrossimport/SwiftUI.swiftoverlay -swift-module-cross-import Translation /Applications/Xcode.app/Contents/Developer/Platforms/iPhoneSimulator.platform/Developer/SDKs/iPhoneSimulator26.4.sdk/System/Library/Frameworks/Translation.framework/Modules/Translation.swiftcrossimport/SwiftUI.swiftoverlay -swift-module-cross-import WebKit /Applications/Xcode.app/Contents/Developer/Platforms/iPhoneSimulator.platform/Developer/SDKs/iPhoneSimulator.sdk/System/Cryptexes/OS/System/Library/Frameworks/WebKit.framework/Modules/WebKit.swiftcrossimport/SwiftUI.swiftoverlay -swift-module-cross-import WebKit /Applications/Xcode.app/Contents/Developer/Platforms/iPhoneSimulator.platform/Developer/SDKs/iPhoneSimulator26.4.sdk/System/Library/Frameworks/WebKit.framework/Modules/WebKit.swiftcrossimport/SwiftUI.swiftoverlay -load-resolved-plugin /Applications/Xcode.app/Contents/Developer/Platforms/iPhoneOS.platform/Developer/usr/lib/swift/host/plugins/libAppIntentsMacros.dylib\#/Applications/Xcode.app/Contents/Developer/Platforms/iPhoneOS.platform/Developer/usr/bin/swift-plugin-server\#AppIntentsMacros -load-resolved-plugin /Applications/Xcode.app/Contents/Developer/Platforms/iPhoneOS.platform/Developer/usr/lib/swift/host/plugins/libFoundationMacros.dylib\#/Applications/Xcode.app/Contents/Developer/Platforms/iPhoneOS.platform/Developer/usr/bin/swift-plugin-server\#FoundationMacros -load-resolved-plugin /Applications/Xcode.app/Contents/Developer/Platforms/iPhoneOS.platform/Developer/usr/lib/swift/host/plugins/libObservationMacros.dylib\#/Applications/Xcode.app/Contents/Developer/Platforms/iPhoneOS.platform/Developer/usr/bin/swift-plugin-server\#ObservationMacros -load-resolved-plugin /Applications/Xcode.app/Contents/Developer/Platforms/iPhoneOS.platform/Developer/usr/lib/swift/host/plugins/libPreviewsMacros.dylib\#/Applications/Xcode.app/Contents/Developer/Platforms/iPhoneOS.platform/Developer/usr/bin/swift-plugin-server\#PreviewsMacros -load-resolved-plugin /Applications/Xcode.app/Contents/Developer/Platforms/iPhoneOS.platform/Developer/usr/lib/swift/host/plugins/libSwiftMacros.dylib\#/Applications/Xcode.app/Contents/Developer/Platforms/iPhoneOS.platform/Developer/usr/bin/swift-plugin-server\#SwiftMacros -load-resolved-plugin /Applications/Xcode.app/Contents/Developer/Platforms/iPhoneOS.platform/Developer/usr/lib/swift/host/plugins/libSwiftUIMacros.dylib\#/Applications/Xcode.app/Contents/Developer/Platforms/iPhoneOS.platform/Developer/usr/bin/swift-plugin-server\#SwiftUIMacros -load-resolved-plugin /Applications/Xcode.app/Contents/Developer/Platforms/iPhoneOS.platform/Developer/usr/lib/swift/host/plugins/libTipKitMacros.dylib\#/Applications/Xcode.app/Contents/Developer/Platforms/iPhoneOS.platform/Developer/usr/bin/swift-plugin-server\#TipKitMacros -disable-implicit-swift-modules -Xcc -fno-implicit-modules -Xcc -fno-implicit-module-maps -explicit-swift-module-map-file /Users/aadityasingh/Library/Developer/Xcode/DerivedData/Chatlio-erkyzdeecsohoaggpwbjdvavzqfv/Build/Intermediates.noindex/Chatlio.build/Debug-iphonesimulator/Chatlio.build/Objects-normal/arm64/Chatlio-dependencies-1.json -debug-module-path /Users/aadityasingh/Library/Developer/Xcode/DerivedData/Chatlio-erkyzdeecsohoaggpwbjdvavzqfv/Build/Intermediates.noindex/Chatlio.build/Debug-iphonesimulator/Chatlio.build/Objects-normal/arm64/Chatlio.swiftmodule -Xllvm -aarch64-use-tbi -enable-objc-interop -sdk /Applications/Xcode.app/Contents/Developer/Platforms/iPhoneSimulator.platform/Developer/SDKs/iPhoneSimulator26.4.sdk -I /Users/aadityasingh/Library/Developer/Xcode/DerivedData/Chatlio-erkyzdeecsohoaggpwbjdvavzqfv/Build/Products/Debug-iphonesimulator -F /Users/aadityasingh/Library/Developer/Xcode/DerivedData/Chatlio-erkyzdeecsohoaggpwbjdvavzqfv/Build/Products/Debug-iphonesimulator/PackageFrameworks -F /Users/aadityasingh/Library/Developer/Xcode/DerivedData/Chatlio-erkyzdeecsohoaggpwbjdvavzqfv/Build/Products/Debug-iphonesimulator/PackageFrameworks -F /Users/aadityasingh/Library/Developer/Xcode/DerivedData/Chatlio-erkyzdeecsohoaggpwbjdvavzqfv/Build/Products/Debug-iphonesimulator/PackageFrameworks -F /Users/aadityasingh/Library/Developer/Xcode/DerivedData/Chatlio-erkyzdeecsohoaggpwbjdvavzqfv/Build/Products/Debug-iphonesimulator/PackageFrameworks -F /Users/aadityasingh/Library/Developer/Xcode/DerivedData/Chatlio-erkyzdeecsohoaggpwbjdvavzqfv/Build/Products/Debug-iphonesimulator/PackageFrameworks -F /Users/aadityasingh/Library/Developer/Xcode/DerivedData/Chatlio-erkyzdeecsohoaggpwbjdvavzqfv/Build/Products/Debug-iphonesimulator/PackageFrameworks -F /Users/aadityasingh/Library/Developer/Xcode/DerivedData/Chatlio-erkyzdeecsohoaggpwbjdvavzqfv/Build/Products/Debug-iphonesimulator/PackageFrameworks -F /Users/aadityasingh/Library/Developer/Xcode/DerivedData/Chatlio-erkyzdeecsohoaggpwbjdvavzqfv/Build/Products/Debug-iphonesimulator/PackageFrameworks -F /Users/aadityasingh/Library/Developer/Xcode/DerivedData/Chatlio-erkyzdeecsohoaggpwbjdvavzqfv/Build/Products/Debug-iphonesimulator/PackageFrameworks -F /Users/aadityasingh/Library/Developer/Xcode/DerivedData/Chatlio-erkyzdeecsohoaggpwbjdvavzqfv/Build/Products/Debug-iphonesimulator/PackageFrameworks -F /Users/aadityasingh/Library/Developer/Xcode/DerivedData/Chatlio-erkyzdeecsohoaggpwbjdvavzqfv/Build/Products/Debug-iphonesimulator/PackageFrameworks -F /Users/aadityasingh/Library/Developer/Xcode/DerivedData/Chatlio-erkyzdeecsohoaggpwbjdvavzqfv/Build/Products/Debug-iphonesimulator/PackageFrameworks -F /Users/aadityasingh/Library/Developer/Xcode/DerivedData/Chatlio-erkyzdeecsohoaggpwbjdvavzqfv/Build/Products/Debug-iphonesimulator/PackageFrameworks -F /Users/aadityasingh/Library/Developer/Xcode/DerivedData/Chatlio-erkyzdeecsohoaggpwbjdvavzqfv/Build/Products/Debug-iphonesimulator/PackageFrameworks -F /Users/aadityasingh/Library/Developer/Xcode/DerivedData/Chatlio-erkyzdeecsohoaggpwbjdvavzqfv/Build/Products/Debug-iphonesimulator/PackageFrameworks -F /Users/aadityasingh/Library/Developer/Xcode/DerivedData/Chatlio-erkyzdeecsohoaggpwbjdvavzqfv/Build/Products/Debug-iphonesimulator/PackageFrameworks -F /Users/aadityasingh/Library/Developer/Xcode/DerivedData/Chatlio-erkyzdeecsohoaggpwbjdvavzqfv/Build/Products/Debug-iphonesimulator/PackageFrameworks -F /Users/aadityasingh/Library/Developer/Xcode/DerivedData/Chatlio-erkyzdeecsohoaggpwbjdvavzqfv/Build/Products/Debug-iphonesimulator/PackageFrameworks -F /Users/aadityasingh/Library/Developer/Xcode/DerivedData/Chatlio-erkyzdeecsohoaggpwbjdvavzqfv/Build/Products/Debug-iphonesimulator/PackageFrameworks -F /Users/aadityasingh/Library/Developer/Xcode/DerivedData/Chatlio-erkyzdeecsohoaggpwbjdvavzqfv/Build/Products/Debug-iphonesimulator/PackageFrameworks -F /Users/aadityasingh/Library/Developer/Xcode/DerivedData/Chatlio-erkyzdeecsohoaggpwbjdvavzqfv/Build/Products/Debug-iphonesimulator/PackageFrameworks -F /Users/aadityasingh/Library/Developer/Xcode/DerivedData/Chatlio-erkyzdeecsohoaggpwbjdvavzqfv/Build/Products/Debug-iphonesimulator/PackageFrameworks -F /Users/aadityasingh/Library/Developer/Xcode/DerivedData/Chatlio-erkyzdeecsohoaggpwbjdvavzqfv/Build/Products/Debug-iphonesimulator/PackageFrameworks -F /Users/aadityasingh/Library/Developer/Xcode/DerivedData/Chatlio-erkyzdeecsohoaggpwbjdvavzqfv/Build/Products/Debug-iphonesimulator/PackageFrameworks -F /Users/aadityasingh/Library/Developer/Xcode/DerivedData/Chatlio-erkyzdeecsohoaggpwbjdvavzqfv/Build/Products/Debug-iphonesimulator/PackageFrameworks -F /Users/aadityasingh/Library/Developer/Xcode/DerivedData/Chatlio-erkyzdeecsohoaggpwbjdvavzqfv/Build/Products/Debug-iphonesimulator/PackageFrameworks -F /Users/aadityasingh/Library/Developer/Xcode/DerivedData/Chatlio-erkyzdeecsohoaggpwbjdvavzqfv/Build/Products/Debug-iphonesimulator/PackageFrameworks -F /Users/aadityasingh/Library/Developer/Xcode/DerivedData/Chatlio-erkyzdeecsohoaggpwbjdvavzqfv/Build/Products/Debug-iphonesimulator/PackageFrameworks -F /Users/aadityasingh/Library/Developer/Xcode/DerivedData/Chatlio-erkyzdeecsohoaggpwbjdvavzqfv/Build/Products/Debug-iphonesimulator/PackageFrameworks -F /Users/aadityasingh/Library/Developer/Xcode/DerivedData/Chatlio-erkyzdeecsohoaggpwbjdvavzqfv/Build/Products/Debug-iphonesimulator/PackageFrameworks -F /Users/aadityasingh/Library/Developer/Xcode/DerivedData/Chatlio-erkyzdeecsohoaggpwbjdvavzqfv/Build/Products/Debug-iphonesimulator/PackageFrameworks -F /Users/aadityasingh/Library/Developer/Xcode/DerivedData/Chatlio-erkyzdeecsohoaggpwbjdvavzqfv/Build/Products/Debug-iphonesimulator/PackageFrameworks -F /Users/aadityasingh/Library/Developer/Xcode/DerivedData/Chatlio-erkyzdeecsohoaggpwbjdvavzqfv/Build/Products/Debug-iphonesimulator/PackageFrameworks -F /Users/aadityasingh/Library/Developer/Xcode/DerivedData/Chatlio-erkyzdeecsohoaggpwbjdvavzqfv/Build/Products/Debug-iphonesimulator/PackageFrameworks -F /Users/aadityasingh/Library/Developer/Xcode/DerivedData/Chatlio-erkyzdeecsohoaggpwbjdvavzqfv/Build/Products/Debug-iphonesimulator/PackageFrameworks -F /Users/aadityasingh/Library/Developer/Xcode/DerivedData/Chatlio-erkyzdeecsohoaggpwbjdvavzqfv/Build/Products/Debug-iphonesimulator/PackageFrameworks -F /Users/aadityasingh/Library/Developer/Xcode/DerivedData/Chatlio-erkyzdeecsohoaggpwbjdvavzqfv/Build/Products/Debug-iphonesimulator/PackageFrameworks -F /Users/aadityasingh/Library/Developer/Xcode/DerivedData/Chatlio-erkyzdeecsohoaggpwbjdvavzqfv/Build/Products/Debug-iphonesimulator/PackageFrameworks -F /Users/aadityasingh/Library/Developer/Xcode/DerivedData/Chatlio-erkyzdeecsohoaggpwbjdvavzqfv/Build/Products/Debug-iphonesimulator/PackageFrameworks -F /Users/aadityasingh/Library/Developer/Xcode/DerivedData/Chatlio-erkyzdeecsohoaggpwbjdvavzqfv/Build/Products/Debug-iphonesimulator/PackageFrameworks -F /Users/aadityasingh/Library/Developer/Xcode/DerivedData/Chatlio-erkyzdeecsohoaggpwbjdvavzqfv/Build/Products/Debug-iphonesimulator/PackageFrameworks -F /Users/aadityasingh/Library/Developer/Xcode/DerivedData/Chatlio-erkyzdeecsohoaggpwbjdvavzqfv/Build/Products/Debug-iphonesimulator/PackageFrameworks -F /Users/aadityasingh/Library/Developer/Xcode/DerivedData/Chatlio-erkyzdeecsohoaggpwbjdvavzqfv/Build/Products/Debug-iphonesimulator/PackageFrameworks -F /Users/aadityasingh/Library/Developer/Xcode/DerivedData/Chatlio-erkyzdeecsohoaggpwbjdvavzqfv/Build/Products/Debug-iphonesimulator/PackageFrameworks -F /Users/aadityasingh/Library/Developer/Xcode/DerivedData/Chatlio-erkyzdeecsohoaggpwbjdvavzqfv/Build/Products/Debug-iphonesimulator/PackageFrameworks -F /Users/aadityasingh/Library/Developer/Xcode/DerivedData/Chatlio-erkyzdeecsohoaggpwbjdvavzqfv/Build/Products/Debug-iphonesimulator/PackageFrameworks -F /Users/aadityasingh/Library/Developer/Xcode/DerivedData/Chatlio-erkyzdeecsohoaggpwbjdvavzqfv/Build/Products/Debug-iphonesimulator/PackageFrameworks -F /Users/aadityasingh/Library/Developer/Xcode/DerivedData/Chatlio-erkyzdeecsohoaggpwbjdvavzqfv/Build/Products/Debug-iphonesimulator -no-color-diagnostics -Xcc -fno-color-diagnostics -enable-testing -g -debug-info-format\=dwarf -dwarf-version\=4 -module-cache-path /Users/aadityasingh/Library/Developer/Xcode/DerivedData/Chatlio-erkyzdeecsohoaggpwbjdvavzqfv/Build/Intermediates.noindex/SwiftExplicitPrecompiledModules -profile-generate -profile-coverage-mapping -swift-version 5 -Onone -D DEBUG -D IS_MAIN_APP -serialize-debugging-options -const-gather-protocols-file /Users/aadityasingh/Library/Developer/Xcode/DerivedData/Chatlio-erkyzdeecsohoaggpwbjdvavzqfv/Build/Intermediates.noindex/Chatlio.build/Debug-iphonesimulator/Chatlio.build/Objects-normal/arm64/Chatlio_const_extract_protocols.json -enable-experimental-feature DebugDescriptionMacro -enable-bare-slash-regex -empty-abi-descriptor -validate-clang-modules-once -clang-build-session-file /Users/aadityasingh/Library/Developer/Xcode/DerivedData/ModuleCache.noindex/Session.modulevalidation -Xcc -working-directory -Xcc /Users/aadityasingh/Documents/Development/element-x-ios -enable-anonymous-context-mangled-names -file-compilation-dir /Users/aadityasingh/Documents/Development/element-x-ios -Xcc -fmodule-map-file\=/Users/aadityasingh/Library/Developer/Xcode/DerivedData/Chatlio-erkyzdeecsohoaggpwbjdvavzqfv/Build/Intermediates.noindex/GeneratedModuleMaps-iphonesimulator/phlibwebp.modulemap -Xcc -fmodule-map-file\=/Users/aadityasingh/Library/Developer/Xcode/DerivedData/Chatlio-erkyzdeecsohoaggpwbjdvavzqfv/Build/Intermediates.noindex/GeneratedModuleMaps-iphonesimulator/GZIP.modulemap -Xcc -fmodule-map-file\=/Users/aadityasingh/Library/Developer/Xcode/DerivedData/Chatlio-erkyzdeecsohoaggpwbjdvavzqfv/Build/Intermediates.noindex/GeneratedModuleMaps-iphonesimulator/SentryInternal.modulemap -Xcc -fmodule-map-file\=/Users/aadityasingh/Library/Developer/Xcode/DerivedData/Chatlio-erkyzdeecsohoaggpwbjdvavzqfv/Build/Intermediates.noindex/GeneratedModuleMaps-iphonesimulator/DTFoundation.modulemap -Xcc -fmodule-map-file\=/Users/aadityasingh/Library/Developer/Xcode/DerivedData/Chatlio-erkyzdeecsohoaggpwbjdvavzqfv/Build/Intermediates.noindex/GeneratedModuleMaps-iphonesimulator/DTCoreText.modulemap -Xcc -fmodule-map-file\=/Users/aadityasingh/Library/Developer/Xcode/DerivedData/Chatlio-erkyzdeecsohoaggpwbjdvavzqfv/Build/Intermediates.noindex/GeneratedModuleMaps-iphonesimulator/DTCoreTextExtended.modulemap -Xcc -D_LIBCPP_HARDENING_MODE\=_LIBCPP_HARDENING_MODE_DEBUG -Xcc -ivfsstatcache -Xcc /Users/aadityasingh/Library/Developer/Xcode/DerivedData/SDKStatCaches.noindex/iphonesimulator26.4-23E252-686eebb5dc1d8ecb277353a59184f4aa.sdkstatcache -Xcc -I/Users/aadityasingh/Library/Developer/Xcode/DerivedData/Chatlio-erkyzdeecsohoaggpwbjdvavzqfv/Build/Intermediates.noindex/Chatlio.build/Debug-iphonesimulator/Chatlio.build/swift-overrides.hmap -Xcc -iquote -Xcc /Users/aadityasingh/Library/Developer/Xcode/DerivedData/Chatlio-erkyzdeecsohoaggpwbjdvavzqfv/Build/Intermediates.noindex/Chatlio.build/Debug-iphonesimulator/Chatlio.build/Chatlio-generated-files.hmap -Xcc -I/Users/aadityasingh/Library/Developer/Xcode/DerivedData/Chatlio-erkyzdeecsohoaggpwbjdvavzqfv/Build/Intermediates.noindex/Chatlio.build/Debug-iphonesimulator/Chatlio.build/Chatlio-own-target-headers.hmap -Xcc -I/Users/aadityasingh/Library/Developer/Xcode/DerivedData/Chatlio-erkyzdeecsohoaggpwbjdvavzqfv/Build/Intermediates.noindex/Chatlio.build/Debug-iphonesimulator/Chatlio.build/Chatlio-all-non-framework-target-headers.hmap -Xcc -ivfsoverlay -Xcc /Users/aadityasingh/Library/Developer/Xcode/DerivedData/Chatlio-erkyzdeecsohoaggpwbjdvavzqfv/Build/Intermediates.noindex/Chatlio.build/Debug-iphonesimulator/Chatlio-c0c2b8f6bf95e401ab7a73c0cdfb87e2-VFS-iphonesimulator/all-product-headers.yaml -Xcc -iquote -Xcc /Users/aadityasingh/Library/Developer/Xcode/DerivedData/Chatlio-erkyzdeecsohoaggpwbjdvavzqfv/Build/Intermediates.noindex/Chatlio.build/Debug-iphonesimulator/Chatlio.build/Chatlio-project-headers.hmap -Xcc -I/Users/aadityasingh/Library/Developer/Xcode/DerivedData/Chatlio-erkyzdeecsohoaggpwbjdvavzqfv/SourcePackages/checkouts/swift-numerics/Sources/_NumericsShims/include -Xcc -I/Users/aadityasingh/Library/Developer/Xcode/DerivedData/Chatlio-erkyzdeecsohoaggpwbjdvavzqfv/SourcePackages/checkouts/posthog-ios/vendor/libwebp -Xcc -I/Users/aadityasingh/Library/Developer/Xcode/DerivedData/Chatlio-erkyzdeecsohoaggpwbjdvavzqfv/SourcePackages/checkouts/GZIP/GZIP/Sources -Xcc -I/Users/aadityasingh/Library/Developer/Xcode/DerivedData/Chatlio-erkyzdeecsohoaggpwbjdvavzqfv/SourcePackages/checkouts/sentry-cocoa/Sources/SentrySwiftUI/SentryInternal -Xcc -I/Users/aadityasingh/Library/Developer/Xcode/DerivedData/Chatlio-erkyzdeecsohoaggpwbjdvavzqfv/SourcePackages/checkouts/DTFoundation/Core/include -Xcc -I/Users/aadityasingh/Library/Developer/Xcode/DerivedData/Chatlio-erkyzdeecsohoaggpwbjdvavzqfv/SourcePackages/checkouts/DTCoreText/Core/include -Xcc -I/Users/aadityasingh/Library/Developer/Xcode/DerivedData/Chatlio-erkyzdeecsohoaggpwbjdvavzqfv/SourcePackages/checkouts/matrix-rich-text-editor-swift/Sources/DTCoreTextExtended/include -Xcc -I/Users/aadityasingh/Library/Developer/Xcode/DerivedData/Chatlio-erkyzdeecsohoaggpwbjdvavzqfv/SourcePackages/checkouts/swift-ogg/Sources/SupportingFiles/Dependencies/Copustools/include -Xcc -I/Users/aadityasingh/Library/Developer/Xcode/DerivedData/Chatlio-erkyzdeecsohoaggpwbjdvavzqfv/SourcePackages/checkouts/swift-atomics/Sources/_AtomicsShims/include -Xcc -I/Users/aadityasingh/Library/Developer/Xcode/DerivedData/Chatlio-erkyzdeecsohoaggpwbjdvavzqfv/Build/Products/Debug-iphonesimulator/include -Xcc -I/Users/aadityasingh/Library/Developer/Xcode/DerivedData/Chatlio-erkyzdeecsohoaggpwbjdvavzqfv/Build/Intermediates.noindex/Chatlio.build/Debug-iphonesimulator/Chatlio.build/DerivedSources-normal/arm64 -Xcc -I/Users/aadityasingh/Library/Developer/Xcode/DerivedData/Chatlio-erkyzdeecsohoaggpwbjdvavzqfv/Build/Intermediates.noindex/Chatlio.build/Debug-iphonesimulator/Chatlio.build/DerivedSources/arm64 -Xcc -I/Users/aadityasingh/Library/Developer/Xcode/DerivedData/Chatlio-erkyzdeecsohoaggpwbjdvavzqfv/Build/Intermediates.noindex/Chatlio.build/Debug-iphonesimulator/Chatlio.build/DerivedSources -Xcc -DDEBUG\=1 -import-objc-header /Users/aadityasingh/Library/Developer/Xcode/DerivedData/Chatlio-erkyzdeecsohoaggpwbjdvavzqfv/Build/Intermediates.noindex/Chatlio.build/Debug-iphonesimulator/Chatlio.build/Objects-normal/arm64/Chatlio-primary-Bridging-header.pch -no-auto-bridging-header-chaining -module-name Chatlio -frontend-parseable-output -disable-clang-spi -clang-target arm64-apple-ios26.4-simulator -target-sdk-version 26.4 -target-sdk-name iphonesimulator26.4 -in-process-plugin-server-path /Applications/Xcode.app/Contents/Developer/Toolchains/XcodeDefault.xctoolchain/usr/lib/swift/host/libSwiftInProcPluginServer.dylib -o /Users/aadityasingh/Library/Developer/Xcode/DerivedData/Chatlio-erkyzdeecsohoaggpwbjdvavzqfv/Build/Intermediates.noindex/Chatlio.build/Debug-iphonesimulator/Chatlio.build/Objects-normal/arm64/RoomTimelineItemFactoryProtocol.o -o /Users/aadityasingh/Library/Developer/Xcode/DerivedData/Chatlio-erkyzdeecsohoaggpwbjdvavzqfv/Build/Intermediates.noindex/Chatlio.build/Debug-iphonesimulator/Chatlio.build/Objects-normal/arm64/RoomTimelineItemProperties.o -o /Users/aadityasingh/Library/Developer/Xcode/DerivedData/Chatlio-erkyzdeecsohoaggpwbjdvavzqfv/Build/Intermediates.noindex/Chatlio.build/Debug-iphonesimulator/Chatlio.build/Objects-normal/arm64/RoomTimelineItemProtocol.o -o /Users/aadityasingh/Library/Developer/Xcode/DerivedData/Chatlio-erkyzdeecsohoaggpwbjdvavzqfv/Build/Intermediates.noindex/Chatlio.build/Debug-iphonesimulator/Chatlio.build/Objects-normal/arm64/RoomTimelineItemView.o -o /Users/aadityasingh/Library/Developer/Xcode/DerivedData/Chatlio-erkyzdeecsohoaggpwbjdvavzqfv/Build/Intermediates.noindex/Chatlio.build/Debug-iphonesimulator/Chatlio.build/Objects-normal/arm64/RoomTimelineItemViewState.o -o /Users/aadityasingh/Library/Developer/Xcode/DerivedData/Chatlio-erkyzdeecsohoaggpwbjdvavzqfv/Build/Intermediates.noindex/Chatlio.build/Debug-iphonesimulator/Chatlio.build/Objects-normal/arm64/RoundedCornerShape.o -o /Users/aadityasingh/Library/Developer/Xcode/DerivedData/Chatlio-erkyzdeecsohoaggpwbjdvavzqfv/Build/Intermediates.noindex/Chatlio.build/Debug-iphonesimulator/Chatlio.build/Objects-normal/arm64/RowDivider.o -o /Users/aadityasingh/Library/Developer/Xcode/DerivedData/Chatlio-erkyzdeecsohoaggpwbjdvavzqfv/Build/Intermediates.noindex/Chatlio.build/Debug-iphonesimulator/Chatlio.build/Objects-normal/arm64/SDKListener.o -o /Users/aadityasingh/Library/Developer/Xcode/DerivedData/Chatlio-erkyzdeecsohoaggpwbjdvavzqfv/Build/Intermediates.noindex/Chatlio.build/Debug-iphonesimulator/Chatlio.build/Objects-normal/arm64/SFNumberedListView.o -o /Users/aadityasingh/Library/Developer/Xcode/DerivedData/Chatlio-erkyzdeecsohoaggpwbjdvavzqfv/Build/Intermediates.noindex/Chatlio.build/Debug-iphonesimulator/Chatlio.build/Objects-normal/arm64/SceneDelegate.o -o /Users/aadityasingh/Library/Developer/Xcode/DerivedData/Chatlio-erkyzdeecsohoaggpwbjdvavzqfv/Build/Intermediates.noindex/Chatlio.build/Debug-iphonesimulator/Chatlio.build/Objects-normal/arm64/ScreenTrackerViewModifier.o -o /Users/aadityasingh/Library/Developer/Xcode/DerivedData/Chatlio-erkyzdeecsohoaggpwbjdvavzqfv/Build/Intermediates.noindex/Chatlio.build/Debug-iphonesimulator/Chatlio.build/Objects-normal/arm64/ScrollViewAdapter.o -o /Users/aadityasingh/Library/Developer/Xcode/DerivedData/Chatlio-erkyzdeecsohoaggpwbjdvavzqfv/Build/Intermediates.noindex/Chatlio.build/Debug-iphonesimulator/Chatlio.build/Objects-normal/arm64/Search.o -o /Users/aadityasingh/Library/Developer/Xcode/DerivedData/Chatlio-erkyzdeecsohoaggpwbjdvavzqfv/Build/Intermediates.noindex/Chatlio.build/Debug-iphonesimulator/Chatlio.build/Objects-normal/arm64/Secrets.o -o /Users/aadityasingh/Library/Developer/Xcode/DerivedData/Chatlio-erkyzdeecsohoaggpwbjdvavzqfv/Build/Intermediates.noindex/Chatlio.build/Debug-iphonesimulator/Chatlio.build/Objects-normal/arm64/Section.o -o /Users/aadityasingh/Library/Developer/Xcode/DerivedData/Chatlio-erkyzdeecsohoaggpwbjdvavzqfv/Build/Intermediates.noindex/Chatlio.build/Debug-iphonesimulator/Chatlio.build/Objects-normal/arm64/SecureBackupController.o -o /Users/aadityasingh/Library/Developer/Xcode/DerivedData/Chatlio-erkyzdeecsohoaggpwbjdvavzqfv/Build/Intermediates.noindex/Chatlio.build/Debug-iphonesimulator/Chatlio.build/Objects-normal/arm64/SecureBackupControllerProtocol.o -o /Users/aadityasingh/Library/Developer/Xcode/DerivedData/Chatlio-erkyzdeecsohoaggpwbjdvavzqfv/Build/Intermediates.noindex/Chatlio.build/Debug-iphonesimulator/Chatlio.build/Objects-normal/arm64/SecureBackupKeyBackupScreen.o -o /Users/aadityasingh/Library/Developer/Xcode/DerivedData/Chatlio-erkyzdeecsohoaggpwbjdvavzqfv/Build/Intermediates.noindex/Chatlio.build/Debug-iphonesimulator/Chatlio.build/Objects-normal/arm64/SecureBackupKeyBackupScreenCoordinator.o -o /Users/aadityasingh/Library/Developer/Xcode/DerivedData/Chatlio-erkyzdeecsohoaggpwbjdvavzqfv/Build/Intermediates.noindex/Chatlio.build/Debug-iphonesimulator/Chatlio.build/Objects-normal/arm64/SecureBackupKeyBackupScreenModels.o -o /Users/aadityasingh/Library/Developer/Xcode/DerivedData/Chatlio-erkyzdeecsohoaggpwbjdvavzqfv/Build/Intermediates.noindex/Chatlio.build/Debug-iphonesimulator/Chatlio.build/Objects-normal/arm64/SecureBackupKeyBackupScreenViewModel.o -o /Users/aadityasingh/Library/Developer/Xcode/DerivedData/Chatlio-erkyzdeecsohoaggpwbjdvavzqfv/Build/Intermediates.noindex/Chatlio.build/Debug-iphonesimulator/Chatlio.build/Objects-normal/arm64/SecureBackupKeyBackupScreenViewModelProtocol.o -o /Users/aadityasingh/Library/Developer/Xcode/DerivedData/Chatlio-erkyzdeecsohoaggpwbjdvavzqfv/Build/Intermediates.noindex/Chatlio.build/Debug-iphonesimulator/Chatlio.build/Objects-normal/arm64/SecureBackupLogoutConfirmationScreen.o -o /Users/aadityasingh/Library/Developer/Xcode/DerivedData/Chatlio-erkyzdeecsohoaggpwbjdvavzqfv/Build/Intermediates.noindex/Chatlio.build/Debug-iphonesimulator/Chatlio.build/Objects-normal/arm64/SecureBackupLogoutConfirmationScreenCoordinator.o -index-unit-output-path /Chatlio.build/Debug-iphonesimulator/Chatlio.build/Objects-normal/arm64/RoomTimelineItemFactoryProtocol.o -index-unit-output-path /Chatlio.build/Debug-iphonesimulator/Chatlio.build/Objects-normal/arm64/RoomTimelineItemProperties.o -index-unit-output-path /Chatlio.build/Debug-iphonesimulator/Chatlio.build/Objects-normal/arm64/RoomTimelineItemProtocol.o -index-unit-output-path /Chatlio.build/Debug-iphonesimulator/Chatlio.build/Objects-normal/arm64/RoomTimelineItemView.o -index-unit-output-path /Chatlio.build/Debug-iphonesimulator/Chatlio.build/Objects-normal/arm64/RoomTimelineItemViewState.o -index-unit-output-path /Chatlio.build/Debug-iphonesimulator/Chatlio.build/Objects-normal/arm64/RoundedCornerShape.o -index-unit-output-path /Chatlio.build/Debug-iphonesimulator/Chatlio.build/Objects-normal/arm64/RowDivider.o -index-unit-output-path /Chatlio.build/Debug-iphonesimulator/Chatlio.build/Objects-normal/arm64/SDKListener.o -index-unit-output-path /Chatlio.build/Debug-iphonesimulator/Chatlio.build/Objects-normal/arm64/SFNumberedListView.o -index-unit-output-path /Chatlio.build/Debug-iphonesimulator/Chatlio.build/Objects-normal/arm64/SceneDelegate.o -index-unit-output-path /Chatlio.build/Debug-iphonesimulator/Chatlio.build/Objects-normal/arm64/ScreenTrackerViewModifier.o -index-unit-output-path /Chatlio.build/Debug-iphonesimulator/Chatlio.build/Objects-normal/arm64/ScrollViewAdapter.o -index-unit-output-path /Chatlio.build/Debug-iphonesimulator/Chatlio.build/Objects-normal/arm64/Search.o -index-unit-output-path /Chatlio.build/Debug-iphonesimulator/Chatlio.build/Objects-normal/arm64/Secrets.o -index-unit-output-path /Chatlio.build/Debug-iphonesimulator/Chatlio.build/Objects-normal/arm64/Section.o -index-unit-output-path /Chatlio.build/Debug-iphonesimulator/Chatlio.build/Objects-normal/arm64/SecureBackupController.o -index-unit-output-path /Chatlio.build/Debug-iphonesimulator/Chatlio.build/Objects-normal/arm64/SecureBackupControllerProtocol.o -index-unit-output-path /Chatlio.build/Debug-iphonesimulator/Chatlio.build/Objects-normal/arm64/SecureBackupKeyBackupScreen.o -index-unit-output-path /Chatlio.build/Debug-iphonesimulator/Chatlio.build/Objects-normal/arm64/SecureBackupKeyBackupScreenCoordinator.o -index-unit-output-path /Chatlio.build/Debug-iphonesimulator/Chatlio.build/Objects-normal/arm64/SecureBackupKeyBackupScreenModels.o -index-unit-output-path /Chatlio.build/Debug-iphonesimulator/Chatlio.build/Objects-normal/arm64/SecureBackupKeyBackupScreenViewModel.o -index-unit-output-path /Chatlio.build/Debug-iphonesimulator/Chatlio.build/Objects-normal/arm64/SecureBackupKeyBackupScreenViewModelProtocol.o -index-unit-output-path /Chatlio.build/Debug-iphonesimulator/Chatlio.build/Objects-normal/arm64/SecureBackupLogoutConfirmationScreen.o -index-unit-output-path /Chatlio.build/Debug-iphonesimulator/Chatlio.build/Objects-normal/arm64/SecureBackupLogoutConfirmationScreenCoordinator.o -index-store-path /Users/aadityasingh/Library/Developer/Xcode/DerivedData/Chatlio-erkyzdeecsohoaggpwbjdvavzqfv/Index.noindex/DataStore -index-system-modules

SwiftCompile normal arm64 /Users/aadityasingh/Documents/Development/element-x-ios/Chatlio/Sources/Services/Timeline/TimelineItems/RoomTimelineItemFactoryProtocol.swift (in target 'Chatlio' from project 'Chatlio')
    cd /Users/aadityasingh/Documents/Development/element-x-ios
    

SwiftCompile normal arm64 /Users/aadityasingh/Documents/Development/element-x-ios/Chatlio/Sources/Services/Timeline/TimelineItemContent/RoomTimelineItemProperties.swift (in target 'Chatlio' from project 'Chatlio')
    cd /Users/aadityasingh/Documents/Development/element-x-ios
    

SwiftCompile normal arm64 /Users/aadityasingh/Documents/Development/element-x-ios/Chatlio/Sources/Services/Timeline/TimelineItems/RoomTimelineItemProtocol.swift (in target 'Chatlio' from project 'Chatlio')
    cd /Users/aadityasingh/Documents/Development/element-x-ios
    

SwiftCompile normal arm64 /Users/aadityasingh/Documents/Development/element-x-ios/Chatlio/Sources/Services/Timeline/TimelineItems/RoomTimelineItemView.swift (in target 'Chatlio' from project 'Chatlio')
    cd /Users/aadityasingh/Documents/Development/element-x-ios
    

SwiftCompile normal arm64 /Users/aadityasingh/Documents/Development/element-x-ios/Chatlio/Sources/Services/Timeline/TimelineItems/RoomTimelineItemViewState.swift (in target 'Chatlio' from project 'Chatlio')
    cd /Users/aadityasingh/Documents/Development/element-x-ios
    

SwiftCompile normal arm64 /Users/aadityasingh/Documents/Development/element-x-ios/Chatlio/Sources/Other/SwiftUI/Views/RoundedCornerShape.swift (in target 'Chatlio' from project 'Chatlio')
    cd /Users/aadityasingh/Documents/Development/element-x-ios
    

SwiftCompile normal arm64 /Users/aadityasingh/Documents/Development/element-x-ios/Chatlio/Sources/Other/SwiftUI/RowDivider.swift (in target 'Chatlio' from project 'Chatlio')
    cd /Users/aadityasingh/Documents/Development/element-x-ios
    

SwiftCompile normal arm64 /Users/aadityasingh/Documents/Development/element-x-ios/Chatlio/Sources/Other/SDKListener.swift (in target 'Chatlio' from project 'Chatlio')
    cd /Users/aadityasingh/Documents/Development/element-x-ios
    

SwiftCompile normal arm64 /Users/aadityasingh/Documents/Development/element-x-ios/Chatlio/Sources/Other/SwiftUI/Views/SFNumberedListView.swift (in target 'Chatlio' from project 'Chatlio')
    cd /Users/aadityasingh/Documents/Development/element-x-ios
    

SwiftCompile normal arm64 /Users/aadityasingh/Documents/Development/element-x-ios/Chatlio/Sources/Application/Windowing/SceneDelegate.swift (in target 'Chatlio' from project 'Chatlio')
    cd /Users/aadityasingh/Documents/Development/element-x-ios
    

SwiftCompile normal arm64 /Users/aadityasingh/Documents/Development/element-x-ios/Chatlio/Sources/Other/Analytics/ScreenTrackerViewModifier.swift (in target 'Chatlio' from project 'Chatlio')
    cd /Users/aadityasingh/Documents/Development/element-x-ios
    

SwiftCompile normal arm64 /Users/aadityasingh/Documents/Development/element-x-ios/Chatlio/Sources/Other/ScrollViewAdapter.swift (in target 'Chatlio' from project 'Chatlio')
    cd /Users/aadityasingh/Documents/Development/element-x-ios
    

SwiftCompile normal arm64 /Users/aadityasingh/Documents/Development/element-x-ios/Chatlio/Sources/Other/SwiftUI/Search.swift (in target 'Chatlio' from project 'Chatlio')
    cd /Users/aadityasingh/Documents/Development/element-x-ios
    
/Users/aadityasingh/Documents/Development/element-x-ios/Chatlio/Sources/Other/SwiftUI/Search.swift:233:14: error: 'searchFocused' is only available in iOS 18.0 or newer
            .searchFocused($isFocused)
             ^
/Users/aadityasingh/Documents/Development/element-x-ios/Chatlio/Sources/Other/SwiftUI/Search.swift:233:14: note: add 'if #available' version check
            .searchFocused($isFocused)
             ^
/Users/aadityasingh/Documents/Development/element-x-ios/Chatlio/Sources/Other/SwiftUI/Search.swift:231:10: note: add '@available' attribute to enclosing instance method
    func body(content: Content) -> some View {
         ^
/Users/aadityasingh/Documents/Development/element-x-ios/Chatlio/Sources/Other/SwiftUI/Search.swift:228:16: note: add '@available' attribute to enclosing struct
private struct FocusSearchIfHardwareKeyboardAvailableModifier: ViewModifier {
               ^

SwiftCompile normal arm64 /Users/aadityasingh/Documents/Development/element-x-ios/Secrets/Secrets.swift (in target 'Chatlio' from project 'Chatlio')
    cd /Users/aadityasingh/Documents/Development/element-x-ios
    

SwiftCompile normal arm64 /Users/aadityasingh/Documents/Development/element-x-ios/Chatlio/Sources/Other/Extensions/Section.swift (in target 'Chatlio' from project 'Chatlio')
    cd /Users/aadityasingh/Documents/Development/element-x-ios
    

SwiftCompile normal arm64 /Users/aadityasingh/Documents/Development/element-x-ios/Chatlio/Sources/Services/SecureBackup/SecureBackupController.swift (in target 'Chatlio' from project 'Chatlio')
    cd /Users/aadityasingh/Documents/Development/element-x-ios
    
/Users/aadityasingh/Documents/Development/element-x-ios/Chatlio/Sources/Services/SecureBackup/SecureBackupController.swift:135:21: warning: mutation of captured var 'keyUploadErrored' in concurrently-executing code; this is an error in the Swift 6 language mode
                    keyUploadErrored = true
                    ^

SwiftCompile normal arm64 /Users/aadityasingh/Documents/Development/element-x-ios/Chatlio/Sources/Services/SecureBackup/SecureBackupControllerProtocol.swift (in target 'Chatlio' from project 'Chatlio')
    cd /Users/aadityasingh/Documents/Development/element-x-ios
    

SwiftCompile normal arm64 /Users/aadityasingh/Documents/Development/element-x-ios/Chatlio/Sources/Screens/SecureBackup/SecureBackupKeyBackupScreen/View/SecureBackupKeyBackupScreen.swift (in target 'Chatlio' from project 'Chatlio')
    cd /Users/aadityasingh/Documents/Development/element-x-ios
    

SwiftCompile normal arm64 /Users/aadityasingh/Documents/Development/element-x-ios/Chatlio/Sources/Screens/SecureBackup/SecureBackupKeyBackupScreen/SecureBackupKeyBackupScreenCoordinator.swift (in target 'Chatlio' from project 'Chatlio')
    cd /Users/aadityasingh/Documents/Development/element-x-ios
    

SwiftCompile normal arm64 /Users/aadityasingh/Documents/Development/element-x-ios/Chatlio/Sources/Screens/SecureBackup/SecureBackupKeyBackupScreen/SecureBackupKeyBackupScreenModels.swift (in target 'Chatlio' from project 'Chatlio')
    cd /Users/aadityasingh/Documents/Development/element-x-ios
    

SwiftCompile normal arm64 /Users/aadityasingh/Documents/Development/element-x-ios/Chatlio/Sources/Screens/SecureBackup/SecureBackupKeyBackupScreen/SecureBackupKeyBackupScreenViewModel.swift (in target 'Chatlio' from project 'Chatlio')
    cd /Users/aadityasingh/Documents/Development/element-x-ios
    

SwiftCompile normal arm64 /Users/aadityasingh/Documents/Development/element-x-ios/Chatlio/Sources/Screens/SecureBackup/SecureBackupKeyBackupScreen/SecureBackupKeyBackupScreenViewModelProtocol.swift (in target 'Chatlio' from project 'Chatlio')
    cd /Users/aadityasingh/Documents/Development/element-x-ios
    

SwiftCompile normal arm64 /Users/aadityasingh/Documents/Development/element-x-ios/Chatlio/Sources/Screens/SecureBackup/SecureBackupLogoutConfirmationScreen/View/SecureBackupLogoutConfirmationScreen.swift (in target 'Chatlio' from project 'Chatlio')
    cd /Users/aadityasingh/Documents/Development/element-x-ios
    

SwiftCompile normal arm64 /Users/aadityasingh/Documents/Development/element-x-ios/Chatlio/Sources/Screens/SecureBackup/SecureBackupLogoutConfirmationScreen/SecureBackupLogoutConfirmationScreenCoordinator.swift (in target 'Chatlio' from project 'Chatlio')
    cd /Users/aadityasingh/Documents/Development/element-x-ios
    

SwiftCompile normal arm64 Compiling\ RoomInfoProxy.swift,\ RoomInfoProxyProtocol.swift,\ RoomInviterLabel.swift,\ RoomListFilterModels.swift,\ RoomListFilterView.swift,\ RoomListFiltersEmptyStateView.swift,\ RoomListFiltersView.swift,\ RoomMemberDetails.swift,\ RoomMemberDetailsScreen.swift,\ RoomMemberDetailsScreenCoordinator.swift,\ RoomMemberDetailsScreenModels.swift,\ RoomMemberDetailsScreenViewModel.swift,\ RoomMemberDetailsScreenViewModelProtocol.swift,\ RoomMemberProxy.swift,\ RoomMemberProxyProtocol.swift,\ RoomMembersFlowCoordinator.swift,\ RoomMembersListScreen.swift,\ RoomMembersListScreenCoordinator.swift,\ RoomMembersListScreenMemberCell.swift,\ RoomMembersListScreenModels.swift,\ RoomMembersListScreenViewModel.swift,\ RoomMembersListScreenViewModelProtocol.swift,\ RoomMembershipDetailsProxy.swift,\ RoomMembershipDetailsProxyProtocol.swift /Users/aadityasingh/Documents/Development/element-x-ios/Chatlio/Sources/Services/Room/RoomInfoProxy.swift /Users/aadityasingh/Documents/Development/element-x-ios/Chatlio/Sources/Services/Room/RoomInfoProxyProtocol.swift /Users/aadityasingh/Documents/Development/element-x-ios/Chatlio/Sources/Other/SwiftUI/Views/RoomInviterLabel.swift /Users/aadityasingh/Documents/Development/element-x-ios/Chatlio/Sources/Screens/HomeScreen/View/Filters/RoomListFilterModels.swift /Users/aadityasingh/Documents/Development/element-x-ios/Chatlio/Sources/Screens/HomeScreen/View/Filters/RoomListFilterView.swift /Users/aadityasingh/Documents/Development/element-x-ios/Chatlio/Sources/Screens/HomeScreen/View/Filters/RoomListFiltersEmptyStateView.swift /Users/aadityasingh/Documents/Development/element-x-ios/Chatlio/Sources/Screens/HomeScreen/View/Filters/RoomListFiltersView.swift /Users/aadityasingh/Documents/Development/element-x-ios/Chatlio/Sources/Services/Room/RoomMember/RoomMemberDetails.swift /Users/aadityasingh/Documents/Development/element-x-ios/Chatlio/Sources/Screens/RoomMemberDetailsScreen/View/RoomMemberDetailsScreen.swift /Users/aadityasingh/Documents/Development/element-x-ios/Chatlio/Sources/Screens/RoomMemberDetailsScreen/RoomMemberDetailsScreenCoordinator.swift /Users/aadityasingh/Documents/Development/element-x-ios/Chatlio/Sources/Screens/RoomMemberDetailsScreen/RoomMemberDetailsScreenModels.swift /Users/aadityasingh/Documents/Development/element-x-ios/Chatlio/Sources/Screens/RoomMemberDetailsScreen/RoomMemberDetailsScreenViewModel.swift /Users/aadityasingh/Documents/Development/element-x-ios/Chatlio/Sources/Screens/RoomMemberDetailsScreen/RoomMemberDetailsScreenViewModelProtocol.swift /Users/aadityasingh/Documents/Development/element-x-ios/Chatlio/Sources/Services/Room/RoomMember/RoomMemberProxy.swift /Users/aadityasingh/Documents/Development/element-x-ios/Chatlio/Sources/Services/Room/RoomMember/RoomMemberProxyProtocol.swift /Users/aadityasingh/Documents/Development/element-x-ios/Chatlio/Sources/FlowCoordinators/RoomMembersFlowCoordinator.swift /Users/aadityasingh/Documents/Development/element-x-ios/Chatlio/Sources/Screens/RoomMemberListScreen/View/RoomMembersListScreen.swift /Users/aadityasingh/Documents/Development/element-x-ios/Chatlio/Sources/Screens/RoomMemberListScreen/RoomMembersListScreenCoordinator.swift /Users/aadityasingh/Documents/Development/element-x-ios/Chatlio/Sources/Screens/RoomMemberListScreen/View/RoomMembersListScreenMemberCell.swift /Users/aadityasingh/Documents/Development/element-x-ios/Chatlio/Sources/Screens/RoomMemberListScreen/RoomMembersListScreenModels.swift /Users/aadityasingh/Documents/Development/element-x-ios/Chatlio/Sources/Screens/RoomMemberListScreen/RoomMembersListScreenViewModel.swift /Users/aadityasingh/Documents/Development/element-x-ios/Chatlio/Sources/Screens/RoomMemberListScreen/RoomMembersListScreenViewModelProtocol.swift /Users/aadityasingh/Documents/Development/element-x-ios/Chatlio/Sources/Services/Room/RoomMembershipDetails/RoomMembershipDetailsProxy.swift /Users/aadityasingh/Documents/Development/element-x-ios/Chatlio/Sources/Services/Room/RoomMembershipDetails/RoomMembershipDetailsProxyProtocol.swift (in target 'Chatlio' from project 'Chatlio')

SwiftCompile normal arm64 /Users/aadityasingh/Documents/Development/element-x-ios/Chatlio/Sources/Services/Room/RoomInfoProxy.swift (in target 'Chatlio' from project 'Chatlio')
    cd /Users/aadityasingh/Documents/Development/element-x-ios
    

SwiftCompile normal arm64 /Users/aadityasingh/Documents/Development/element-x-ios/Chatlio/Sources/Services/Room/RoomInfoProxyProtocol.swift (in target 'Chatlio' from project 'Chatlio')
    cd /Users/aadityasingh/Documents/Development/element-x-ios
    

SwiftCompile normal arm64 /Users/aadityasingh/Documents/Development/element-x-ios/Chatlio/Sources/Other/SwiftUI/Views/RoomInviterLabel.swift (in target 'Chatlio' from project 'Chatlio')
    cd /Users/aadityasingh/Documents/Development/element-x-ios
    

SwiftCompile normal arm64 /Users/aadityasingh/Documents/Development/element-x-ios/Chatlio/Sources/Screens/HomeScreen/View/Filters/RoomListFilterModels.swift (in target 'Chatlio' from project 'Chatlio')
    cd /Users/aadityasingh/Documents/Development/element-x-ios
    

SwiftCompile normal arm64 /Users/aadityasingh/Documents/Development/element-x-ios/Chatlio/Sources/Screens/HomeScreen/View/Filters/RoomListFilterView.swift (in target 'Chatlio' from project 'Chatlio')
    cd /Users/aadityasingh/Documents/Development/element-x-ios
    

SwiftCompile normal arm64 /Users/aadityasingh/Documents/Development/element-x-ios/Chatlio/Sources/Screens/HomeScreen/View/Filters/RoomListFiltersEmptyStateView.swift (in target 'Chatlio' from project 'Chatlio')
    cd /Users/aadityasingh/Documents/Development/element-x-ios
    

SwiftCompile normal arm64 /Users/aadityasingh/Documents/Development/element-x-ios/Chatlio/Sources/Screens/HomeScreen/View/Filters/RoomListFiltersView.swift (in target 'Chatlio' from project 'Chatlio')
    cd /Users/aadityasingh/Documents/Development/element-x-ios
    

SwiftCompile normal arm64 /Users/aadityasingh/Documents/Development/element-x-ios/Chatlio/Sources/Services/Room/RoomMember/RoomMemberDetails.swift (in target 'Chatlio' from project 'Chatlio')
    cd /Users/aadityasingh/Documents/Development/element-x-ios
    

SwiftCompile normal arm64 /Users/aadityasingh/Documents/Development/element-x-ios/Chatlio/Sources/Screens/RoomMemberDetailsScreen/View/RoomMemberDetailsScreen.swift (in target 'Chatlio' from project 'Chatlio')
    cd /Users/aadityasingh/Documents/Development/element-x-ios
    

SwiftCompile normal arm64 /Users/aadityasingh/Documents/Development/element-x-ios/Chatlio/Sources/Screens/RoomMemberDetailsScreen/RoomMemberDetailsScreenCoordinator.swift (in target 'Chatlio' from project 'Chatlio')
    cd /Users/aadityasingh/Documents/Development/element-x-ios
    

SwiftCompile normal arm64 /Users/aadityasingh/Documents/Development/element-x-ios/Chatlio/Sources/Screens/RoomMemberDetailsScreen/RoomMemberDetailsScreenModels.swift (in target 'Chatlio' from project 'Chatlio')
    cd /Users/aadityasingh/Documents/Development/element-x-ios
    

SwiftCompile normal arm64 /Users/aadityasingh/Documents/Development/element-x-ios/Chatlio/Sources/Screens/RoomMemberDetailsScreen/RoomMemberDetailsScreenViewModel.swift (in target 'Chatlio' from project 'Chatlio')
    cd /Users/aadityasingh/Documents/Development/element-x-ios
    

SwiftCompile normal arm64 /Users/aadityasingh/Documents/Development/element-x-ios/Chatlio/Sources/Screens/RoomMemberDetailsScreen/RoomMemberDetailsScreenViewModelProtocol.swift (in target 'Chatlio' from project 'Chatlio')
    cd /Users/aadityasingh/Documents/Development/element-x-ios
    

SwiftCompile normal arm64 /Users/aadityasingh/Documents/Development/element-x-ios/Chatlio/Sources/Services/Room/RoomMember/RoomMemberProxy.swift (in target 'Chatlio' from project 'Chatlio')
    cd /Users/aadityasingh/Documents/Development/element-x-ios
    

SwiftCompile normal arm64 /Users/aadityasingh/Documents/Development/element-x-ios/Chatlio/Sources/Services/Room/RoomMember/RoomMemberProxyProtocol.swift (in target 'Chatlio' from project 'Chatlio')
    cd /Users/aadityasingh/Documents/Development/element-x-ios
    

SwiftCompile normal arm64 /Users/aadityasingh/Documents/Development/element-x-ios/Chatlio/Sources/FlowCoordinators/RoomMembersFlowCoordinator.swift (in target 'Chatlio' from project 'Chatlio')
    cd /Users/aadityasingh/Documents/Development/element-x-ios
    

SwiftCompile normal arm64 /Users/aadityasingh/Documents/Development/element-x-ios/Chatlio/Sources/Screens/RoomMemberListScreen/View/RoomMembersListScreen.swift (in target 'Chatlio' from project 'Chatlio')
    cd /Users/aadityasingh/Documents/Development/element-x-ios
    

SwiftCompile normal arm64 /Users/aadityasingh/Documents/Development/element-x-ios/Chatlio/Sources/Screens/RoomMemberListScreen/RoomMembersListScreenCoordinator.swift (in target 'Chatlio' from project 'Chatlio')
    cd /Users/aadityasingh/Documents/Development/element-x-ios
    

SwiftCompile normal arm64 /Users/aadityasingh/Documents/Development/element-x-ios/Chatlio/Sources/Screens/RoomMemberListScreen/View/RoomMembersListScreenMemberCell.swift (in target 'Chatlio' from project 'Chatlio')
    cd /Users/aadityasingh/Documents/Development/element-x-ios
    

SwiftCompile normal arm64 /Users/aadityasingh/Documents/Development/element-x-ios/Chatlio/Sources/Screens/RoomMemberListScreen/RoomMembersListScreenModels.swift (in target 'Chatlio' from project 'Chatlio')
    cd /Users/aadityasingh/Documents/Development/element-x-ios
    

SwiftCompile normal arm64 /Users/aadityasingh/Documents/Development/element-x-ios/Chatlio/Sources/Screens/RoomMemberListScreen/RoomMembersListScreenViewModel.swift (in target 'Chatlio' from project 'Chatlio')
    cd /Users/aadityasingh/Documents/Development/element-x-ios
    

SwiftCompile normal arm64 /Users/aadityasingh/Documents/Development/element-x-ios/Chatlio/Sources/Screens/RoomMemberListScreen/RoomMembersListScreenViewModelProtocol.swift (in target 'Chatlio' from project 'Chatlio')
    cd /Users/aadityasingh/Documents/Development/element-x-ios
    

SwiftCompile normal arm64 /Users/aadityasingh/Documents/Development/element-x-ios/Chatlio/Sources/Services/Room/RoomMembershipDetails/RoomMembershipDetailsProxy.swift (in target 'Chatlio' from project 'Chatlio')
    cd /Users/aadityasingh/Documents/Development/element-x-ios
    

SwiftCompile normal arm64 /Users/aadityasingh/Documents/Development/element-x-ios/Chatlio/Sources/Services/Room/RoomMembershipDetails/RoomMembershipDetailsProxyProtocol.swift (in target 'Chatlio' from project 'Chatlio')
    cd /Users/aadityasingh/Documents/Development/element-x-ios
    

SwiftCompile normal arm64 Compiling\ ReportRoomScreenViewModelProtocol.swift,\ ResolveVerifiedUserSendFailureScreen.swift,\ ResolveVerifiedUserSendFailureScreenCoordinator.swift,\ ResolveVerifiedUserSendFailureScreenModels.swift,\ ResolveVerifiedUserSendFailureScreenViewModel.swift,\ ResolveVerifiedUserSendFailureScreenViewModelProtocol.swift,\ RestorationToken.swift,\ Result.swift,\ Room.swift,\ RoomAttachmentPicker.swift,\ RoomAvatarImage.swift,\ RoomChangePermissionsScreen.swift,\ RoomChangePermissionsScreenCoordinator.swift,\ RoomChangePermissionsScreenModels.swift,\ RoomChangePermissionsScreenViewModel.swift,\ RoomChangePermissionsScreenViewModelProtocol.swift,\ RoomChangeRolesScreen.swift,\ RoomChangeRolesScreenCoordinator.swift,\ RoomChangeRolesScreenModels.swift,\ RoomChangeRolesScreenRow.swift,\ RoomChangeRolesScreenSection.swift,\ RoomChangeRolesScreenSelectedItem.swift,\ RoomChangeRolesScreenViewModel.swift,\ RoomChangeRolesScreenViewModelProtocol.swift /Users/aadityasingh/Documents/Development/element-x-ios/Chatlio/Sources/Screens/ReportRoomScreen/ReportRoomScreenViewModelProtocol.swift /Users/aadityasingh/Documents/Development/element-x-ios/Chatlio/Sources/Screens/ResolveVerifiedUserSendFailureScreen/View/ResolveVerifiedUserSendFailureScreen.swift /Users/aadityasingh/Documents/Development/element-x-ios/Chatlio/Sources/Screens/ResolveVerifiedUserSendFailureScreen/ResolveVerifiedUserSendFailureScreenCoordinator.swift /Users/aadityasingh/Documents/Development/element-x-ios/Chatlio/Sources/Screens/ResolveVerifiedUserSendFailureScreen/ResolveVerifiedUserSendFailureScreenModels.swift /Users/aadityasingh/Documents/Development/element-x-ios/Chatlio/Sources/Screens/ResolveVerifiedUserSendFailureScreen/ResolveVerifiedUserSendFailureScreenViewModel.swift /Users/aadityasingh/Documents/Development/element-x-ios/Chatlio/Sources/Screens/ResolveVerifiedUserSendFailureScreen/ResolveVerifiedUserSendFailureScreenViewModelProtocol.swift /Users/aadityasingh/Documents/Development/element-x-ios/Chatlio/Sources/Services/UserSession/RestorationToken.swift /Users/aadityasingh/Documents/Development/element-x-ios/Chatlio/Sources/Other/Extensions/Result.swift /Users/aadityasingh/Documents/Development/element-x-ios/Chatlio/Sources/Services/Room/Room.swift /Users/aadityasingh/Documents/Development/element-x-ios/Chatlio/Sources/Screens/RoomScreen/ComposerToolbar/View/RoomAttachmentPicker.swift /Users/aadityasingh/Documents/Development/element-x-ios/Chatlio/Sources/Other/SwiftUI/Views/RoomAvatarImage.swift /Users/aadityasingh/Documents/Development/element-x-ios/Chatlio/Sources/Screens/RoomChangePermissionsScreen/View/RoomChangePermissionsScreen.swift /Users/aadityasingh/Documents/Development/element-x-ios/Chatlio/Sources/Screens/RoomChangePermissionsScreen/RoomChangePermissionsScreenCoordinator.swift /Users/aadityasingh/Documents/Development/element-x-ios/Chatlio/Sources/Screens/RoomChangePermissionsScreen/RoomChangePermissionsScreenModels.swift /Users/aadityasingh/Documents/Development/element-x-ios/Chatlio/Sources/Screens/RoomChangePermissionsScreen/RoomChangePermissionsScreenViewModel.swift /Users/aadityasingh/Documents/Development/element-x-ios/Chatlio/Sources/Screens/RoomChangePermissionsScreen/RoomChangePermissionsScreenViewModelProtocol.swift /Users/aadityasingh/Documents/Development/element-x-ios/Chatlio/Sources/Screens/RoomChangeRolesScreen/View/RoomChangeRolesScreen.swift /Users/aadityasingh/Documents/Development/element-x-ios/Chatlio/Sources/Screens/RoomChangeRolesScreen/RoomChangeRolesScreenCoordinator.swift /Users/aadityasingh/Documents/Development/element-x-ios/Chatlio/Sources/Screens/RoomChangeRolesScreen/RoomChangeRolesScreenModels.swift /Users/aadityasingh/Documents/Development/element-x-ios/Chatlio/Sources/Screens/RoomChangeRolesScreen/View/RoomChangeRolesScreenRow.swift /Users/aadityasingh/Documents/Development/element-x-ios/Chatlio/Sources/Screens/RoomChangeRolesScreen/View/RoomChangeRolesScreenSection.swift /Users/aadityasingh/Documents/Development/element-x-ios/Chatlio/Sources/Screens/RoomChangeRolesScreen/View/RoomChangeRolesScreenSelectedItem.swift /Users/aadityasingh/Documents/Development/element-x-ios/Chatlio/Sources/Screens/RoomChangeRolesScreen/RoomChangeRolesScreenViewModel.swift /Users/aadityasingh/Documents/Development/element-x-ios/Chatlio/Sources/Screens/RoomChangeRolesScreen/RoomChangeRolesScreenViewModelProtocol.swift (in target 'Chatlio' from project 'Chatlio')

SwiftCompile normal arm64 /Users/aadityasingh/Documents/Development/element-x-ios/Chatlio/Sources/Screens/ReportRoomScreen/ReportRoomScreenViewModelProtocol.swift (in target 'Chatlio' from project 'Chatlio')
    cd /Users/aadityasingh/Documents/Development/element-x-ios
    

SwiftCompile normal arm64 /Users/aadityasingh/Documents/Development/element-x-ios/Chatlio/Sources/Screens/ResolveVerifiedUserSendFailureScreen/View/ResolveVerifiedUserSendFailureScreen.swift (in target 'Chatlio' from project 'Chatlio')
    cd /Users/aadityasingh/Documents/Development/element-x-ios
    

SwiftCompile normal arm64 /Users/aadityasingh/Documents/Development/element-x-ios/Chatlio/Sources/Screens/ResolveVerifiedUserSendFailureScreen/ResolveVerifiedUserSendFailureScreenCoordinator.swift (in target 'Chatlio' from project 'Chatlio')
    cd /Users/aadityasingh/Documents/Development/element-x-ios
    

SwiftCompile normal arm64 /Users/aadityasingh/Documents/Development/element-x-ios/Chatlio/Sources/Screens/ResolveVerifiedUserSendFailureScreen/ResolveVerifiedUserSendFailureScreenModels.swift (in target 'Chatlio' from project 'Chatlio')
    cd /Users/aadityasingh/Documents/Development/element-x-ios
    

SwiftCompile normal arm64 /Users/aadityasingh/Documents/Development/element-x-ios/Chatlio/Sources/Screens/ResolveVerifiedUserSendFailureScreen/ResolveVerifiedUserSendFailureScreenViewModel.swift (in target 'Chatlio' from project 'Chatlio')
    cd /Users/aadityasingh/Documents/Development/element-x-ios
    

SwiftCompile normal arm64 /Users/aadityasingh/Documents/Development/element-x-ios/Chatlio/Sources/Screens/ResolveVerifiedUserSendFailureScreen/ResolveVerifiedUserSendFailureScreenViewModelProtocol.swift (in target 'Chatlio' from project 'Chatlio')
    cd /Users/aadityasingh/Documents/Development/element-x-ios
    

SwiftCompile normal arm64 /Users/aadityasingh/Documents/Development/element-x-ios/Chatlio/Sources/Services/UserSession/RestorationToken.swift (in target 'Chatlio' from project 'Chatlio')
    cd /Users/aadityasingh/Documents/Development/element-x-ios
    

SwiftCompile normal arm64 /Users/aadityasingh/Documents/Development/element-x-ios/Chatlio/Sources/Other/Extensions/Result.swift (in target 'Chatlio' from project 'Chatlio')
    cd /Users/aadityasingh/Documents/Development/element-x-ios
    

SwiftCompile normal arm64 /Users/aadityasingh/Documents/Development/element-x-ios/Chatlio/Sources/Services/Room/Room.swift (in target 'Chatlio' from project 'Chatlio')
    cd /Users/aadityasingh/Documents/Development/element-x-ios
    

SwiftCompile normal arm64 /Users/aadityasingh/Documents/Development/element-x-ios/Chatlio/Sources/Screens/RoomScreen/ComposerToolbar/View/RoomAttachmentPicker.swift (in target 'Chatlio' from project 'Chatlio')
    cd /Users/aadityasingh/Documents/Development/element-x-ios
    

SwiftCompile normal arm64 /Users/aadityasingh/Documents/Development/element-x-ios/Chatlio/Sources/Other/SwiftUI/Views/RoomAvatarImage.swift (in target 'Chatlio' from project 'Chatlio')
    cd /Users/aadityasingh/Documents/Development/element-x-ios
    

SwiftCompile normal arm64 /Users/aadityasingh/Documents/Development/element-x-ios/Chatlio/Sources/Screens/RoomChangePermissionsScreen/View/RoomChangePermissionsScreen.swift (in target 'Chatlio' from project 'Chatlio')
    cd /Users/aadityasingh/Documents/Development/element-x-ios
    

SwiftCompile normal arm64 /Users/aadityasingh/Documents/Development/element-x-ios/Chatlio/Sources/Screens/RoomChangePermissionsScreen/RoomChangePermissionsScreenCoordinator.swift (in target 'Chatlio' from project 'Chatlio')
    cd /Users/aadityasingh/Documents/Development/element-x-ios
    

SwiftCompile normal arm64 /Users/aadityasingh/Documents/Development/element-x-ios/Chatlio/Sources/Screens/RoomChangePermissionsScreen/RoomChangePermissionsScreenModels.swift (in target 'Chatlio' from project 'Chatlio')
    cd /Users/aadityasingh/Documents/Development/element-x-ios
    

SwiftCompile normal arm64 /Users/aadityasingh/Documents/Development/element-x-ios/Chatlio/Sources/Screens/RoomChangePermissionsScreen/RoomChangePermissionsScreenViewModel.swift (in target 'Chatlio' from project 'Chatlio')
    cd /Users/aadityasingh/Documents/Development/element-x-ios
    

SwiftCompile normal arm64 /Users/aadityasingh/Documents/Development/element-x-ios/Chatlio/Sources/Screens/RoomChangePermissionsScreen/RoomChangePermissionsScreenViewModelProtocol.swift (in target 'Chatlio' from project 'Chatlio')
    cd /Users/aadityasingh/Documents/Development/element-x-ios
    

SwiftCompile normal arm64 /Users/aadityasingh/Documents/Development/element-x-ios/Chatlio/Sources/Screens/RoomChangeRolesScreen/View/RoomChangeRolesScreen.swift (in target 'Chatlio' from project 'Chatlio')
    cd /Users/aadityasingh/Documents/Development/element-x-ios
    

SwiftCompile normal arm64 /Users/aadityasingh/Documents/Development/element-x-ios/Chatlio/Sources/Screens/RoomChangeRolesScreen/RoomChangeRolesScreenCoordinator.swift (in target 'Chatlio' from project 'Chatlio')
    cd /Users/aadityasingh/Documents/Development/element-x-ios
    

SwiftCompile normal arm64 /Users/aadityasingh/Documents/Development/element-x-ios/Chatlio/Sources/Screens/RoomChangeRolesScreen/RoomChangeRolesScreenModels.swift (in target 'Chatlio' from project 'Chatlio')
    cd /Users/aadityasingh/Documents/Development/element-x-ios
    

SwiftCompile normal arm64 /Users/aadityasingh/Documents/Development/element-x-ios/Chatlio/Sources/Screens/RoomChangeRolesScreen/View/RoomChangeRolesScreenRow.swift (in target 'Chatlio' from project 'Chatlio')
    cd /Users/aadityasingh/Documents/Development/element-x-ios
    

SwiftCompile normal arm64 /Users/aadityasingh/Documents/Development/element-x-ios/Chatlio/Sources/Screens/RoomChangeRolesScreen/View/RoomChangeRolesScreenSection.swift (in target 'Chatlio' from project 'Chatlio')
    cd /Users/aadityasingh/Documents/Development/element-x-ios
    

SwiftCompile normal arm64 /Users/aadityasingh/Documents/Development/element-x-ios/Chatlio/Sources/Screens/RoomChangeRolesScreen/View/RoomChangeRolesScreenSelectedItem.swift (in target 'Chatlio' from project 'Chatlio')
    cd /Users/aadityasingh/Documents/Development/element-x-ios
    

SwiftCompile normal arm64 /Users/aadityasingh/Documents/Development/element-x-ios/Chatlio/Sources/Screens/RoomChangeRolesScreen/RoomChangeRolesScreenViewModel.swift (in target 'Chatlio' from project 'Chatlio')
    cd /Users/aadityasingh/Documents/Development/element-x-ios
    

SwiftCompile normal arm64 /Users/aadityasingh/Documents/Development/element-x-ios/Chatlio/Sources/Screens/RoomChangeRolesScreen/RoomChangeRolesScreenViewModelProtocol.swift (in target 'Chatlio' from project 'Chatlio')
    cd /Users/aadityasingh/Documents/Development/element-x-ios
    

SwiftCompile normal arm64 Compiling\ RoomDetails.swift,\ RoomDetailsEditScreen.swift,\ RoomDetailsEditScreenCoordinator.swift,\ RoomDetailsEditScreenModels.swift,\ RoomDetailsEditScreenViewModel.swift,\ RoomDetailsEditScreenViewModelProtocol.swift,\ RoomDetailsScreen.swift,\ RoomDetailsScreenCoordinator.swift,\ RoomDetailsScreenModels.swift,\ RoomDetailsScreenViewModel.swift,\ RoomDetailsScreenViewModelProtocol.swift,\ RoomDirectoryCell.swift,\ RoomDirectorySearchProxy.swift,\ RoomDirectorySearchProxyProtocol.swift,\ RoomDirectorySearchScreen.swift,\ RoomDirectorySearchScreenCoordinator.swift,\ RoomDirectorySearchScreenModels.swift,\ RoomDirectorySearchScreenScreenModelProtocol.swift,\ RoomDirectorySearchScreenViewModel.swift,\ RoomEventStringBuilder.swift,\ RoomFlowCoordinator.swift,\ RoomFlowCoordinatorStateMachine.swift,\ RoomHeaderView.swift,\ RoomHistorySharingState.swift /Users/aadityasingh/Documents/Development/element-x-ios/Chatlio/Sources/Services/Room/RoomDetails.swift /Users/aadityasingh/Documents/Development/element-x-ios/Chatlio/Sources/Screens/RoomDetailsEditScreen/View/RoomDetailsEditScreen.swift /Users/aadityasingh/Documents/Development/element-x-ios/Chatlio/Sources/Screens/RoomDetailsEditScreen/RoomDetailsEditScreenCoordinator.swift /Users/aadityasingh/Documents/Development/element-x-ios/Chatlio/Sources/Screens/RoomDetailsEditScreen/RoomDetailsEditScreenModels.swift /Users/aadityasingh/Documents/Development/element-x-ios/Chatlio/Sources/Screens/RoomDetailsEditScreen/RoomDetailsEditScreenViewModel.swift /Users/aadityasingh/Documents/Development/element-x-ios/Chatlio/Sources/Screens/RoomDetailsEditScreen/RoomDetailsEditScreenViewModelProtocol.swift /Users/aadityasingh/Documents/Development/element-x-ios/Chatlio/Sources/Screens/RoomDetailsScreen/View/RoomDetailsScreen.swift /Users/aadityasingh/Documents/Development/element-x-ios/Chatlio/Sources/Screens/RoomDetailsScreen/RoomDetailsScreenCoordinator.swift /Users/aadityasingh/Documents/Development/element-x-ios/Chatlio/Sources/Screens/RoomDetailsScreen/RoomDetailsScreenModels.swift /Users/aadityasingh/Documents/Development/element-x-ios/Chatlio/Sources/Screens/RoomDetailsScreen/RoomDetailsScreenViewModel.swift /Users/aadityasingh/Documents/Development/element-x-ios/Chatlio/Sources/Screens/RoomDetailsScreen/RoomDetailsScreenViewModelProtocol.swift /Users/aadityasingh/Documents/Development/element-x-ios/Chatlio/Sources/Screens/RoomDirectorySearchScreen/View/RoomDirectoryCell.swift /Users/aadityasingh/Documents/Development/element-x-ios/Chatlio/Sources/Services/RoomDirectorySearch/RoomDirectorySearchProxy.swift /Users/aadityasingh/Documents/Development/element-x-ios/Chatlio/Sources/Services/RoomDirectorySearch/RoomDirectorySearchProxyProtocol.swift /Users/aadityasingh/Documents/Development/element-x-ios/Chatlio/Sources/Screens/RoomDirectorySearchScreen/View/RoomDirectorySearchScreen.swift /Users/aadityasingh/Documents/Development/element-x-ios/Chatlio/Sources/Screens/RoomDirectorySearchScreen/RoomDirectorySearchScreenCoordinator.swift /Users/aadityasingh/Documents/Development/element-x-ios/Chatlio/Sources/Screens/RoomDirectorySearchScreen/RoomDirectorySearchScreenModels.swift /Users/aadityasingh/Documents/Development/element-x-ios/Chatlio/Sources/Screens/RoomDirectorySearchScreen/RoomDirectorySearchScreenScreenModelProtocol.swift /Users/aadityasingh/Documents/Development/element-x-ios/Chatlio/Sources/Screens/RoomDirectorySearchScreen/RoomDirectorySearchScreenViewModel.swift /Users/aadityasingh/Documents/Development/element-x-ios/Chatlio/Sources/Services/Room/RoomSummary/RoomEventStringBuilder.swift /Users/aadityasingh/Documents/Development/element-x-ios/Chatlio/Sources/FlowCoordinators/RoomFlowCoordinator.swift /Users/aadityasingh/Documents/Development/element-x-ios/Chatlio/Sources/FlowCoordinators/RoomFlowCoordinatorStateMachine.swift /Users/aadityasingh/Documents/Development/element-x-ios/Chatlio/Sources/Other/SwiftUI/Views/RoomHeaderView.swift /Users/aadityasingh/Documents/Development/element-x-ios/Chatlio/Sources/Services/Room/RoomHistorySharingState.swift (in target 'Chatlio' from project 'Chatlio')

SwiftCompile normal arm64 /Users/aadityasingh/Documents/Development/element-x-ios/Chatlio/Sources/Services/Room/RoomDetails.swift (in target 'Chatlio' from project 'Chatlio')
    cd /Users/aadityasingh/Documents/Development/element-x-ios
    

SwiftCompile normal arm64 /Users/aadityasingh/Documents/Development/element-x-ios/Chatlio/Sources/Screens/RoomDetailsEditScreen/View/RoomDetailsEditScreen.swift (in target 'Chatlio' from project 'Chatlio')
    cd /Users/aadityasingh/Documents/Development/element-x-ios
    

SwiftCompile normal arm64 /Users/aadityasingh/Documents/Development/element-x-ios/Chatlio/Sources/Screens/RoomDetailsEditScreen/RoomDetailsEditScreenCoordinator.swift (in target 'Chatlio' from project 'Chatlio')
    cd /Users/aadityasingh/Documents/Development/element-x-ios
    

SwiftCompile normal arm64 /Users/aadityasingh/Documents/Development/element-x-ios/Chatlio/Sources/Screens/RoomDetailsEditScreen/RoomDetailsEditScreenModels.swift (in target 'Chatlio' from project 'Chatlio')
    cd /Users/aadityasingh/Documents/Development/element-x-ios
    

SwiftCompile normal arm64 /Users/aadityasingh/Documents/Development/element-x-ios/Chatlio/Sources/Screens/RoomDetailsEditScreen/RoomDetailsEditScreenViewModel.swift (in target 'Chatlio' from project 'Chatlio')
    cd /Users/aadityasingh/Documents/Development/element-x-ios
    

SwiftCompile normal arm64 /Users/aadityasingh/Documents/Development/element-x-ios/Chatlio/Sources/Screens/RoomDetailsEditScreen/RoomDetailsEditScreenViewModelProtocol.swift (in target 'Chatlio' from project 'Chatlio')
    cd /Users/aadityasingh/Documents/Development/element-x-ios
    

SwiftCompile normal arm64 /Users/aadityasingh/Documents/Development/element-x-ios/Chatlio/Sources/Screens/RoomDetailsScreen/View/RoomDetailsScreen.swift (in target 'Chatlio' from project 'Chatlio')
    cd /Users/aadityasingh/Documents/Development/element-x-ios
    

SwiftCompile normal arm64 /Users/aadityasingh/Documents/Development/element-x-ios/Chatlio/Sources/Screens/RoomDetailsScreen/RoomDetailsScreenCoordinator.swift (in target 'Chatlio' from project 'Chatlio')
    cd /Users/aadityasingh/Documents/Development/element-x-ios
    

SwiftCompile normal arm64 /Users/aadityasingh/Documents/Development/element-x-ios/Chatlio/Sources/Screens/RoomDetailsScreen/RoomDetailsScreenModels.swift (in target 'Chatlio' from project 'Chatlio')
    cd /Users/aadityasingh/Documents/Development/element-x-ios
    

SwiftCompile normal arm64 /Users/aadityasingh/Documents/Development/element-x-ios/Chatlio/Sources/Screens/RoomDetailsScreen/RoomDetailsScreenViewModel.swift (in target 'Chatlio' from project 'Chatlio')
    cd /Users/aadityasingh/Documents/Development/element-x-ios
    

SwiftCompile normal arm64 /Users/aadityasingh/Documents/Development/element-x-ios/Chatlio/Sources/Screens/RoomDetailsScreen/RoomDetailsScreenViewModelProtocol.swift (in target 'Chatlio' from project 'Chatlio')
    cd /Users/aadityasingh/Documents/Development/element-x-ios
    

SwiftCompile normal arm64 /Users/aadityasingh/Documents/Development/element-x-ios/Chatlio/Sources/Screens/RoomDirectorySearchScreen/View/RoomDirectoryCell.swift (in target 'Chatlio' from project 'Chatlio')
    cd /Users/aadityasingh/Documents/Development/element-x-ios
    

SwiftCompile normal arm64 /Users/aadityasingh/Documents/Development/element-x-ios/Chatlio/Sources/Services/RoomDirectorySearch/RoomDirectorySearchProxy.swift (in target 'Chatlio' from project 'Chatlio')
    cd /Users/aadityasingh/Documents/Development/element-x-ios
    

SwiftCompile normal arm64 /Users/aadityasingh/Documents/Development/element-x-ios/Chatlio/Sources/Services/RoomDirectorySearch/RoomDirectorySearchProxyProtocol.swift (in target 'Chatlio' from project 'Chatlio')
    cd /Users/aadityasingh/Documents/Development/element-x-ios
    

SwiftCompile normal arm64 /Users/aadityasingh/Documents/Development/element-x-ios/Chatlio/Sources/Screens/RoomDirectorySearchScreen/View/RoomDirectorySearchScreen.swift (in target 'Chatlio' from project 'Chatlio')
    cd /Users/aadityasingh/Documents/Development/element-x-ios
    

SwiftCompile normal arm64 /Users/aadityasingh/Documents/Development/element-x-ios/Chatlio/Sources/Screens/RoomDirectorySearchScreen/RoomDirectorySearchScreenCoordinator.swift (in target 'Chatlio' from project 'Chatlio')
    cd /Users/aadityasingh/Documents/Development/element-x-ios
    

SwiftCompile normal arm64 /Users/aadityasingh/Documents/Development/element-x-ios/Chatlio/Sources/Screens/RoomDirectorySearchScreen/RoomDirectorySearchScreenModels.swift (in target 'Chatlio' from project 'Chatlio')
    cd /Users/aadityasingh/Documents/Development/element-x-ios
    

SwiftCompile normal arm64 /Users/aadityasingh/Documents/Development/element-x-ios/Chatlio/Sources/Screens/RoomDirectorySearchScreen/RoomDirectorySearchScreenScreenModelProtocol.swift (in target 'Chatlio' from project 'Chatlio')
    cd /Users/aadityasingh/Documents/Development/element-x-ios
    

SwiftCompile normal arm64 /Users/aadityasingh/Documents/Development/element-x-ios/Chatlio/Sources/Screens/RoomDirectorySearchScreen/RoomDirectorySearchScreenViewModel.swift (in target 'Chatlio' from project 'Chatlio')
    cd /Users/aadityasingh/Documents/Development/element-x-ios
    

SwiftCompile normal arm64 /Users/aadityasingh/Documents/Development/element-x-ios/Chatlio/Sources/Services/Room/RoomSummary/RoomEventStringBuilder.swift (in target 'Chatlio' from project 'Chatlio')
    cd /Users/aadityasingh/Documents/Development/element-x-ios
    

SwiftCompile normal arm64 /Users/aadityasingh/Documents/Development/element-x-ios/Chatlio/Sources/FlowCoordinators/RoomFlowCoordinator.swift (in target 'Chatlio' from project 'Chatlio')
    cd /Users/aadityasingh/Documents/Development/element-x-ios
    

SwiftCompile normal arm64 /Users/aadityasingh/Documents/Development/element-x-ios/Chatlio/Sources/FlowCoordinators/RoomFlowCoordinatorStateMachine.swift (in target 'Chatlio' from project 'Chatlio')
    cd /Users/aadityasingh/Documents/Development/element-x-ios
    

SwiftCompile normal arm64 /Users/aadityasingh/Documents/Development/element-x-ios/Chatlio/Sources/Other/SwiftUI/Views/RoomHeaderView.swift (in target 'Chatlio' from project 'Chatlio')
    cd /Users/aadityasingh/Documents/Development/element-x-ios
    

SwiftCompile normal arm64 /Users/aadityasingh/Documents/Development/element-x-ios/Chatlio/Sources/Services/Room/RoomHistorySharingState.swift (in target 'Chatlio' from project 'Chatlio')
    cd /Users/aadityasingh/Documents/Development/element-x-ios
    

SwiftCompile normal arm64 Compiling\ PlaybackSpeedButton.swift,\ PollFormScreen.swift,\ PollFormScreenCoordinator.swift,\ PollFormScreenModels.swift,\ PollFormScreenViewModel.swift,\ PollFormScreenViewModelProtocol.swift,\ PollInteractionHandler.swift,\ PollInteractionHandlerProtocol.swift,\ PollOptionView.swift,\ PollRoomTimelineItem.swift,\ PollRoomTimelineView.swift,\ PollView.swift,\ PostHogAnalyticsClient.swift,\ PreviewScrollView.swift,\ ProcessInfo.swift,\ ProgressCursorModifier.swift,\ ProgressMaskModifier.swift,\ ProposedViewSize.swift,\ Publisher.swift,\ QRCodeErrorView.swift,\ QRCodeLoginScreen.swift,\ QRCodeLoginScreenCoordinator.swift,\ QRCodeLoginScreenModels.swift,\ QRCodeLoginScreenViewModel.swift /Users/aadityasingh/Documents/Development/element-x-ios/Chatlio/Sources/Other/VoiceMessage/PlaybackSpeedButton.swift /Users/aadityasingh/Documents/Development/element-x-ios/Chatlio/Sources/Screens/CreatePollScreen/View/PollFormScreen.swift /Users/aadityasingh/Documents/Development/element-x-ios/Chatlio/Sources/Screens/CreatePollScreen/PollFormScreenCoordinator.swift /Users/aadityasingh/Documents/Development/element-x-ios/Chatlio/Sources/Screens/CreatePollScreen/PollFormScreenModels.swift /Users/aadityasingh/Documents/Development/element-x-ios/Chatlio/Sources/Screens/CreatePollScreen/PollFormScreenViewModel.swift /Users/aadityasingh/Documents/Development/element-x-ios/Chatlio/Sources/Screens/CreatePollScreen/PollFormScreenViewModelProtocol.swift /Users/aadityasingh/Documents/Development/element-x-ios/Chatlio/Sources/Services/Polls/PollInteractionHandler.swift /Users/aadityasingh/Documents/Development/element-x-ios/Chatlio/Sources/Services/Polls/PollInteractionHandlerProtocol.swift /Users/aadityasingh/Documents/Development/element-x-ios/Chatlio/Sources/Screens/Timeline/View/Polls/PollOptionView.swift /Users/aadityasingh/Documents/Development/element-x-ios/Chatlio/Sources/Services/Timeline/TimelineItems/Items/Other/PollRoomTimelineItem.swift /Users/aadityasingh/Documents/Development/element-x-ios/Chatlio/Sources/Screens/Timeline/View/TimelineItemViews/PollRoomTimelineView.swift /Users/aadityasingh/Documents/Development/element-x-ios/Chatlio/Sources/Screens/Timeline/View/Polls/PollView.swift /Users/aadityasingh/Documents/Development/element-x-ios/Chatlio/Sources/Services/Analytics/PostHogAnalyticsClient.swift /Users/aadityasingh/Documents/Development/element-x-ios/Chatlio/Sources/Other/SwiftUI/PreviewScrollView.swift /Users/aadityasingh/Documents/Development/element-x-ios/Chatlio/Sources/Other/Extensions/ProcessInfo.swift /Users/aadityasingh/Documents/Development/element-x-ios/Chatlio/Sources/Other/Progress/ProgressCursorModifier.swift /Users/aadityasingh/Documents/Development/element-x-ios/Chatlio/Sources/Other/Progress/ProgressMaskModifier.swift /Users/aadityasingh/Documents/Development/element-x-ios/Chatlio/Sources/Other/Extensions/ProposedViewSize.swift /Users/aadityasingh/Documents/Development/element-x-ios/Chatlio/Sources/Other/Extensions/Publisher.swift /Users/aadityasingh/Documents/Development/element-x-ios/Chatlio/Sources/Screens/QRCodeLoginScreen/View/QRCodeErrorView.swift /Users/aadityasingh/Documents/Development/element-x-ios/Chatlio/Sources/Screens/QRCodeLoginScreen/View/QRCodeLoginScreen.swift /Users/aadityasingh/Documents/Development/element-x-ios/Chatlio/Sources/Screens/QRCodeLoginScreen/QRCodeLoginScreenCoordinator.swift /Users/aadityasingh/Documents/Development/element-x-ios/Chatlio/Sources/Screens/QRCodeLoginScreen/QRCodeLoginScreenModels.swift /Users/aadityasingh/Documents/Development/element-x-ios/Chatlio/Sources/Screens/QRCodeLoginScreen/QRCodeLoginScreenViewModel.swift (in target 'Chatlio' from project 'Chatlio')

note: Run script build phase '🧙 Sourcery - Generate mocks' will be run during every build because the option to run the script phase "Based on dependency analysis" is unchecked. (in target 'Chatlio' from project 'Chatlio')
note: Run script build phase '🧙 Sourcery - Generate Accessibility Tests' will be run during every build because the option to run the script phase "Based on dependency analysis" is unchecked. (in target 'Chatlio' from project 'Chatlio')
note: Run script build phase '🧹 SwiftFormat' will be run during every build because the option to run the script phase "Based on dependency analysis" is unchecked. (in target 'Chatlio' from project 'Chatlio')
note: Run script build phase '🧙 Sourcery - Generate preview tests' will be run during every build because the option to run the script phase "Based on dependency analysis" is unchecked. (in target 'Chatlio' from project 'Chatlio')
note: Run script build phase '⚠️ SwiftLint' will be run during every build because the option to run the script phase "Based on dependency analysis" is unchecked. (in target 'Chatlio' from project 'Chatlio')
note: Run script build phase '🛠 SwiftGen' will be run during every build because the option to run the script phase "Based on dependency analysis" is unchecked. (in target 'Chatlio' from project 'Chatlio')
